Copyright 1986-2022 Xilinx, Inc. All Rights Reserved.
------------------------------------------------------------------------------------------------------------------------------------------------------------------------------------------------------------------------------------------------
| Tool Version : Vivado v.2022.2 (win64) Build 3671981 Fri Oct 14 05:00:03 MDT 2022
| Date         : Mon May 26 12:22:41 2025
| Host         : DESKTOP-11IAEMT running 64-bit major release  (build 9200)
| Command      : report_timing_summary -max_paths 10 -report_unconstrained -file Nexys4DdrUserDemo_timing_summary_routed.rpt -pb Nexys4DdrUserDemo_timing_summary_routed.pb -rpx Nexys4DdrUserDemo_timing_summary_routed.rpx -warn_on_violation
| Design       : Nexys4DdrUserDemo
| Device       : 7a100t-csg324
| Speed File   : -1  PRODUCTION 1.23 2018-06-13
------------------------------------------------------------------------------------------------------------------------------------------------------------------------------------------------------------------------------------------------

Timing Summary Report

------------------------------------------------------------------------------------------------
| Timer Settings
| --------------
------------------------------------------------------------------------------------------------

  Enable Multi Corner Analysis               :  Yes
  Enable Pessimism Removal                   :  Yes
  Pessimism Removal Resolution               :  Nearest Common Node
  Enable Input Delay Default Clock           :  No
  Enable Preset / Clear Arcs                 :  No
  Disable Flight Delays                      :  No
  Ignore I/O Paths                           :  No
  Timing Early Launch at Borrowing Latches   :  No
  Borrow Time for Max Delay Exceptions       :  Yes
  Merge Timing Exceptions                    :  Yes

  Corner  Analyze    Analyze    
  Name    Max Paths  Min Paths  
  ------  ---------  ---------  
  Slow    Yes        Yes        
  Fast    Yes        Yes        


------------------------------------------------------------------------------------------------
| Report Methodology
| ------------------
------------------------------------------------------------------------------------------------

Rule       Severity          Description                                                       Violations  
---------  ----------------  ----------------------------------------------------------------  ----------  
TIMING-6   Critical Warning  No common primary clock between related clocks                    2           
TIMING-56  Warning           Missing logically or physically excluded clock groups constraint  2           

Note: This report is based on the most recent report_methodology run and may not be up-to-date. Run report_methodology on the current design for the latest report.



check_timing report

Table of Contents
-----------------
1. checking no_clock (0)
2. checking constant_clock (0)
3. checking pulse_width_clock (0)
4. checking unconstrained_internal_endpoints (0)
5. checking no_input_delay (0)
6. checking no_output_delay (14)
7. checking multiple_clock (358)
8. checking generated_clocks (0)
9. checking loops (0)
10. checking partial_input_delay (0)
11. checking partial_output_delay (0)
12. checking latch_loops (0)

1. checking no_clock (0)
------------------------
 There are 0 register/latch pins with no clock.


2. checking constant_clock (0)
------------------------------
 There are 0 register/latch pins with constant_clock.


3. checking pulse_width_clock (0)
---------------------------------
 There are 0 register/latch pins which need pulse_width check


4. checking unconstrained_internal_endpoints (0)
------------------------------------------------
 There are 0 pins that are not constrained for maximum delay.

 There are 0 pins that are not constrained for maximum delay due to constant clock.


5. checking no_input_delay (0)
------------------------------
 There are 0 input ports with no input delay specified.

 There are 0 input ports with no input delay but user has a false path constraint.


6. checking no_output_delay (14)
--------------------------------
 There are 14 ports with no output delay specified. (HIGH)

 There are 0 ports with no output delay but user has a false path constraint

 There are 0 ports with no output delay but with a timing clock defined on it or propagating through it


7. checking multiple_clock (358)
--------------------------------
 There are 358 register/latch pins with multiple clocks. (HIGH)


8. checking generated_clocks (0)
--------------------------------
 There are 0 generated clocks that are not connected to a clock source.


9. checking loops (0)
---------------------
 There are 0 combinational loops in the design.


10. checking partial_input_delay (0)
------------------------------------
 There are 0 input ports with partial input delay specified.


11. checking partial_output_delay (0)
-------------------------------------
 There are 0 ports with partial output delay specified.


12. checking latch_loops (0)
----------------------------
 There are 0 combinational latch loops in the design through latch input



------------------------------------------------------------------------------------------------
| Design Timing Summary
| ---------------------
------------------------------------------------------------------------------------------------

    WNS(ns)      TNS(ns)  TNS Failing Endpoints  TNS Total Endpoints      WHS(ns)      THS(ns)  THS Failing Endpoints  THS Total Endpoints     WPWS(ns)     TPWS(ns)  TPWS Failing Endpoints  TPWS Total Endpoints  
    -------      -------  ---------------------  -------------------      -------      -------  ---------------------  -------------------     --------     --------  ----------------------  --------------------  
      0.098        0.000                      0                 1138        0.069        0.000                      0                 1138        3.000        0.000                       0                   364  


All user specified timing constraints are met.


------------------------------------------------------------------------------------------------
| Clock Summary
| -------------
------------------------------------------------------------------------------------------------

Clock                    Waveform(ns)         Period(ns)      Frequency(MHz)
-----                    ------------         ----------      --------------
clk_i                    {0.000 5.000}        10.000          100.000         
  clk_100MHz_o_ClkGen    {0.000 4.632}        9.263           107.955         
  clkfbout_ClkGen        {0.000 5.000}        10.000          100.000         
sys_clk_pin              {0.000 5.000}        10.000          100.000         
  clk_100MHz_o_ClkGen_1  {0.000 4.632}        9.263           107.955         
  clkfbout_ClkGen_1      {0.000 5.000}        10.000          100.000         


------------------------------------------------------------------------------------------------
| Intra Clock Table
| -----------------
------------------------------------------------------------------------------------------------

Clock                        WNS(ns)      TNS(ns)  TNS Failing Endpoints  TNS Total Endpoints      WHS(ns)      THS(ns)  THS Failing Endpoints  THS Total Endpoints     WPWS(ns)     TPWS(ns)  TPWS Failing Endpoints  TPWS Total Endpoints  
-----                        -------      -------  ---------------------  -------------------      -------      -------  ---------------------  -------------------     --------     --------  ----------------------  --------------------  
clk_i                                                                                                                                                                      3.000        0.000                       0                     1  
  clk_100MHz_o_ClkGen          0.098        0.000                      0                 1138        0.136        0.000                      0                 1138        4.132        0.000                       0                   360  
  clkfbout_ClkGen                                                                                                                                                          7.845        0.000                       0                     3  
sys_clk_pin                                                                                                                                                                3.000        0.000                       0                     1  
  clk_100MHz_o_ClkGen_1        0.099        0.000                      0                 1138        0.136        0.000                      0                 1138        4.132        0.000                       0                   360  
  clkfbout_ClkGen_1                                                                                                                                                        7.845        0.000                       0                     3  


------------------------------------------------------------------------------------------------
| Inter Clock Table
| -----------------
------------------------------------------------------------------------------------------------

From Clock             To Clock                   WNS(ns)      TNS(ns)  TNS Failing Endpoints  TNS Total Endpoints      WHS(ns)      THS(ns)  THS Failing Endpoints  THS Total Endpoints  
----------             --------                   -------      -------  ---------------------  -------------------      -------      -------  ---------------------  -------------------  
clk_100MHz_o_ClkGen_1  clk_100MHz_o_ClkGen          0.098        0.000                      0                 1138        0.069        0.000                      0                 1138  
clk_100MHz_o_ClkGen    clk_100MHz_o_ClkGen_1        0.098        0.000                      0                 1138        0.069        0.000                      0                 1138  


------------------------------------------------------------------------------------------------
| Other Path Groups Table
| -----------------------
------------------------------------------------------------------------------------------------

Path Group    From Clock    To Clock          WNS(ns)      TNS(ns)  TNS Failing Endpoints  TNS Total Endpoints      WHS(ns)      THS(ns)  THS Failing Endpoints  THS Total Endpoints  
----------    ----------    --------          -------      -------  ---------------------  -------------------      -------      -------  ---------------------  -------------------  


------------------------------------------------------------------------------------------------
| User Ignored Path Table
| -----------------------
------------------------------------------------------------------------------------------------

Path Group    From Clock    To Clock    
----------    ----------    --------    


------------------------------------------------------------------------------------------------
| Unconstrained Path Table
| ------------------------
------------------------------------------------------------------------------------------------

Path Group             From Clock             To Clock             
----------             ----------             --------             
(none)                 clk_100MHz_o_ClkGen                           
(none)                 clk_100MHz_o_ClkGen_1                         
(none)                 clkfbout_ClkGen                               
(none)                 clkfbout_ClkGen_1                             


------------------------------------------------------------------------------------------------
| Timing Details
| --------------
------------------------------------------------------------------------------------------------


---------------------------------------------------------------------------------------------------
From Clock:  clk_i
  To Clock:  clk_i

Setup :           NA  Failing Endpoints,  Worst Slack           NA  ,  Total Violation           NA
Hold  :           NA  Failing Endpoints,  Worst Slack           NA  ,  Total Violation           NA
PW    :            0  Failing Endpoints,  Worst Slack        3.000ns,  Total Violation        0.000ns
---------------------------------------------------------------------------------------------------


Pulse Width Checks
--------------------------------------------------------------------------------------
Clock Name:         clk_i
Waveform(ns):       { 0.000 5.000 }
Period(ns):         10.000
Sources:            { clk_i }

Check Type        Corner  Lib Pin            Reference Pin  Required(ns)  Actual(ns)  Slack(ns)  Location         Pin
Min Period        n/a     MMCME2_ADV/CLKIN1  n/a            1.249         10.000      8.751      MMCME2_ADV_X1Y2  Inst_ClkGen/inst/mmcm_adv_inst/CLKIN1
Max Period        n/a     MMCME2_ADV/CLKIN1  n/a            100.000       10.000      90.000     MMCME2_ADV_X1Y2  Inst_ClkGen/inst/mmcm_adv_inst/CLKIN1
Low Pulse Width   Slow    MMCME2_ADV/CLKIN1  n/a            2.000         5.000       3.000      MMCME2_ADV_X1Y2  Inst_ClkGen/inst/mmcm_adv_inst/CLKIN1
Low Pulse Width   Fast    MMCME2_ADV/CLKIN1  n/a            2.000         5.000       3.000      MMCME2_ADV_X1Y2  Inst_ClkGen/inst/mmcm_adv_inst/CLKIN1
High Pulse Width  Slow    MMCME2_ADV/CLKIN1  n/a            2.000         5.000       3.000      MMCME2_ADV_X1Y2  Inst_ClkGen/inst/mmcm_adv_inst/CLKIN1
High Pulse Width  Fast    MMCME2_ADV/CLKIN1  n/a            2.000         5.000       3.000      MMCME2_ADV_X1Y2  Inst_ClkGen/inst/mmcm_adv_inst/CLKIN1



---------------------------------------------------------------------------------------------------
From Clock:  clk_100MHz_o_ClkGen
  To Clock:  clk_100MHz_o_ClkGen

Setup :            0  Failing Endpoints,  Worst Slack        0.098ns,  Total Violation        0.000ns
Hold  :            0  Failing Endpoints,  Worst Slack        0.136ns,  Total Violation        0.000ns
PW    :            0  Failing Endpoints,  Worst Slack        4.132ns,  Total Violation        0.000ns
---------------------------------------------------------------------------------------------------


Max Delay Paths
--------------------------------------------------------------------------------------
Slack (MET) :             0.098ns  (required time - arrival time)
  Source:                 Inst_VGA/Inst_OverlayCtrl/addr_cntr_reg_reg_rep_rep[1]_rep/C
                            (rising edge-triggered cell FDRE clocked by clk_100MHz_o_ClkGen  {rise@0.000ns fall@4.632ns period=9.263ns})
  Destination:            Inst_VGA/Inst_OverlayCtrl/data_dummy_reg[0]/D
                            (rising edge-triggered cell FDRE clocked by clk_100MHz_o_ClkGen  {rise@0.000ns fall@4.632ns period=9.263ns})
  Path Group:             clk_100MHz_o_ClkGen
  Path Type:              Setup (Max at Slow Process Corner)
  Requirement:            9.263ns  (clk_100MHz_o_ClkGen rise@9.263ns - clk_100MHz_o_ClkGen rise@0.000ns)
  Data Path Delay:        9.090ns  (logic 2.479ns (27.271%)  route 6.611ns (72.729%))
  Logic Levels:           10  (LUT3=1 LUT4=2 LUT5=1 LUT6=5 MUXF7=1)
  Clock Path Skew:        -0.039ns (DCD - SCD + CPR)
    Destination Clock Delay (DCD):    -1.452ns = ( 7.811 - 9.263 ) 
    Source Clock Delay      (SCD):    -0.853ns
    Clock Pessimism Removal (CPR):    0.560ns
  Clock Uncertainty:      0.067ns  ((TSJ^2 + DJ^2)^1/2) / 2 + PE
    Total System Jitter     (TSJ):    0.071ns
    Discrete Jitter          (DJ):    0.115ns
    Phase Error              (PE):    0.000ns

    Location             Delay type                Incr(ns)  Path(ns)    Netlist Resource(s)
  -------------------------------------------------------------------    -------------------
                         (clock clk_100MHz_o_ClkGen rise edge)
                                                      0.000     0.000 r  
    E3                                                0.000     0.000 r  clk_i (IN)
                         net (fo=0)                   0.000     0.000    Inst_ClkGen/inst/clk_100MHz_i
    E3                   IBUF (Prop_ibuf_I_O)         1.482     1.482 r  Inst_ClkGen/inst/clkin1_ibufg/O
                         net (fo=1, routed)           1.233     2.715    Inst_ClkGen/inst/clk_100MHz_i_ClkGen
    MMCME2_ADV_X1Y2      MMCME2_ADV (Prop_mmcme2_adv_CLKIN1_CLKOUT0)
                                                     -7.070    -4.355 r  Inst_ClkGen/inst/mmcm_adv_inst/CLKOUT0
                         net (fo=1, routed)           1.719    -2.636    Inst_ClkGen/inst/clk_100MHz_o_ClkGen
    BUFGCTRL_X0Y16       BUFG (Prop_bufg_I_O)         0.096    -2.540 r  Inst_ClkGen/inst/clkout1_buf/O
                         net (fo=358, routed)         1.687    -0.853    Inst_VGA/Inst_OverlayCtrl/clk_100MHz_o
    SLICE_X78Y126        FDRE                                         r  Inst_VGA/Inst_OverlayCtrl/addr_cntr_reg_reg_rep_rep[1]_rep/C
  -------------------------------------------------------------------    -------------------
    SLICE_X78Y126        FDRE (Prop_fdre_C_Q)         0.518    -0.335 r  Inst_VGA/Inst_OverlayCtrl/addr_cntr_reg_reg_rep_rep[1]_rep/Q
                         net (fo=91, routed)          1.053     0.718    Inst_VGA/Inst_OverlayCtrl/addr_cntr_reg_reg_rep_rep[1]_rep_n_0
    SLICE_X78Y126        LUT4 (Prop_lut4_I2_O)        0.150     0.868 r  Inst_VGA/Inst_OverlayCtrl/p_0_out_inferred__2/data_dummy[0]_i_1314/O
                         net (fo=16, routed)          0.517     1.385    Inst_VGA/Inst_OverlayCtrl/p_0_out_inferred__2/data_dummy[0]_i_1314_n_0
    SLICE_X78Y125        LUT6 (Prop_lut6_I3_O)        0.328     1.713 r  Inst_VGA/Inst_OverlayCtrl/p_0_out_inferred__2/data_dummy[0]_i_685/O
                         net (fo=41, routed)          1.052     2.765    Inst_VGA/Inst_OverlayCtrl/p_0_out_inferred__2/data_dummy[0]_i_685_n_0
    SLICE_X78Y129        LUT4 (Prop_lut4_I2_O)        0.148     2.913 r  Inst_VGA/Inst_OverlayCtrl/p_0_out_inferred__2/data_dummy[0]_i_898/O
                         net (fo=1, routed)           0.718     3.631    Inst_VGA/Inst_OverlayCtrl/p_0_out_inferred__2/data_dummy[0]_i_898_n_0
    SLICE_X78Y129        LUT5 (Prop_lut5_I4_O)        0.328     3.959 r  Inst_VGA/Inst_OverlayCtrl/p_0_out_inferred__2/data_dummy[0]_i_423/O
                         net (fo=1, routed)           0.953     4.912    Inst_VGA/Inst_OverlayCtrl/p_0_out_inferred__2/data_dummy[0]_i_423_n_0
    SLICE_X74Y129        LUT6 (Prop_lut6_I0_O)        0.124     5.036 r  Inst_VGA/Inst_OverlayCtrl/p_0_out_inferred__2/data_dummy[0]_i_143/O
                         net (fo=1, routed)           0.858     5.895    Inst_VGA/Inst_OverlayCtrl/p_0_out_inferred__2/data_dummy[0]_i_143_n_0
    SLICE_X74Y129        LUT6 (Prop_lut6_I3_O)        0.124     6.019 r  Inst_VGA/Inst_OverlayCtrl/p_0_out_inferred__2/data_dummy[0]_i_44/O
                         net (fo=1, routed)           0.448     6.466    Inst_VGA/Inst_OverlayCtrl/p_0_out_inferred__2/data_dummy[0]_i_44_n_0
    SLICE_X73Y129        LUT3 (Prop_lut3_I2_O)        0.124     6.590 r  Inst_VGA/Inst_OverlayCtrl/p_0_out_inferred__2/data_dummy[0]_i_15/O
                         net (fo=1, routed)           0.434     7.024    Inst_VGA/Inst_OverlayCtrl/p_0_out_inferred__2/data_dummy[0]_i_15_n_0
    SLICE_X73Y130        LUT6 (Prop_lut6_I5_O)        0.124     7.148 r  Inst_VGA/Inst_OverlayCtrl/p_0_out_inferred__2/data_dummy[0]_i_5/O
                         net (fo=1, routed)           0.000     7.148    Inst_VGA/Inst_OverlayCtrl/p_0_out_inferred__2/data_dummy[0]_i_5_n_0
    SLICE_X73Y130        MUXF7 (Prop_muxf7_I0_O)      0.212     7.360 r  Inst_VGA/Inst_OverlayCtrl/data_dummy_reg[0]_i_2/O
                         net (fo=1, routed)           0.578     7.938    Inst_VGA/Inst_OverlayCtrl/data_dummy_reg[0]_i_2_n_0
    SLICE_X73Y131        LUT6 (Prop_lut6_I0_O)        0.299     8.237 r  Inst_VGA/Inst_OverlayCtrl/data_dummy[0]_i_1/O
                         net (fo=1, routed)           0.000     8.237    Inst_VGA/Inst_OverlayCtrl/data_dummy[0]_i_1_n_0
    SLICE_X73Y131        FDRE                                         r  Inst_VGA/Inst_OverlayCtrl/data_dummy_reg[0]/D
  -------------------------------------------------------------------    -------------------

                         (clock clk_100MHz_o_ClkGen rise edge)
                                                      9.263     9.263 r  
    E3                                                0.000     9.263 r  clk_i (IN)
                         net (fo=0)                   0.000     9.263    Inst_ClkGen/inst/clk_100MHz_i
    E3                   IBUF (Prop_ibuf_I_O)         1.411    10.674 r  Inst_ClkGen/inst/clkin1_ibufg/O
                         net (fo=1, routed)           1.162    11.836    Inst_ClkGen/inst/clk_100MHz_i_ClkGen
    MMCME2_ADV_X1Y2      MMCME2_ADV (Prop_mmcme2_adv_CLKIN1_CLKOUT0)
                                                     -7.324     4.512 r  Inst_ClkGen/inst/mmcm_adv_inst/CLKOUT0
                         net (fo=1, routed)           1.639     6.152    Inst_ClkGen/inst/clk_100MHz_o_ClkGen
    BUFGCTRL_X0Y16       BUFG (Prop_bufg_I_O)         0.091     6.243 r  Inst_ClkGen/inst/clkout1_buf/O
                         net (fo=358, routed)         1.569     7.811    Inst_VGA/Inst_OverlayCtrl/clk_100MHz_o
    SLICE_X73Y131        FDRE                                         r  Inst_VGA/Inst_OverlayCtrl/data_dummy_reg[0]/C
                         clock pessimism              0.560     8.371    
                         clock uncertainty           -0.067     8.304    
    SLICE_X73Y131        FDRE (Setup_fdre_C_D)        0.032     8.336    Inst_VGA/Inst_OverlayCtrl/data_dummy_reg[0]
  -------------------------------------------------------------------
                         required time                          8.336    
                         arrival time                          -8.237    
  -------------------------------------------------------------------
                         slack                                  0.098    

Slack (MET) :             1.872ns  (required time - arrival time)
  Source:                 Inst_VGA/Inst_LogoDisplay/Inst_BRAM_1/U0/inst_blk_mem_gen/gnbram.gnativebmg.native_blk_mem_gen/valid.cstr/has_mux_a.A/no_softecc_sel_reg.ce_pri.sel_pipe_reg[1]/C
                            (rising edge-triggered cell FDRE clocked by clk_100MHz_o_ClkGen  {rise@0.000ns fall@4.632ns period=9.263ns})
  Destination:            Inst_VGA/logo_blue_dly_reg[3]/D
                            (rising edge-triggered cell FDRE clocked by clk_100MHz_o_ClkGen  {rise@0.000ns fall@4.632ns period=9.263ns})
  Path Group:             clk_100MHz_o_ClkGen
  Path Type:              Setup (Max at Slow Process Corner)
  Requirement:            9.263ns  (clk_100MHz_o_ClkGen rise@9.263ns - clk_100MHz_o_ClkGen rise@0.000ns)
  Data Path Delay:        7.298ns  (logic 1.148ns (15.730%)  route 6.150ns (84.270%))
  Logic Levels:           3  (LUT5=1 LUT6=1 MUXF7=1)
  Clock Path Skew:        -0.105ns (DCD - SCD + CPR)
    Destination Clock Delay (DCD):    -1.508ns = ( 7.755 - 9.263 ) 
    Source Clock Delay      (SCD):    -0.923ns
    Clock Pessimism Removal (CPR):    0.480ns
  Clock Uncertainty:      0.067ns  ((TSJ^2 + DJ^2)^1/2) / 2 + PE
    Total System Jitter     (TSJ):    0.071ns
    Discrete Jitter          (DJ):    0.115ns
    Phase Error              (PE):    0.000ns

    Location             Delay type                Incr(ns)  Path(ns)    Netlist Resource(s)
  -------------------------------------------------------------------    -------------------
                         (clock clk_100MHz_o_ClkGen rise edge)
                                                      0.000     0.000 r  
    E3                                                0.000     0.000 r  clk_i (IN)
                         net (fo=0)                   0.000     0.000    Inst_ClkGen/inst/clk_100MHz_i
    E3                   IBUF (Prop_ibuf_I_O)         1.482     1.482 r  Inst_ClkGen/inst/clkin1_ibufg/O
                         net (fo=1, routed)           1.233     2.715    Inst_ClkGen/inst/clk_100MHz_i_ClkGen
    MMCME2_ADV_X1Y2      MMCME2_ADV (Prop_mmcme2_adv_CLKIN1_CLKOUT0)
                                                     -7.070    -4.355 r  Inst_ClkGen/inst/mmcm_adv_inst/CLKOUT0
                         net (fo=1, routed)           1.719    -2.636    Inst_ClkGen/inst/clk_100MHz_o_ClkGen
    BUFGCTRL_X0Y16       BUFG (Prop_bufg_I_O)         0.096    -2.540 r  Inst_ClkGen/inst/clkout1_buf/O
                         net (fo=358, routed)         1.617    -0.923    Inst_VGA/Inst_LogoDisplay/Inst_BRAM_1/U0/inst_blk_mem_gen/gnbram.gnativebmg.native_blk_mem_gen/valid.cstr/has_mux_a.A/clka
    SLICE_X66Y104        FDRE                                         r  Inst_VGA/Inst_LogoDisplay/Inst_BRAM_1/U0/inst_blk_mem_gen/gnbram.gnativebmg.native_blk_mem_gen/valid.cstr/has_mux_a.A/no_softecc_sel_reg.ce_pri.sel_pipe_reg[1]/C
  -------------------------------------------------------------------    -------------------
    SLICE_X66Y104        FDRE (Prop_fdre_C_Q)         0.518    -0.405 r  Inst_VGA/Inst_LogoDisplay/Inst_BRAM_1/U0/inst_blk_mem_gen/gnbram.gnativebmg.native_blk_mem_gen/valid.cstr/has_mux_a.A/no_softecc_sel_reg.ce_pri.sel_pipe_reg[1]/Q
                         net (fo=54, routed)          3.810     3.404    Inst_VGA/Inst_LogoDisplay/Inst_BRAM_1/U0/inst_blk_mem_gen/gnbram.gnativebmg.native_blk_mem_gen/valid.cstr/has_mux_a.A/sel_pipe[1]
    SLICE_X62Y65         LUT6 (Prop_lut6_I2_O)        0.124     3.528 r  Inst_VGA/Inst_LogoDisplay/Inst_BRAM_1/U0/inst_blk_mem_gen/gnbram.gnativebmg.native_blk_mem_gen/valid.cstr/has_mux_a.A/douta[3]_INST_0_i_4/O
                         net (fo=1, routed)           0.000     3.528    Inst_VGA/Inst_LogoDisplay/Inst_BRAM_1/U0/inst_blk_mem_gen/gnbram.gnativebmg.native_blk_mem_gen/valid.cstr/has_mux_a.A/douta[3]_INST_0_i_4_n_0
    SLICE_X62Y65         MUXF7 (Prop_muxf7_I0_O)      0.209     3.737 r  Inst_VGA/Inst_LogoDisplay/Inst_BRAM_1/U0/inst_blk_mem_gen/gnbram.gnativebmg.native_blk_mem_gen/valid.cstr/has_mux_a.A/douta[3]_INST_0_i_1/O
                         net (fo=1, routed)           2.341     6.078    Inst_VGA/Inst_LogoDisplay/Inst_BRAM_1/U0/inst_blk_mem_gen/gnbram.gnativebmg.native_blk_mem_gen/valid.cstr/has_mux_a.A/douta[3]_INST_0_i_1_n_0
    SLICE_X70Y96         LUT5 (Prop_lut5_I0_O)        0.297     6.375 r  Inst_VGA/Inst_LogoDisplay/Inst_BRAM_1/U0/inst_blk_mem_gen/gnbram.gnativebmg.native_blk_mem_gen/valid.cstr/has_mux_a.A/douta[3]_INST_0/O
                         net (fo=1, routed)           0.000     6.375    Inst_VGA/logo_blue[3]
    SLICE_X70Y96         FDRE                                         r  Inst_VGA/logo_blue_dly_reg[3]/D
  -------------------------------------------------------------------    -------------------

                         (clock clk_100MHz_o_ClkGen rise edge)
                                                      9.263     9.263 r  
    E3                                                0.000     9.263 r  clk_i (IN)
                         net (fo=0)                   0.000     9.263    Inst_ClkGen/inst/clk_100MHz_i
    E3                   IBUF (Prop_ibuf_I_O)         1.411    10.674 r  Inst_ClkGen/inst/clkin1_ibufg/O
                         net (fo=1, routed)           1.162    11.836    Inst_ClkGen/inst/clk_100MHz_i_ClkGen
    MMCME2_ADV_X1Y2      MMCME2_ADV (Prop_mmcme2_adv_CLKIN1_CLKOUT0)
                                                     -7.324     4.512 r  Inst_ClkGen/inst/mmcm_adv_inst/CLKOUT0
                         net (fo=1, routed)           1.639     6.152    Inst_ClkGen/inst/clk_100MHz_o_ClkGen
    BUFGCTRL_X0Y16       BUFG (Prop_bufg_I_O)         0.091     6.243 r  Inst_ClkGen/inst/clkout1_buf/O
                         net (fo=358, routed)         1.512     7.755    Inst_VGA/clk_100MHz_o
    SLICE_X70Y96         FDRE                                         r  Inst_VGA/logo_blue_dly_reg[3]/C
                         clock pessimism              0.480     8.235    
                         clock uncertainty           -0.067     8.168    
    SLICE_X70Y96         FDRE (Setup_fdre_C_D)        0.079     8.247    Inst_VGA/logo_blue_dly_reg[3]
  -------------------------------------------------------------------
                         required time                          8.247    
                         arrival time                          -6.375    
  -------------------------------------------------------------------
                         slack                                  1.872    

Slack (MET) :             2.111ns  (required time - arrival time)
  Source:                 Inst_VGA/Inst_LogoDisplay/Inst_BRAM_1/U0/inst_blk_mem_gen/gnbram.gnativebmg.native_blk_mem_gen/valid.cstr/has_mux_a.A/no_softecc_sel_reg.ce_pri.sel_pipe_reg[0]/C
                            (rising edge-triggered cell FDRE clocked by clk_100MHz_o_ClkGen  {rise@0.000ns fall@4.632ns period=9.263ns})
  Destination:            Inst_VGA/logo_green_dly_reg[3]/D
                            (rising edge-triggered cell FDRE clocked by clk_100MHz_o_ClkGen  {rise@0.000ns fall@4.632ns period=9.263ns})
  Path Group:             clk_100MHz_o_ClkGen
  Path Type:              Setup (Max at Slow Process Corner)
  Requirement:            9.263ns  (clk_100MHz_o_ClkGen rise@9.263ns - clk_100MHz_o_ClkGen rise@0.000ns)
  Data Path Delay:        7.094ns  (logic 1.153ns (16.253%)  route 5.941ns (83.747%))
  Logic Levels:           3  (LUT5=2 MUXF7=1)
  Clock Path Skew:        -0.022ns (DCD - SCD + CPR)
    Destination Clock Delay (DCD):    -1.425ns = ( 7.838 - 9.263 ) 
    Source Clock Delay      (SCD):    -0.923ns
    Clock Pessimism Removal (CPR):    0.480ns
  Clock Uncertainty:      0.067ns  ((TSJ^2 + DJ^2)^1/2) / 2 + PE
    Total System Jitter     (TSJ):    0.071ns
    Discrete Jitter          (DJ):    0.115ns
    Phase Error              (PE):    0.000ns

    Location             Delay type                Incr(ns)  Path(ns)    Netlist Resource(s)
  -------------------------------------------------------------------    -------------------
                         (clock clk_100MHz_o_ClkGen rise edge)
                                                      0.000     0.000 r  
    E3                                                0.000     0.000 r  clk_i (IN)
                         net (fo=0)                   0.000     0.000    Inst_ClkGen/inst/clk_100MHz_i
    E3                   IBUF (Prop_ibuf_I_O)         1.482     1.482 r  Inst_ClkGen/inst/clkin1_ibufg/O
                         net (fo=1, routed)           1.233     2.715    Inst_ClkGen/inst/clk_100MHz_i_ClkGen
    MMCME2_ADV_X1Y2      MMCME2_ADV (Prop_mmcme2_adv_CLKIN1_CLKOUT0)
                                                     -7.070    -4.355 r  Inst_ClkGen/inst/mmcm_adv_inst/CLKOUT0
                         net (fo=1, routed)           1.719    -2.636    Inst_ClkGen/inst/clk_100MHz_o_ClkGen
    BUFGCTRL_X0Y16       BUFG (Prop_bufg_I_O)         0.096    -2.540 r  Inst_ClkGen/inst/clkout1_buf/O
                         net (fo=358, routed)         1.617    -0.923    Inst_VGA/Inst_LogoDisplay/Inst_BRAM_1/U0/inst_blk_mem_gen/gnbram.gnativebmg.native_blk_mem_gen/valid.cstr/has_mux_a.A/clka
    SLICE_X66Y104        FDRE                                         r  Inst_VGA/Inst_LogoDisplay/Inst_BRAM_1/U0/inst_blk_mem_gen/gnbram.gnativebmg.native_blk_mem_gen/valid.cstr/has_mux_a.A/no_softecc_sel_reg.ce_pri.sel_pipe_reg[0]/C
  -------------------------------------------------------------------    -------------------
    SLICE_X66Y104        FDRE (Prop_fdre_C_Q)         0.518    -0.405 r  Inst_VGA/Inst_LogoDisplay/Inst_BRAM_1/U0/inst_blk_mem_gen/gnbram.gnativebmg.native_blk_mem_gen/valid.cstr/has_mux_a.A/no_softecc_sel_reg.ce_pri.sel_pipe_reg[0]/Q
                         net (fo=54, routed)          3.830     3.425    Inst_VGA/Inst_LogoDisplay/Inst_BRAM_1/U0/inst_blk_mem_gen/gnbram.gnativebmg.native_blk_mem_gen/valid.cstr/has_mux_a.A/sel_pipe[0]
    SLICE_X62Y66         LUT5 (Prop_lut5_I3_O)        0.124     3.549 r  Inst_VGA/Inst_LogoDisplay/Inst_BRAM_1/U0/inst_blk_mem_gen/gnbram.gnativebmg.native_blk_mem_gen/valid.cstr/has_mux_a.A/douta[7]_INST_0_i_5/O
                         net (fo=1, routed)           0.000     3.549    Inst_VGA/Inst_LogoDisplay/Inst_BRAM_1/U0/inst_blk_mem_gen/gnbram.gnativebmg.native_blk_mem_gen/valid.cstr/has_mux_a.A/douta[7]_INST_0_i_5_n_0
    SLICE_X62Y66         MUXF7 (Prop_muxf7_I1_O)      0.214     3.763 r  Inst_VGA/Inst_LogoDisplay/Inst_BRAM_1/U0/inst_blk_mem_gen/gnbram.gnativebmg.native_blk_mem_gen/valid.cstr/has_mux_a.A/douta[7]_INST_0_i_1/O
                         net (fo=1, routed)           2.111     5.874    Inst_VGA/Inst_LogoDisplay/Inst_BRAM_1/U0/inst_blk_mem_gen/gnbram.gnativebmg.native_blk_mem_gen/valid.cstr/has_mux_a.A/douta[7]_INST_0_i_1_n_0
    SLICE_X72Y95         LUT5 (Prop_lut5_I0_O)        0.297     6.171 r  Inst_VGA/Inst_LogoDisplay/Inst_BRAM_1/U0/inst_blk_mem_gen/gnbram.gnativebmg.native_blk_mem_gen/valid.cstr/has_mux_a.A/douta[7]_INST_0/O
                         net (fo=1, routed)           0.000     6.171    Inst_VGA/logo_green[3]
    SLICE_X72Y95         FDRE                                         r  Inst_VGA/logo_green_dly_reg[3]/D
  -------------------------------------------------------------------    -------------------

                         (clock clk_100MHz_o_ClkGen rise edge)
                                                      9.263     9.263 r  
    E3                                                0.000     9.263 r  clk_i (IN)
                         net (fo=0)                   0.000     9.263    Inst_ClkGen/inst/clk_100MHz_i
    E3                   IBUF (Prop_ibuf_I_O)         1.411    10.674 r  Inst_ClkGen/inst/clkin1_ibufg/O
                         net (fo=1, routed)           1.162    11.836    Inst_ClkGen/inst/clk_100MHz_i_ClkGen
    MMCME2_ADV_X1Y2      MMCME2_ADV (Prop_mmcme2_adv_CLKIN1_CLKOUT0)
                                                     -7.324     4.512 r  Inst_ClkGen/inst/mmcm_adv_inst/CLKOUT0
                         net (fo=1, routed)           1.639     6.152    Inst_ClkGen/inst/clk_100MHz_o_ClkGen
    BUFGCTRL_X0Y16       BUFG (Prop_bufg_I_O)         0.091     6.243 r  Inst_ClkGen/inst/clkout1_buf/O
                         net (fo=358, routed)         1.595     7.838    Inst_VGA/clk_100MHz_o
    SLICE_X72Y95         FDRE                                         r  Inst_VGA/logo_green_dly_reg[3]/C
                         clock pessimism              0.480     8.318    
                         clock uncertainty           -0.067     8.251    
    SLICE_X72Y95         FDRE (Setup_fdre_C_D)        0.031     8.282    Inst_VGA/logo_green_dly_reg[3]
  -------------------------------------------------------------------
                         required time                          8.282    
                         arrival time                          -6.171    
  -------------------------------------------------------------------
                         slack                                  2.111    

Slack (MET) :             2.248ns  (required time - arrival time)
  Source:                 Inst_VGA/h_cntr_reg_dly_reg[9]/C
                            (rising edge-triggered cell FDRE clocked by clk_100MHz_o_ClkGen  {rise@0.000ns fall@4.632ns period=9.263ns})
  Destination:            Inst_VGA/Inst_OverlayCtrl/addr_cntr_reg_reg_rep_rep_rep[2]__2/R
                            (rising edge-triggered cell FDRE clocked by clk_100MHz_o_ClkGen  {rise@0.000ns fall@4.632ns period=9.263ns})
  Path Group:             clk_100MHz_o_ClkGen
  Path Type:              Setup (Max at Slow Process Corner)
  Requirement:            9.263ns  (clk_100MHz_o_ClkGen rise@9.263ns - clk_100MHz_o_ClkGen rise@0.000ns)
  Data Path Delay:        6.458ns  (logic 1.552ns (24.031%)  route 4.906ns (75.969%))
  Logic Levels:           4  (CARRY4=1 LUT2=1 LUT5=1 LUT6=1)
  Clock Path Skew:        -0.061ns (DCD - SCD + CPR)
    Destination Clock Delay (DCD):    -1.545ns = ( 7.718 - 9.263 ) 
    Source Clock Delay      (SCD):    -0.924ns
    Clock Pessimism Removal (CPR):    0.560ns
  Clock Uncertainty:      0.067ns  ((TSJ^2 + DJ^2)^1/2) / 2 + PE
    Total System Jitter     (TSJ):    0.071ns
    Discrete Jitter          (DJ):    0.115ns
    Phase Error              (PE):    0.000ns

    Location             Delay type                Incr(ns)  Path(ns)    Netlist Resource(s)
  -------------------------------------------------------------------    -------------------
                         (clock clk_100MHz_o_ClkGen rise edge)
                                                      0.000     0.000 r  
    E3                                                0.000     0.000 r  clk_i (IN)
                         net (fo=0)                   0.000     0.000    Inst_ClkGen/inst/clk_100MHz_i
    E3                   IBUF (Prop_ibuf_I_O)         1.482     1.482 r  Inst_ClkGen/inst/clkin1_ibufg/O
                         net (fo=1, routed)           1.233     2.715    Inst_ClkGen/inst/clk_100MHz_i_ClkGen
    MMCME2_ADV_X1Y2      MMCME2_ADV (Prop_mmcme2_adv_CLKIN1_CLKOUT0)
                                                     -7.070    -4.355 r  Inst_ClkGen/inst/mmcm_adv_inst/CLKOUT0
                         net (fo=1, routed)           1.719    -2.636    Inst_ClkGen/inst/clk_100MHz_o_ClkGen
    BUFGCTRL_X0Y16       BUFG (Prop_bufg_I_O)         0.096    -2.540 r  Inst_ClkGen/inst/clkout1_buf/O
                         net (fo=358, routed)         1.616    -0.924    Inst_VGA/clk_100MHz_o
    SLICE_X66Y108        FDRE                                         r  Inst_VGA/h_cntr_reg_dly_reg[9]/C
  -------------------------------------------------------------------    -------------------
    SLICE_X66Y108        FDRE (Prop_fdre_C_Q)         0.518    -0.406 f  Inst_VGA/h_cntr_reg_dly_reg[9]/Q
                         net (fo=10, routed)          0.825     0.419    Inst_VGA/Inst_OverlayCtrl/Q[1]
    SLICE_X68Y108        LUT2 (Prop_lut2_I1_O)        0.124     0.543 r  Inst_VGA/Inst_OverlayCtrl/addr_cntr_reg_rep_rep_rep[17]_i_11/O
                         net (fo=1, routed)           0.000     0.543    Inst_VGA/Inst_OverlayCtrl/addr_cntr_reg_rep_rep_rep[17]_i_11_n_0
    SLICE_X68Y108        CARRY4 (Prop_carry4_S[0]_CO[1])
                                                      0.457     1.000 r  Inst_VGA/Inst_OverlayCtrl/addr_cntr_reg_reg_rep_rep_rep[17]_i_8/CO[1]
                         net (fo=3, routed)           1.809     2.809    Inst_VGA/Inst_OverlayCtrl/CO[0]
    SLICE_X75Y125        LUT6 (Prop_lut6_I1_O)        0.329     3.138 r  Inst_VGA/Inst_OverlayCtrl/addr_cntr_reg_rep_rep_rep[17]_i_6/O
                         net (fo=1, routed)           0.502     3.640    Inst_VGA/Inst_OverlayCtrl/addr_cntr_reg_rep_rep_rep[17]_i_6_n_0
    SLICE_X75Y126        LUT5 (Prop_lut5_I2_O)        0.124     3.764 r  Inst_VGA/Inst_OverlayCtrl/addr_cntr_reg_rep_rep_rep[17]_i_1/O
                         net (fo=145, routed)         1.771     5.534    Inst_VGA/Inst_OverlayCtrl/addr_cntr_reg_rep_rep_rep[17]_i_1_n_0
    SLICE_X61Y125        FDRE                                         r  Inst_VGA/Inst_OverlayCtrl/addr_cntr_reg_reg_rep_rep_rep[2]__2/R
  -------------------------------------------------------------------    -------------------

                         (clock clk_100MHz_o_ClkGen rise edge)
                                                      9.263     9.263 r  
    E3                                                0.000     9.263 r  clk_i (IN)
                         net (fo=0)                   0.000     9.263    Inst_ClkGen/inst/clk_100MHz_i
    E3                   IBUF (Prop_ibuf_I_O)         1.411    10.674 r  Inst_ClkGen/inst/clkin1_ibufg/O
                         net (fo=1, routed)           1.162    11.836    Inst_ClkGen/inst/clk_100MHz_i_ClkGen
    MMCME2_ADV_X1Y2      MMCME2_ADV (Prop_mmcme2_adv_CLKIN1_CLKOUT0)
                                                     -7.324     4.512 r  Inst_ClkGen/inst/mmcm_adv_inst/CLKOUT0
                         net (fo=1, routed)           1.639     6.152    Inst_ClkGen/inst/clk_100MHz_o_ClkGen
    BUFGCTRL_X0Y16       BUFG (Prop_bufg_I_O)         0.091     6.243 r  Inst_ClkGen/inst/clkout1_buf/O
                         net (fo=358, routed)         1.476     7.718    Inst_VGA/Inst_OverlayCtrl/clk_100MHz_o
    SLICE_X61Y125        FDRE                                         r  Inst_VGA/Inst_OverlayCtrl/addr_cntr_reg_reg_rep_rep_rep[2]__2/C
                         clock pessimism              0.560     8.278    
                         clock uncertainty           -0.067     8.211    
    SLICE_X61Y125        FDRE (Setup_fdre_C_R)       -0.429     7.782    Inst_VGA/Inst_OverlayCtrl/addr_cntr_reg_reg_rep_rep_rep[2]__2
  -------------------------------------------------------------------
                         required time                          7.782    
                         arrival time                          -5.534    
  -------------------------------------------------------------------
                         slack                                  2.248    

Slack (MET) :             2.248ns  (required time - arrival time)
  Source:                 Inst_VGA/h_cntr_reg_dly_reg[9]/C
                            (rising edge-triggered cell FDRE clocked by clk_100MHz_o_ClkGen  {rise@0.000ns fall@4.632ns period=9.263ns})
  Destination:            Inst_VGA/Inst_OverlayCtrl/addr_cntr_reg_reg_rep_rep_rep[3]__2/R
                            (rising edge-triggered cell FDRE clocked by clk_100MHz_o_ClkGen  {rise@0.000ns fall@4.632ns period=9.263ns})
  Path Group:             clk_100MHz_o_ClkGen
  Path Type:              Setup (Max at Slow Process Corner)
  Requirement:            9.263ns  (clk_100MHz_o_ClkGen rise@9.263ns - clk_100MHz_o_ClkGen rise@0.000ns)
  Data Path Delay:        6.458ns  (logic 1.552ns (24.031%)  route 4.906ns (75.969%))
  Logic Levels:           4  (CARRY4=1 LUT2=1 LUT5=1 LUT6=1)
  Clock Path Skew:        -0.061ns (DCD - SCD + CPR)
    Destination Clock Delay (DCD):    -1.545ns = ( 7.718 - 9.263 ) 
    Source Clock Delay      (SCD):    -0.924ns
    Clock Pessimism Removal (CPR):    0.560ns
  Clock Uncertainty:      0.067ns  ((TSJ^2 + DJ^2)^1/2) / 2 + PE
    Total System Jitter     (TSJ):    0.071ns
    Discrete Jitter          (DJ):    0.115ns
    Phase Error              (PE):    0.000ns

    Location             Delay type                Incr(ns)  Path(ns)    Netlist Resource(s)
  -------------------------------------------------------------------    -------------------
                         (clock clk_100MHz_o_ClkGen rise edge)
                                                      0.000     0.000 r  
    E3                                                0.000     0.000 r  clk_i (IN)
                         net (fo=0)                   0.000     0.000    Inst_ClkGen/inst/clk_100MHz_i
    E3                   IBUF (Prop_ibuf_I_O)         1.482     1.482 r  Inst_ClkGen/inst/clkin1_ibufg/O
                         net (fo=1, routed)           1.233     2.715    Inst_ClkGen/inst/clk_100MHz_i_ClkGen
    MMCME2_ADV_X1Y2      MMCME2_ADV (Prop_mmcme2_adv_CLKIN1_CLKOUT0)
                                                     -7.070    -4.355 r  Inst_ClkGen/inst/mmcm_adv_inst/CLKOUT0
                         net (fo=1, routed)           1.719    -2.636    Inst_ClkGen/inst/clk_100MHz_o_ClkGen
    BUFGCTRL_X0Y16       BUFG (Prop_bufg_I_O)         0.096    -2.540 r  Inst_ClkGen/inst/clkout1_buf/O
                         net (fo=358, routed)         1.616    -0.924    Inst_VGA/clk_100MHz_o
    SLICE_X66Y108        FDRE                                         r  Inst_VGA/h_cntr_reg_dly_reg[9]/C
  -------------------------------------------------------------------    -------------------
    SLICE_X66Y108        FDRE (Prop_fdre_C_Q)         0.518    -0.406 f  Inst_VGA/h_cntr_reg_dly_reg[9]/Q
                         net (fo=10, routed)          0.825     0.419    Inst_VGA/Inst_OverlayCtrl/Q[1]
    SLICE_X68Y108        LUT2 (Prop_lut2_I1_O)        0.124     0.543 r  Inst_VGA/Inst_OverlayCtrl/addr_cntr_reg_rep_rep_rep[17]_i_11/O
                         net (fo=1, routed)           0.000     0.543    Inst_VGA/Inst_OverlayCtrl/addr_cntr_reg_rep_rep_rep[17]_i_11_n_0
    SLICE_X68Y108        CARRY4 (Prop_carry4_S[0]_CO[1])
                                                      0.457     1.000 r  Inst_VGA/Inst_OverlayCtrl/addr_cntr_reg_reg_rep_rep_rep[17]_i_8/CO[1]
                         net (fo=3, routed)           1.809     2.809    Inst_VGA/Inst_OverlayCtrl/CO[0]
    SLICE_X75Y125        LUT6 (Prop_lut6_I1_O)        0.329     3.138 r  Inst_VGA/Inst_OverlayCtrl/addr_cntr_reg_rep_rep_rep[17]_i_6/O
                         net (fo=1, routed)           0.502     3.640    Inst_VGA/Inst_OverlayCtrl/addr_cntr_reg_rep_rep_rep[17]_i_6_n_0
    SLICE_X75Y126        LUT5 (Prop_lut5_I2_O)        0.124     3.764 r  Inst_VGA/Inst_OverlayCtrl/addr_cntr_reg_rep_rep_rep[17]_i_1/O
                         net (fo=145, routed)         1.771     5.534    Inst_VGA/Inst_OverlayCtrl/addr_cntr_reg_rep_rep_rep[17]_i_1_n_0
    SLICE_X61Y125        FDRE                                         r  Inst_VGA/Inst_OverlayCtrl/addr_cntr_reg_reg_rep_rep_rep[3]__2/R
  -------------------------------------------------------------------    -------------------

                         (clock clk_100MHz_o_ClkGen rise edge)
                                                      9.263     9.263 r  
    E3                                                0.000     9.263 r  clk_i (IN)
                         net (fo=0)                   0.000     9.263    Inst_ClkGen/inst/clk_100MHz_i
    E3                   IBUF (Prop_ibuf_I_O)         1.411    10.674 r  Inst_ClkGen/inst/clkin1_ibufg/O
                         net (fo=1, routed)           1.162    11.836    Inst_ClkGen/inst/clk_100MHz_i_ClkGen
    MMCME2_ADV_X1Y2      MMCME2_ADV (Prop_mmcme2_adv_CLKIN1_CLKOUT0)
                                                     -7.324     4.512 r  Inst_ClkGen/inst/mmcm_adv_inst/CLKOUT0
                         net (fo=1, routed)           1.639     6.152    Inst_ClkGen/inst/clk_100MHz_o_ClkGen
    BUFGCTRL_X0Y16       BUFG (Prop_bufg_I_O)         0.091     6.243 r  Inst_ClkGen/inst/clkout1_buf/O
                         net (fo=358, routed)         1.476     7.718    Inst_VGA/Inst_OverlayCtrl/clk_100MHz_o
    SLICE_X61Y125        FDRE                                         r  Inst_VGA/Inst_OverlayCtrl/addr_cntr_reg_reg_rep_rep_rep[3]__2/C
                         clock pessimism              0.560     8.278    
                         clock uncertainty           -0.067     8.211    
    SLICE_X61Y125        FDRE (Setup_fdre_C_R)       -0.429     7.782    Inst_VGA/Inst_OverlayCtrl/addr_cntr_reg_reg_rep_rep_rep[3]__2
  -------------------------------------------------------------------
                         required time                          7.782    
                         arrival time                          -5.534    
  -------------------------------------------------------------------
                         slack                                  2.248    

Slack (MET) :             2.279ns  (required time - arrival time)
  Source:                 Inst_VGA/h_cntr_reg_dly_reg[9]/C
                            (rising edge-triggered cell FDRE clocked by clk_100MHz_o_ClkGen  {rise@0.000ns fall@4.632ns period=9.263ns})
  Destination:            Inst_VGA/Inst_OverlayCtrl/addr_cntr_reg_reg_rep_rep_rep[0]_rep/R
                            (rising edge-triggered cell FDRE clocked by clk_100MHz_o_ClkGen  {rise@0.000ns fall@4.632ns period=9.263ns})
  Path Group:             clk_100MHz_o_ClkGen
  Path Type:              Setup (Max at Slow Process Corner)
  Requirement:            9.263ns  (clk_100MHz_o_ClkGen rise@9.263ns - clk_100MHz_o_ClkGen rise@0.000ns)
  Data Path Delay:        6.445ns  (logic 1.552ns (24.083%)  route 4.893ns (75.917%))
  Logic Levels:           4  (CARRY4=1 LUT2=1 LUT5=1 LUT6=1)
  Clock Path Skew:        -0.043ns (DCD - SCD + CPR)
    Destination Clock Delay (DCD):    -1.527ns = ( 7.736 - 9.263 ) 
    Source Clock Delay      (SCD):    -0.924ns
    Clock Pessimism Removal (CPR):    0.560ns
  Clock Uncertainty:      0.067ns  ((TSJ^2 + DJ^2)^1/2) / 2 + PE
    Total System Jitter     (TSJ):    0.071ns
    Discrete Jitter          (DJ):    0.115ns
    Phase Error              (PE):    0.000ns

    Location             Delay type                Incr(ns)  Path(ns)    Netlist Resource(s)
  -------------------------------------------------------------------    -------------------
                         (clock clk_100MHz_o_ClkGen rise edge)
                                                      0.000     0.000 r  
    E3                                                0.000     0.000 r  clk_i (IN)
                         net (fo=0)                   0.000     0.000    Inst_ClkGen/inst/clk_100MHz_i
    E3                   IBUF (Prop_ibuf_I_O)         1.482     1.482 r  Inst_ClkGen/inst/clkin1_ibufg/O
                         net (fo=1, routed)           1.233     2.715    Inst_ClkGen/inst/clk_100MHz_i_ClkGen
    MMCME2_ADV_X1Y2      MMCME2_ADV (Prop_mmcme2_adv_CLKIN1_CLKOUT0)
                                                     -7.070    -4.355 r  Inst_ClkGen/inst/mmcm_adv_inst/CLKOUT0
                         net (fo=1, routed)           1.719    -2.636    Inst_ClkGen/inst/clk_100MHz_o_ClkGen
    BUFGCTRL_X0Y16       BUFG (Prop_bufg_I_O)         0.096    -2.540 r  Inst_ClkGen/inst/clkout1_buf/O
                         net (fo=358, routed)         1.616    -0.924    Inst_VGA/clk_100MHz_o
    SLICE_X66Y108        FDRE                                         r  Inst_VGA/h_cntr_reg_dly_reg[9]/C
  -------------------------------------------------------------------    -------------------
    SLICE_X66Y108        FDRE (Prop_fdre_C_Q)         0.518    -0.406 f  Inst_VGA/h_cntr_reg_dly_reg[9]/Q
                         net (fo=10, routed)          0.825     0.419    Inst_VGA/Inst_OverlayCtrl/Q[1]
    SLICE_X68Y108        LUT2 (Prop_lut2_I1_O)        0.124     0.543 r  Inst_VGA/Inst_OverlayCtrl/addr_cntr_reg_rep_rep_rep[17]_i_11/O
                         net (fo=1, routed)           0.000     0.543    Inst_VGA/Inst_OverlayCtrl/addr_cntr_reg_rep_rep_rep[17]_i_11_n_0
    SLICE_X68Y108        CARRY4 (Prop_carry4_S[0]_CO[1])
                                                      0.457     1.000 r  Inst_VGA/Inst_OverlayCtrl/addr_cntr_reg_reg_rep_rep_rep[17]_i_8/CO[1]
                         net (fo=3, routed)           1.809     2.809    Inst_VGA/Inst_OverlayCtrl/CO[0]
    SLICE_X75Y125        LUT6 (Prop_lut6_I1_O)        0.329     3.138 r  Inst_VGA/Inst_OverlayCtrl/addr_cntr_reg_rep_rep_rep[17]_i_6/O
                         net (fo=1, routed)           0.502     3.640    Inst_VGA/Inst_OverlayCtrl/addr_cntr_reg_rep_rep_rep[17]_i_6_n_0
    SLICE_X75Y126        LUT5 (Prop_lut5_I2_O)        0.124     3.764 r  Inst_VGA/Inst_OverlayCtrl/addr_cntr_reg_rep_rep_rep[17]_i_1/O
                         net (fo=145, routed)         1.757     5.520    Inst_VGA/Inst_OverlayCtrl/addr_cntr_reg_rep_rep_rep[17]_i_1_n_0
    SLICE_X69Y139        FDRE                                         r  Inst_VGA/Inst_OverlayCtrl/addr_cntr_reg_reg_rep_rep_rep[0]_rep/R
  -------------------------------------------------------------------    -------------------

                         (clock clk_100MHz_o_ClkGen rise edge)
                                                      9.263     9.263 r  
    E3                                                0.000     9.263 r  clk_i (IN)
                         net (fo=0)                   0.000     9.263    Inst_ClkGen/inst/clk_100MHz_i
    E3                   IBUF (Prop_ibuf_I_O)         1.411    10.674 r  Inst_ClkGen/inst/clkin1_ibufg/O
                         net (fo=1, routed)           1.162    11.836    Inst_ClkGen/inst/clk_100MHz_i_ClkGen
    MMCME2_ADV_X1Y2      MMCME2_ADV (Prop_mmcme2_adv_CLKIN1_CLKOUT0)
                                                     -7.324     4.512 r  Inst_ClkGen/inst/mmcm_adv_inst/CLKOUT0
                         net (fo=1, routed)           1.639     6.152    Inst_ClkGen/inst/clk_100MHz_o_ClkGen
    BUFGCTRL_X0Y16       BUFG (Prop_bufg_I_O)         0.091     6.243 r  Inst_ClkGen/inst/clkout1_buf/O
                         net (fo=358, routed)         1.494     7.736    Inst_VGA/Inst_OverlayCtrl/clk_100MHz_o
    SLICE_X69Y139        FDRE                                         r  Inst_VGA/Inst_OverlayCtrl/addr_cntr_reg_reg_rep_rep_rep[0]_rep/C
                         clock pessimism              0.560     8.296    
                         clock uncertainty           -0.067     8.229    
    SLICE_X69Y139        FDRE (Setup_fdre_C_R)       -0.429     7.800    Inst_VGA/Inst_OverlayCtrl/addr_cntr_reg_reg_rep_rep_rep[0]_rep
  -------------------------------------------------------------------
                         required time                          7.800    
                         arrival time                          -5.520    
  -------------------------------------------------------------------
                         slack                                  2.279    

Slack (MET) :             2.378ns  (required time - arrival time)
  Source:                 Inst_VGA/h_cntr_reg_dly_reg[9]/C
                            (rising edge-triggered cell FDRE clocked by clk_100MHz_o_ClkGen  {rise@0.000ns fall@4.632ns period=9.263ns})
  Destination:            Inst_VGA/Inst_OverlayCtrl/addr_cntr_reg_reg_rep_rep_rep[17]__2/R
                            (rising edge-triggered cell FDRE clocked by clk_100MHz_o_ClkGen  {rise@0.000ns fall@4.632ns period=9.263ns})
  Path Group:             clk_100MHz_o_ClkGen
  Path Type:              Setup (Max at Slow Process Corner)
  Requirement:            9.263ns  (clk_100MHz_o_ClkGen rise@9.263ns - clk_100MHz_o_ClkGen rise@0.000ns)
  Data Path Delay:        6.242ns  (logic 1.552ns (24.865%)  route 4.690ns (75.135%))
  Logic Levels:           4  (CARRY4=1 LUT2=1 LUT5=1 LUT6=1)
  Clock Path Skew:        -0.052ns (DCD - SCD + CPR)
    Destination Clock Delay (DCD):    -1.536ns = ( 7.727 - 9.263 ) 
    Source Clock Delay      (SCD):    -0.924ns
    Clock Pessimism Removal (CPR):    0.560ns
  Clock Uncertainty:      0.067ns  ((TSJ^2 + DJ^2)^1/2) / 2 + PE
    Total System Jitter     (TSJ):    0.071ns
    Discrete Jitter          (DJ):    0.115ns
    Phase Error              (PE):    0.000ns

    Location             Delay type                Incr(ns)  Path(ns)    Netlist Resource(s)
  -------------------------------------------------------------------    -------------------
                         (clock clk_100MHz_o_ClkGen rise edge)
                                                      0.000     0.000 r  
    E3                                                0.000     0.000 r  clk_i (IN)
                         net (fo=0)                   0.000     0.000    Inst_ClkGen/inst/clk_100MHz_i
    E3                   IBUF (Prop_ibuf_I_O)         1.482     1.482 r  Inst_ClkGen/inst/clkin1_ibufg/O
                         net (fo=1, routed)           1.233     2.715    Inst_ClkGen/inst/clk_100MHz_i_ClkGen
    MMCME2_ADV_X1Y2      MMCME2_ADV (Prop_mmcme2_adv_CLKIN1_CLKOUT0)
                                                     -7.070    -4.355 r  Inst_ClkGen/inst/mmcm_adv_inst/CLKOUT0
                         net (fo=1, routed)           1.719    -2.636    Inst_ClkGen/inst/clk_100MHz_o_ClkGen
    BUFGCTRL_X0Y16       BUFG (Prop_bufg_I_O)         0.096    -2.540 r  Inst_ClkGen/inst/clkout1_buf/O
                         net (fo=358, routed)         1.616    -0.924    Inst_VGA/clk_100MHz_o
    SLICE_X66Y108        FDRE                                         r  Inst_VGA/h_cntr_reg_dly_reg[9]/C
  -------------------------------------------------------------------    -------------------
    SLICE_X66Y108        FDRE (Prop_fdre_C_Q)         0.518    -0.406 f  Inst_VGA/h_cntr_reg_dly_reg[9]/Q
                         net (fo=10, routed)          0.825     0.419    Inst_VGA/Inst_OverlayCtrl/Q[1]
    SLICE_X68Y108        LUT2 (Prop_lut2_I1_O)        0.124     0.543 r  Inst_VGA/Inst_OverlayCtrl/addr_cntr_reg_rep_rep_rep[17]_i_11/O
                         net (fo=1, routed)           0.000     0.543    Inst_VGA/Inst_OverlayCtrl/addr_cntr_reg_rep_rep_rep[17]_i_11_n_0
    SLICE_X68Y108        CARRY4 (Prop_carry4_S[0]_CO[1])
                                                      0.457     1.000 r  Inst_VGA/Inst_OverlayCtrl/addr_cntr_reg_reg_rep_rep_rep[17]_i_8/CO[1]
                         net (fo=3, routed)           1.809     2.809    Inst_VGA/Inst_OverlayCtrl/CO[0]
    SLICE_X75Y125        LUT6 (Prop_lut6_I1_O)        0.329     3.138 r  Inst_VGA/Inst_OverlayCtrl/addr_cntr_reg_rep_rep_rep[17]_i_6/O
                         net (fo=1, routed)           0.502     3.640    Inst_VGA/Inst_OverlayCtrl/addr_cntr_reg_rep_rep_rep[17]_i_6_n_0
    SLICE_X75Y126        LUT5 (Prop_lut5_I2_O)        0.124     3.764 r  Inst_VGA/Inst_OverlayCtrl/addr_cntr_reg_rep_rep_rep[17]_i_1/O
                         net (fo=145, routed)         1.554     5.318    Inst_VGA/Inst_OverlayCtrl/addr_cntr_reg_rep_rep_rep[17]_i_1_n_0
    SLICE_X70Y129        FDRE                                         r  Inst_VGA/Inst_OverlayCtrl/addr_cntr_reg_reg_rep_rep_rep[17]__2/R
  -------------------------------------------------------------------    -------------------

                         (clock clk_100MHz_o_ClkGen rise edge)
                                                      9.263     9.263 r  
    E3                                                0.000     9.263 r  clk_i (IN)
                         net (fo=0)                   0.000     9.263    Inst_ClkGen/inst/clk_100MHz_i
    E3                   IBUF (Prop_ibuf_I_O)         1.411    10.674 r  Inst_ClkGen/inst/clkin1_ibufg/O
                         net (fo=1, routed)           1.162    11.836    Inst_ClkGen/inst/clk_100MHz_i_ClkGen
    MMCME2_ADV_X1Y2      MMCME2_ADV (Prop_mmcme2_adv_CLKIN1_CLKOUT0)
                                                     -7.324     4.512 r  Inst_ClkGen/inst/mmcm_adv_inst/CLKOUT0
                         net (fo=1, routed)           1.639     6.152    Inst_ClkGen/inst/clk_100MHz_o_ClkGen
    BUFGCTRL_X0Y16       BUFG (Prop_bufg_I_O)         0.091     6.243 r  Inst_ClkGen/inst/clkout1_buf/O
                         net (fo=358, routed)         1.485     7.727    Inst_VGA/Inst_OverlayCtrl/clk_100MHz_o
    SLICE_X70Y129        FDRE                                         r  Inst_VGA/Inst_OverlayCtrl/addr_cntr_reg_reg_rep_rep_rep[17]__2/C
                         clock pessimism              0.560     8.287    
                         clock uncertainty           -0.067     8.220    
    SLICE_X70Y129        FDRE (Setup_fdre_C_R)       -0.524     7.696    Inst_VGA/Inst_OverlayCtrl/addr_cntr_reg_reg_rep_rep_rep[17]__2
  -------------------------------------------------------------------
                         required time                          7.696    
                         arrival time                          -5.318    
  -------------------------------------------------------------------
                         slack                                  2.378    

Slack (MET) :             2.378ns  (required time - arrival time)
  Source:                 Inst_VGA/h_cntr_reg_dly_reg[9]/C
                            (rising edge-triggered cell FDRE clocked by clk_100MHz_o_ClkGen  {rise@0.000ns fall@4.632ns period=9.263ns})
  Destination:            Inst_VGA/Inst_OverlayCtrl/addr_cntr_reg_reg_rep_rep_rep[9]__0/R
                            (rising edge-triggered cell FDRE clocked by clk_100MHz_o_ClkGen  {rise@0.000ns fall@4.632ns period=9.263ns})
  Path Group:             clk_100MHz_o_ClkGen
  Path Type:              Setup (Max at Slow Process Corner)
  Requirement:            9.263ns  (clk_100MHz_o_ClkGen rise@9.263ns - clk_100MHz_o_ClkGen rise@0.000ns)
  Data Path Delay:        6.242ns  (logic 1.552ns (24.865%)  route 4.690ns (75.135%))
  Logic Levels:           4  (CARRY4=1 LUT2=1 LUT5=1 LUT6=1)
  Clock Path Skew:        -0.052ns (DCD - SCD + CPR)
    Destination Clock Delay (DCD):    -1.536ns = ( 7.727 - 9.263 ) 
    Source Clock Delay      (SCD):    -0.924ns
    Clock Pessimism Removal (CPR):    0.560ns
  Clock Uncertainty:      0.067ns  ((TSJ^2 + DJ^2)^1/2) / 2 + PE
    Total System Jitter     (TSJ):    0.071ns
    Discrete Jitter          (DJ):    0.115ns
    Phase Error              (PE):    0.000ns

    Location             Delay type                Incr(ns)  Path(ns)    Netlist Resource(s)
  -------------------------------------------------------------------    -------------------
                         (clock clk_100MHz_o_ClkGen rise edge)
                                                      0.000     0.000 r  
    E3                                                0.000     0.000 r  clk_i (IN)
                         net (fo=0)                   0.000     0.000    Inst_ClkGen/inst/clk_100MHz_i
    E3                   IBUF (Prop_ibuf_I_O)         1.482     1.482 r  Inst_ClkGen/inst/clkin1_ibufg/O
                         net (fo=1, routed)           1.233     2.715    Inst_ClkGen/inst/clk_100MHz_i_ClkGen
    MMCME2_ADV_X1Y2      MMCME2_ADV (Prop_mmcme2_adv_CLKIN1_CLKOUT0)
                                                     -7.070    -4.355 r  Inst_ClkGen/inst/mmcm_adv_inst/CLKOUT0
                         net (fo=1, routed)           1.719    -2.636    Inst_ClkGen/inst/clk_100MHz_o_ClkGen
    BUFGCTRL_X0Y16       BUFG (Prop_bufg_I_O)         0.096    -2.540 r  Inst_ClkGen/inst/clkout1_buf/O
                         net (fo=358, routed)         1.616    -0.924    Inst_VGA/clk_100MHz_o
    SLICE_X66Y108        FDRE                                         r  Inst_VGA/h_cntr_reg_dly_reg[9]/C
  -------------------------------------------------------------------    -------------------
    SLICE_X66Y108        FDRE (Prop_fdre_C_Q)         0.518    -0.406 f  Inst_VGA/h_cntr_reg_dly_reg[9]/Q
                         net (fo=10, routed)          0.825     0.419    Inst_VGA/Inst_OverlayCtrl/Q[1]
    SLICE_X68Y108        LUT2 (Prop_lut2_I1_O)        0.124     0.543 r  Inst_VGA/Inst_OverlayCtrl/addr_cntr_reg_rep_rep_rep[17]_i_11/O
                         net (fo=1, routed)           0.000     0.543    Inst_VGA/Inst_OverlayCtrl/addr_cntr_reg_rep_rep_rep[17]_i_11_n_0
    SLICE_X68Y108        CARRY4 (Prop_carry4_S[0]_CO[1])
                                                      0.457     1.000 r  Inst_VGA/Inst_OverlayCtrl/addr_cntr_reg_reg_rep_rep_rep[17]_i_8/CO[1]
                         net (fo=3, routed)           1.809     2.809    Inst_VGA/Inst_OverlayCtrl/CO[0]
    SLICE_X75Y125        LUT6 (Prop_lut6_I1_O)        0.329     3.138 r  Inst_VGA/Inst_OverlayCtrl/addr_cntr_reg_rep_rep_rep[17]_i_6/O
                         net (fo=1, routed)           0.502     3.640    Inst_VGA/Inst_OverlayCtrl/addr_cntr_reg_rep_rep_rep[17]_i_6_n_0
    SLICE_X75Y126        LUT5 (Prop_lut5_I2_O)        0.124     3.764 r  Inst_VGA/Inst_OverlayCtrl/addr_cntr_reg_rep_rep_rep[17]_i_1/O
                         net (fo=145, routed)         1.554     5.318    Inst_VGA/Inst_OverlayCtrl/addr_cntr_reg_rep_rep_rep[17]_i_1_n_0
    SLICE_X70Y129        FDRE                                         r  Inst_VGA/Inst_OverlayCtrl/addr_cntr_reg_reg_rep_rep_rep[9]__0/R
  -------------------------------------------------------------------    -------------------

                         (clock clk_100MHz_o_ClkGen rise edge)
                                                      9.263     9.263 r  
    E3                                                0.000     9.263 r  clk_i (IN)
                         net (fo=0)                   0.000     9.263    Inst_ClkGen/inst/clk_100MHz_i
    E3                   IBUF (Prop_ibuf_I_O)         1.411    10.674 r  Inst_ClkGen/inst/clkin1_ibufg/O
                         net (fo=1, routed)           1.162    11.836    Inst_ClkGen/inst/clk_100MHz_i_ClkGen
    MMCME2_ADV_X1Y2      MMCME2_ADV (Prop_mmcme2_adv_CLKIN1_CLKOUT0)
                                                     -7.324     4.512 r  Inst_ClkGen/inst/mmcm_adv_inst/CLKOUT0
                         net (fo=1, routed)           1.639     6.152    Inst_ClkGen/inst/clk_100MHz_o_ClkGen
    BUFGCTRL_X0Y16       BUFG (Prop_bufg_I_O)         0.091     6.243 r  Inst_ClkGen/inst/clkout1_buf/O
                         net (fo=358, routed)         1.485     7.727    Inst_VGA/Inst_OverlayCtrl/clk_100MHz_o
    SLICE_X70Y129        FDRE                                         r  Inst_VGA/Inst_OverlayCtrl/addr_cntr_reg_reg_rep_rep_rep[9]__0/C
                         clock pessimism              0.560     8.287    
                         clock uncertainty           -0.067     8.220    
    SLICE_X70Y129        FDRE (Setup_fdre_C_R)       -0.524     7.696    Inst_VGA/Inst_OverlayCtrl/addr_cntr_reg_reg_rep_rep_rep[9]__0
  -------------------------------------------------------------------
                         required time                          7.696    
                         arrival time                          -5.318    
  -------------------------------------------------------------------
                         slack                                  2.378    

Slack (MET) :             2.378ns  (required time - arrival time)
  Source:                 Inst_VGA/h_cntr_reg_dly_reg[9]/C
                            (rising edge-triggered cell FDRE clocked by clk_100MHz_o_ClkGen  {rise@0.000ns fall@4.632ns period=9.263ns})
  Destination:            Inst_VGA/Inst_OverlayCtrl/addr_cntr_reg_reg_rep_rep_rep[9]__1/R
                            (rising edge-triggered cell FDRE clocked by clk_100MHz_o_ClkGen  {rise@0.000ns fall@4.632ns period=9.263ns})
  Path Group:             clk_100MHz_o_ClkGen
  Path Type:              Setup (Max at Slow Process Corner)
  Requirement:            9.263ns  (clk_100MHz_o_ClkGen rise@9.263ns - clk_100MHz_o_ClkGen rise@0.000ns)
  Data Path Delay:        6.242ns  (logic 1.552ns (24.865%)  route 4.690ns (75.135%))
  Logic Levels:           4  (CARRY4=1 LUT2=1 LUT5=1 LUT6=1)
  Clock Path Skew:        -0.052ns (DCD - SCD + CPR)
    Destination Clock Delay (DCD):    -1.536ns = ( 7.727 - 9.263 ) 
    Source Clock Delay      (SCD):    -0.924ns
    Clock Pessimism Removal (CPR):    0.560ns
  Clock Uncertainty:      0.067ns  ((TSJ^2 + DJ^2)^1/2) / 2 + PE
    Total System Jitter     (TSJ):    0.071ns
    Discrete Jitter          (DJ):    0.115ns
    Phase Error              (PE):    0.000ns

    Location             Delay type                Incr(ns)  Path(ns)    Netlist Resource(s)
  -------------------------------------------------------------------    -------------------
                         (clock clk_100MHz_o_ClkGen rise edge)
                                                      0.000     0.000 r  
    E3                                                0.000     0.000 r  clk_i (IN)
                         net (fo=0)                   0.000     0.000    Inst_ClkGen/inst/clk_100MHz_i
    E3                   IBUF (Prop_ibuf_I_O)         1.482     1.482 r  Inst_ClkGen/inst/clkin1_ibufg/O
                         net (fo=1, routed)           1.233     2.715    Inst_ClkGen/inst/clk_100MHz_i_ClkGen
    MMCME2_ADV_X1Y2      MMCME2_ADV (Prop_mmcme2_adv_CLKIN1_CLKOUT0)
                                                     -7.070    -4.355 r  Inst_ClkGen/inst/mmcm_adv_inst/CLKOUT0
                         net (fo=1, routed)           1.719    -2.636    Inst_ClkGen/inst/clk_100MHz_o_ClkGen
    BUFGCTRL_X0Y16       BUFG (Prop_bufg_I_O)         0.096    -2.540 r  Inst_ClkGen/inst/clkout1_buf/O
                         net (fo=358, routed)         1.616    -0.924    Inst_VGA/clk_100MHz_o
    SLICE_X66Y108        FDRE                                         r  Inst_VGA/h_cntr_reg_dly_reg[9]/C
  -------------------------------------------------------------------    -------------------
    SLICE_X66Y108        FDRE (Prop_fdre_C_Q)         0.518    -0.406 f  Inst_VGA/h_cntr_reg_dly_reg[9]/Q
                         net (fo=10, routed)          0.825     0.419    Inst_VGA/Inst_OverlayCtrl/Q[1]
    SLICE_X68Y108        LUT2 (Prop_lut2_I1_O)        0.124     0.543 r  Inst_VGA/Inst_OverlayCtrl/addr_cntr_reg_rep_rep_rep[17]_i_11/O
                         net (fo=1, routed)           0.000     0.543    Inst_VGA/Inst_OverlayCtrl/addr_cntr_reg_rep_rep_rep[17]_i_11_n_0
    SLICE_X68Y108        CARRY4 (Prop_carry4_S[0]_CO[1])
                                                      0.457     1.000 r  Inst_VGA/Inst_OverlayCtrl/addr_cntr_reg_reg_rep_rep_rep[17]_i_8/CO[1]
                         net (fo=3, routed)           1.809     2.809    Inst_VGA/Inst_OverlayCtrl/CO[0]
    SLICE_X75Y125        LUT6 (Prop_lut6_I1_O)        0.329     3.138 r  Inst_VGA/Inst_OverlayCtrl/addr_cntr_reg_rep_rep_rep[17]_i_6/O
                         net (fo=1, routed)           0.502     3.640    Inst_VGA/Inst_OverlayCtrl/addr_cntr_reg_rep_rep_rep[17]_i_6_n_0
    SLICE_X75Y126        LUT5 (Prop_lut5_I2_O)        0.124     3.764 r  Inst_VGA/Inst_OverlayCtrl/addr_cntr_reg_rep_rep_rep[17]_i_1/O
                         net (fo=145, routed)         1.554     5.318    Inst_VGA/Inst_OverlayCtrl/addr_cntr_reg_rep_rep_rep[17]_i_1_n_0
    SLICE_X70Y129        FDRE                                         r  Inst_VGA/Inst_OverlayCtrl/addr_cntr_reg_reg_rep_rep_rep[9]__1/R
  -------------------------------------------------------------------    -------------------

                         (clock clk_100MHz_o_ClkGen rise edge)
                                                      9.263     9.263 r  
    E3                                                0.000     9.263 r  clk_i (IN)
                         net (fo=0)                   0.000     9.263    Inst_ClkGen/inst/clk_100MHz_i
    E3                   IBUF (Prop_ibuf_I_O)         1.411    10.674 r  Inst_ClkGen/inst/clkin1_ibufg/O
                         net (fo=1, routed)           1.162    11.836    Inst_ClkGen/inst/clk_100MHz_i_ClkGen
    MMCME2_ADV_X1Y2      MMCME2_ADV (Prop_mmcme2_adv_CLKIN1_CLKOUT0)
                                                     -7.324     4.512 r  Inst_ClkGen/inst/mmcm_adv_inst/CLKOUT0
                         net (fo=1, routed)           1.639     6.152    Inst_ClkGen/inst/clk_100MHz_o_ClkGen
    BUFGCTRL_X0Y16       BUFG (Prop_bufg_I_O)         0.091     6.243 r  Inst_ClkGen/inst/clkout1_buf/O
                         net (fo=358, routed)         1.485     7.727    Inst_VGA/Inst_OverlayCtrl/clk_100MHz_o
    SLICE_X70Y129        FDRE                                         r  Inst_VGA/Inst_OverlayCtrl/addr_cntr_reg_reg_rep_rep_rep[9]__1/C
                         clock pessimism              0.560     8.287    
                         clock uncertainty           -0.067     8.220    
    SLICE_X70Y129        FDRE (Setup_fdre_C_R)       -0.524     7.696    Inst_VGA/Inst_OverlayCtrl/addr_cntr_reg_reg_rep_rep_rep[9]__1
  -------------------------------------------------------------------
                         required time                          7.696    
                         arrival time                          -5.318    
  -------------------------------------------------------------------
                         slack                                  2.378    

Slack (MET) :             2.378ns  (required time - arrival time)
  Source:                 Inst_VGA/h_cntr_reg_dly_reg[9]/C
                            (rising edge-triggered cell FDRE clocked by clk_100MHz_o_ClkGen  {rise@0.000ns fall@4.632ns period=9.263ns})
  Destination:            Inst_VGA/Inst_OverlayCtrl/addr_cntr_reg_reg_rep_rep_rep[9]__2/R
                            (rising edge-triggered cell FDRE clocked by clk_100MHz_o_ClkGen  {rise@0.000ns fall@4.632ns period=9.263ns})
  Path Group:             clk_100MHz_o_ClkGen
  Path Type:              Setup (Max at Slow Process Corner)
  Requirement:            9.263ns  (clk_100MHz_o_ClkGen rise@9.263ns - clk_100MHz_o_ClkGen rise@0.000ns)
  Data Path Delay:        6.242ns  (logic 1.552ns (24.865%)  route 4.690ns (75.135%))
  Logic Levels:           4  (CARRY4=1 LUT2=1 LUT5=1 LUT6=1)
  Clock Path Skew:        -0.052ns (DCD - SCD + CPR)
    Destination Clock Delay (DCD):    -1.536ns = ( 7.727 - 9.263 ) 
    Source Clock Delay      (SCD):    -0.924ns
    Clock Pessimism Removal (CPR):    0.560ns
  Clock Uncertainty:      0.067ns  ((TSJ^2 + DJ^2)^1/2) / 2 + PE
    Total System Jitter     (TSJ):    0.071ns
    Discrete Jitter          (DJ):    0.115ns
    Phase Error              (PE):    0.000ns

    Location             Delay type                Incr(ns)  Path(ns)    Netlist Resource(s)
  -------------------------------------------------------------------    -------------------
                         (clock clk_100MHz_o_ClkGen rise edge)
                                                      0.000     0.000 r  
    E3                                                0.000     0.000 r  clk_i (IN)
                         net (fo=0)                   0.000     0.000    Inst_ClkGen/inst/clk_100MHz_i
    E3                   IBUF (Prop_ibuf_I_O)         1.482     1.482 r  Inst_ClkGen/inst/clkin1_ibufg/O
                         net (fo=1, routed)           1.233     2.715    Inst_ClkGen/inst/clk_100MHz_i_ClkGen
    MMCME2_ADV_X1Y2      MMCME2_ADV (Prop_mmcme2_adv_CLKIN1_CLKOUT0)
                                                     -7.070    -4.355 r  Inst_ClkGen/inst/mmcm_adv_inst/CLKOUT0
                         net (fo=1, routed)           1.719    -2.636    Inst_ClkGen/inst/clk_100MHz_o_ClkGen
    BUFGCTRL_X0Y16       BUFG (Prop_bufg_I_O)         0.096    -2.540 r  Inst_ClkGen/inst/clkout1_buf/O
                         net (fo=358, routed)         1.616    -0.924    Inst_VGA/clk_100MHz_o
    SLICE_X66Y108        FDRE                                         r  Inst_VGA/h_cntr_reg_dly_reg[9]/C
  -------------------------------------------------------------------    -------------------
    SLICE_X66Y108        FDRE (Prop_fdre_C_Q)         0.518    -0.406 f  Inst_VGA/h_cntr_reg_dly_reg[9]/Q
                         net (fo=10, routed)          0.825     0.419    Inst_VGA/Inst_OverlayCtrl/Q[1]
    SLICE_X68Y108        LUT2 (Prop_lut2_I1_O)        0.124     0.543 r  Inst_VGA/Inst_OverlayCtrl/addr_cntr_reg_rep_rep_rep[17]_i_11/O
                         net (fo=1, routed)           0.000     0.543    Inst_VGA/Inst_OverlayCtrl/addr_cntr_reg_rep_rep_rep[17]_i_11_n_0
    SLICE_X68Y108        CARRY4 (Prop_carry4_S[0]_CO[1])
                                                      0.457     1.000 r  Inst_VGA/Inst_OverlayCtrl/addr_cntr_reg_reg_rep_rep_rep[17]_i_8/CO[1]
                         net (fo=3, routed)           1.809     2.809    Inst_VGA/Inst_OverlayCtrl/CO[0]
    SLICE_X75Y125        LUT6 (Prop_lut6_I1_O)        0.329     3.138 r  Inst_VGA/Inst_OverlayCtrl/addr_cntr_reg_rep_rep_rep[17]_i_6/O
                         net (fo=1, routed)           0.502     3.640    Inst_VGA/Inst_OverlayCtrl/addr_cntr_reg_rep_rep_rep[17]_i_6_n_0
    SLICE_X75Y126        LUT5 (Prop_lut5_I2_O)        0.124     3.764 r  Inst_VGA/Inst_OverlayCtrl/addr_cntr_reg_rep_rep_rep[17]_i_1/O
                         net (fo=145, routed)         1.554     5.318    Inst_VGA/Inst_OverlayCtrl/addr_cntr_reg_rep_rep_rep[17]_i_1_n_0
    SLICE_X70Y129        FDRE                                         r  Inst_VGA/Inst_OverlayCtrl/addr_cntr_reg_reg_rep_rep_rep[9]__2/R
  -------------------------------------------------------------------    -------------------

                         (clock clk_100MHz_o_ClkGen rise edge)
                                                      9.263     9.263 r  
    E3                                                0.000     9.263 r  clk_i (IN)
                         net (fo=0)                   0.000     9.263    Inst_ClkGen/inst/clk_100MHz_i
    E3                   IBUF (Prop_ibuf_I_O)         1.411    10.674 r  Inst_ClkGen/inst/clkin1_ibufg/O
                         net (fo=1, routed)           1.162    11.836    Inst_ClkGen/inst/clk_100MHz_i_ClkGen
    MMCME2_ADV_X1Y2      MMCME2_ADV (Prop_mmcme2_adv_CLKIN1_CLKOUT0)
                                                     -7.324     4.512 r  Inst_ClkGen/inst/mmcm_adv_inst/CLKOUT0
                         net (fo=1, routed)           1.639     6.152    Inst_ClkGen/inst/clk_100MHz_o_ClkGen
    BUFGCTRL_X0Y16       BUFG (Prop_bufg_I_O)         0.091     6.243 r  Inst_ClkGen/inst/clkout1_buf/O
                         net (fo=358, routed)         1.485     7.727    Inst_VGA/Inst_OverlayCtrl/clk_100MHz_o
    SLICE_X70Y129        FDRE                                         r  Inst_VGA/Inst_OverlayCtrl/addr_cntr_reg_reg_rep_rep_rep[9]__2/C
                         clock pessimism              0.560     8.287    
                         clock uncertainty           -0.067     8.220    
    SLICE_X70Y129        FDRE (Setup_fdre_C_R)       -0.524     7.696    Inst_VGA/Inst_OverlayCtrl/addr_cntr_reg_reg_rep_rep_rep[9]__2
  -------------------------------------------------------------------
                         required time                          7.696    
                         arrival time                          -5.318    
  -------------------------------------------------------------------
                         slack                                  2.378    





Min Delay Paths
--------------------------------------------------------------------------------------
Slack (MET) :             0.136ns  (arrival time - required time)
  Source:                 Inst_VGA/Inst_LogoDisplay/addr_reg_reg[4]/C
                            (rising edge-triggered cell FDRE clocked by clk_100MHz_o_ClkGen  {rise@0.000ns fall@4.632ns period=9.263ns})
  Destination:            Inst_VGA/Inst_LogoDisplay/Inst_BRAM_1/U0/inst_blk_mem_gen/gnbram.gnativebmg.native_blk_mem_gen/valid.cstr/ramloop[18].ram.r/prim_init.ram/DEVICE_7SERIES.NO_BMM_INFO.SP.SIMPLE_PRIM36.ram/ADDRARDADDR[7]
                            (rising edge-triggered cell RAMB36E1 clocked by clk_100MHz_o_ClkGen  {rise@0.000ns fall@4.632ns period=9.263ns})
  Path Group:             clk_100MHz_o_ClkGen
  Path Type:              Hold (Min at Fast Process Corner)
  Requirement:            0.000ns  (clk_100MHz_o_ClkGen rise@0.000ns - clk_100MHz_o_ClkGen rise@0.000ns)
  Data Path Delay:        0.426ns  (logic 0.164ns (38.461%)  route 0.262ns (61.539%))
  Logic Levels:           0  
  Clock Path Skew:        0.107ns (DCD - SCD - CPR)
    Destination Clock Delay (DCD):    -0.770ns
    Source Clock Delay      (SCD):    -0.602ns
    Clock Pessimism Removal (CPR):    -0.275ns

    Location             Delay type                Incr(ns)  Path(ns)    Netlist Resource(s)
  -------------------------------------------------------------------    -------------------
                         (clock clk_100MHz_o_ClkGen rise edge)
                                                      0.000     0.000 r  
    E3                                                0.000     0.000 r  clk_i (IN)
                         net (fo=0)                   0.000     0.000    Inst_ClkGen/inst/clk_100MHz_i
    E3                   IBUF (Prop_ibuf_I_O)         0.250     0.250 r  Inst_ClkGen/inst/clkin1_ibufg/O
                         net (fo=1, routed)           0.440     0.690    Inst_ClkGen/inst/clk_100MHz_i_ClkGen
    MMCME2_ADV_X1Y2      MMCME2_ADV (Prop_mmcme2_adv_CLKIN1_CLKOUT0)
                                                     -2.379    -1.689 r  Inst_ClkGen/inst/mmcm_adv_inst/CLKOUT0
                         net (fo=1, routed)           0.499    -1.190    Inst_ClkGen/inst/clk_100MHz_o_ClkGen
    BUFGCTRL_X0Y16       BUFG (Prop_bufg_I_O)         0.026    -1.164 r  Inst_ClkGen/inst/clkout1_buf/O
                         net (fo=358, routed)         0.562    -0.602    Inst_VGA/Inst_LogoDisplay/clk_100MHz_o
    SLICE_X70Y104        FDRE                                         r  Inst_VGA/Inst_LogoDisplay/addr_reg_reg[4]/C
  -------------------------------------------------------------------    -------------------
    SLICE_X70Y104        FDRE (Prop_fdre_C_Q)         0.164    -0.438 r  Inst_VGA/Inst_LogoDisplay/addr_reg_reg[4]/Q
                         net (fo=33, routed)          0.262    -0.176    Inst_VGA/Inst_LogoDisplay/Inst_BRAM_1/U0/inst_blk_mem_gen/gnbram.gnativebmg.native_blk_mem_gen/valid.cstr/ramloop[18].ram.r/prim_init.ram/addra[4]
    RAMB36_X2Y20         RAMB36E1                                     r  Inst_VGA/Inst_LogoDisplay/Inst_BRAM_1/U0/inst_blk_mem_gen/gnbram.gnativebmg.native_blk_mem_gen/valid.cstr/ramloop[18].ram.r/prim_init.ram/DEVICE_7SERIES.NO_BMM_INFO.SP.SIMPLE_PRIM36.ram/ADDRARDADDR[7]
  -------------------------------------------------------------------    -------------------

                         (clock clk_100MHz_o_ClkGen rise edge)
                                                      0.000     0.000 r  
    E3                                                0.000     0.000 r  clk_i (IN)
                         net (fo=0)                   0.000     0.000    Inst_ClkGen/inst/clk_100MHz_i
    E3                   IBUF (Prop_ibuf_I_O)         0.438     0.438 r  Inst_ClkGen/inst/clkin1_ibufg/O
                         net (fo=1, routed)           0.480     0.918    Inst_ClkGen/inst/clk_100MHz_i_ClkGen
    MMCME2_ADV_X1Y2      MMCME2_ADV (Prop_mmcme2_adv_CLKIN1_CLKOUT0)
                                                     -3.163    -2.245 r  Inst_ClkGen/inst/mmcm_adv_inst/CLKOUT0
                         net (fo=1, routed)           0.544    -1.702    Inst_ClkGen/inst/clk_100MHz_o_ClkGen
    BUFGCTRL_X0Y16       BUFG (Prop_bufg_I_O)         0.029    -1.673 r  Inst_ClkGen/inst/clkout1_buf/O
                         net (fo=358, routed)         0.903    -0.770    Inst_VGA/Inst_LogoDisplay/Inst_BRAM_1/U0/inst_blk_mem_gen/gnbram.gnativebmg.native_blk_mem_gen/valid.cstr/ramloop[18].ram.r/prim_init.ram/clka
    RAMB36_X2Y20         RAMB36E1                                     r  Inst_VGA/Inst_LogoDisplay/Inst_BRAM_1/U0/inst_blk_mem_gen/gnbram.gnativebmg.native_blk_mem_gen/valid.cstr/ramloop[18].ram.r/prim_init.ram/DEVICE_7SERIES.NO_BMM_INFO.SP.SIMPLE_PRIM36.ram/CLKARDCLK
                         clock pessimism              0.275    -0.495    
    RAMB36_X2Y20         RAMB36E1 (Hold_ramb36e1_CLKARDCLK_ADDRARDADDR[7])
                                                      0.183    -0.312    Inst_VGA/Inst_LogoDisplay/Inst_BRAM_1/U0/inst_blk_mem_gen/gnbram.gnativebmg.native_blk_mem_gen/valid.cstr/ramloop[18].ram.r/prim_init.ram/DEVICE_7SERIES.NO_BMM_INFO.SP.SIMPLE_PRIM36.ram
  -------------------------------------------------------------------
                         required time                          0.312    
                         arrival time                          -0.176    
  -------------------------------------------------------------------
                         slack                                  0.136    

Slack (MET) :             0.160ns  (arrival time - required time)
  Source:                 Inst_VGA/h_sync_reg_reg/C
                            (rising edge-triggered cell FDRE clocked by clk_100MHz_o_ClkGen  {rise@0.000ns fall@4.632ns period=9.263ns})
  Destination:            Inst_VGA/h_sync_reg_dly_reg/D
                            (rising edge-triggered cell FDRE clocked by clk_100MHz_o_ClkGen  {rise@0.000ns fall@4.632ns period=9.263ns})
  Path Group:             clk_100MHz_o_ClkGen
  Path Type:              Hold (Min at Fast Process Corner)
  Requirement:            0.000ns  (clk_100MHz_o_ClkGen rise@0.000ns - clk_100MHz_o_ClkGen rise@0.000ns)
  Data Path Delay:        0.220ns  (logic 0.164ns (74.580%)  route 0.056ns (25.420%))
  Logic Levels:           0  
  Clock Path Skew:        0.000ns (DCD - SCD - CPR)
    Destination Clock Delay (DCD):    -0.841ns
    Source Clock Delay      (SCD):    -0.603ns
    Clock Pessimism Removal (CPR):    -0.238ns

    Location             Delay type                Incr(ns)  Path(ns)    Netlist Resource(s)
  -------------------------------------------------------------------    -------------------
                         (clock clk_100MHz_o_ClkGen rise edge)
                                                      0.000     0.000 r  
    E3                                                0.000     0.000 r  clk_i (IN)
                         net (fo=0)                   0.000     0.000    Inst_ClkGen/inst/clk_100MHz_i
    E3                   IBUF (Prop_ibuf_I_O)         0.250     0.250 r  Inst_ClkGen/inst/clkin1_ibufg/O
                         net (fo=1, routed)           0.440     0.690    Inst_ClkGen/inst/clk_100MHz_i_ClkGen
    MMCME2_ADV_X1Y2      MMCME2_ADV (Prop_mmcme2_adv_CLKIN1_CLKOUT0)
                                                     -2.379    -1.689 r  Inst_ClkGen/inst/mmcm_adv_inst/CLKOUT0
                         net (fo=1, routed)           0.499    -1.190    Inst_ClkGen/inst/clk_100MHz_o_ClkGen
    BUFGCTRL_X0Y16       BUFG (Prop_bufg_I_O)         0.026    -1.164 r  Inst_ClkGen/inst/clkout1_buf/O
                         net (fo=358, routed)         0.561    -0.603    Inst_VGA/clk_100MHz_o
    SLICE_X62Y108        FDRE                                         r  Inst_VGA/h_sync_reg_reg/C
  -------------------------------------------------------------------    -------------------
    SLICE_X62Y108        FDRE (Prop_fdre_C_Q)         0.164    -0.439 r  Inst_VGA/h_sync_reg_reg/Q
                         net (fo=1, routed)           0.056    -0.383    Inst_VGA/h_sync_reg
    SLICE_X62Y108        FDRE                                         r  Inst_VGA/h_sync_reg_dly_reg/D
  -------------------------------------------------------------------    -------------------

                         (clock clk_100MHz_o_ClkGen rise edge)
                                                      0.000     0.000 r  
    E3                                                0.000     0.000 r  clk_i (IN)
                         net (fo=0)                   0.000     0.000    Inst_ClkGen/inst/clk_100MHz_i
    E3                   IBUF (Prop_ibuf_I_O)         0.438     0.438 r  Inst_ClkGen/inst/clkin1_ibufg/O
                         net (fo=1, routed)           0.480     0.918    Inst_ClkGen/inst/clk_100MHz_i_ClkGen
    MMCME2_ADV_X1Y2      MMCME2_ADV (Prop_mmcme2_adv_CLKIN1_CLKOUT0)
                                                     -3.163    -2.245 r  Inst_ClkGen/inst/mmcm_adv_inst/CLKOUT0
                         net (fo=1, routed)           0.544    -1.702    Inst_ClkGen/inst/clk_100MHz_o_ClkGen
    BUFGCTRL_X0Y16       BUFG (Prop_bufg_I_O)         0.029    -1.673 r  Inst_ClkGen/inst/clkout1_buf/O
                         net (fo=358, routed)         0.831    -0.841    Inst_VGA/clk_100MHz_o
    SLICE_X62Y108        FDRE                                         r  Inst_VGA/h_sync_reg_dly_reg/C
                         clock pessimism              0.238    -0.603    
    SLICE_X62Y108        FDRE (Hold_fdre_C_D)         0.060    -0.543    Inst_VGA/h_sync_reg_dly_reg
  -------------------------------------------------------------------
                         required time                          0.543    
                         arrival time                          -0.383    
  -------------------------------------------------------------------
                         slack                                  0.160    

Slack (MET) :             0.168ns  (arrival time - required time)
  Source:                 Inst_VGA/logo_red_dly_reg[2]/C
                            (rising edge-triggered cell FDRE clocked by clk_100MHz_o_ClkGen  {rise@0.000ns fall@4.632ns period=9.263ns})
  Destination:            Inst_VGA/vga_red_reg_reg[2]/D
                            (rising edge-triggered cell FDRE clocked by clk_100MHz_o_ClkGen  {rise@0.000ns fall@4.632ns period=9.263ns})
  Path Group:             clk_100MHz_o_ClkGen
  Path Type:              Hold (Min at Fast Process Corner)
  Requirement:            0.000ns  (clk_100MHz_o_ClkGen rise@0.000ns - clk_100MHz_o_ClkGen rise@0.000ns)
  Data Path Delay:        0.526ns  (logic 0.186ns (35.357%)  route 0.340ns (64.643%))
  Logic Levels:           1  (LUT5=1)
  Clock Path Skew:        0.266ns (DCD - SCD - CPR)
    Destination Clock Delay (DCD):    -0.812ns
    Source Clock Delay      (SCD):    -0.569ns
    Clock Pessimism Removal (CPR):    -0.509ns

    Location             Delay type                Incr(ns)  Path(ns)    Netlist Resource(s)
  -------------------------------------------------------------------    -------------------
                         (clock clk_100MHz_o_ClkGen rise edge)
                                                      0.000     0.000 r  
    E3                                                0.000     0.000 r  clk_i (IN)
                         net (fo=0)                   0.000     0.000    Inst_ClkGen/inst/clk_100MHz_i
    E3                   IBUF (Prop_ibuf_I_O)         0.250     0.250 r  Inst_ClkGen/inst/clkin1_ibufg/O
                         net (fo=1, routed)           0.440     0.690    Inst_ClkGen/inst/clk_100MHz_i_ClkGen
    MMCME2_ADV_X1Y2      MMCME2_ADV (Prop_mmcme2_adv_CLKIN1_CLKOUT0)
                                                     -2.379    -1.689 r  Inst_ClkGen/inst/mmcm_adv_inst/CLKOUT0
                         net (fo=1, routed)           0.499    -1.190    Inst_ClkGen/inst/clk_100MHz_o_ClkGen
    BUFGCTRL_X0Y16       BUFG (Prop_bufg_I_O)         0.026    -1.164 r  Inst_ClkGen/inst/clkout1_buf/O
                         net (fo=358, routed)         0.595    -0.569    Inst_VGA/clk_100MHz_o
    SLICE_X72Y95         FDRE                                         r  Inst_VGA/logo_red_dly_reg[2]/C
  -------------------------------------------------------------------    -------------------
    SLICE_X72Y95         FDRE (Prop_fdre_C_Q)         0.141    -0.428 r  Inst_VGA/logo_red_dly_reg[2]/Q
                         net (fo=1, routed)           0.340    -0.088    Inst_VGA/logo_red_dly[2]
    SLICE_X73Y104        LUT5 (Prop_lut5_I3_O)        0.045    -0.043 r  Inst_VGA/vga_red_reg[2]_i_1/O
                         net (fo=1, routed)           0.000    -0.043    Inst_VGA/vga_red__11[2]
    SLICE_X73Y104        FDRE                                         r  Inst_VGA/vga_red_reg_reg[2]/D
  -------------------------------------------------------------------    -------------------

                         (clock clk_100MHz_o_ClkGen rise edge)
                                                      0.000     0.000 r  
    E3                                                0.000     0.000 r  clk_i (IN)
                         net (fo=0)                   0.000     0.000    Inst_ClkGen/inst/clk_100MHz_i
    E3                   IBUF (Prop_ibuf_I_O)         0.438     0.438 r  Inst_ClkGen/inst/clkin1_ibufg/O
                         net (fo=1, routed)           0.480     0.918    Inst_ClkGen/inst/clk_100MHz_i_ClkGen
    MMCME2_ADV_X1Y2      MMCME2_ADV (Prop_mmcme2_adv_CLKIN1_CLKOUT0)
                                                     -3.163    -2.245 r  Inst_ClkGen/inst/mmcm_adv_inst/CLKOUT0
                         net (fo=1, routed)           0.544    -1.702    Inst_ClkGen/inst/clk_100MHz_o_ClkGen
    BUFGCTRL_X0Y16       BUFG (Prop_bufg_I_O)         0.029    -1.673 r  Inst_ClkGen/inst/clkout1_buf/O
                         net (fo=358, routed)         0.860    -0.812    Inst_VGA/clk_100MHz_o
    SLICE_X73Y104        FDRE                                         r  Inst_VGA/vga_red_reg_reg[2]/C
                         clock pessimism              0.509    -0.303    
    SLICE_X73Y104        FDRE (Hold_fdre_C_D)         0.092    -0.211    Inst_VGA/vga_red_reg_reg[2]
  -------------------------------------------------------------------
                         required time                          0.211    
                         arrival time                          -0.043    
  -------------------------------------------------------------------
                         slack                                  0.168    

Slack (MET) :             0.171ns  (arrival time - required time)
  Source:                 Inst_VGA/Inst_SquareShapeDisplay/douta_reg[11]/C
                            (rising edge-triggered cell FDRE clocked by clk_100MHz_o_ClkGen  {rise@0.000ns fall@4.632ns period=9.263ns})
  Destination:            Inst_VGA/Square_red_dly_reg[3]/D
                            (rising edge-triggered cell FDRE clocked by clk_100MHz_o_ClkGen  {rise@0.000ns fall@4.632ns period=9.263ns})
  Path Group:             clk_100MHz_o_ClkGen
  Path Type:              Hold (Min at Fast Process Corner)
  Requirement:            0.000ns  (clk_100MHz_o_ClkGen rise@0.000ns - clk_100MHz_o_ClkGen rise@0.000ns)
  Data Path Delay:        0.265ns  (logic 0.141ns (53.180%)  route 0.124ns (46.820%))
  Logic Levels:           0  
  Clock Path Skew:        0.016ns (DCD - SCD - CPR)
    Destination Clock Delay (DCD):    -0.839ns
    Source Clock Delay      (SCD):    -0.602ns
    Clock Pessimism Removal (CPR):    -0.253ns

    Location             Delay type                Incr(ns)  Path(ns)    Netlist Resource(s)
  -------------------------------------------------------------------    -------------------
                         (clock clk_100MHz_o_ClkGen rise edge)
                                                      0.000     0.000 r  
    E3                                                0.000     0.000 r  clk_i (IN)
                         net (fo=0)                   0.000     0.000    Inst_ClkGen/inst/clk_100MHz_i
    E3                   IBUF (Prop_ibuf_I_O)         0.250     0.250 r  Inst_ClkGen/inst/clkin1_ibufg/O
                         net (fo=1, routed)           0.440     0.690    Inst_ClkGen/inst/clk_100MHz_i_ClkGen
    MMCME2_ADV_X1Y2      MMCME2_ADV (Prop_mmcme2_adv_CLKIN1_CLKOUT0)
                                                     -2.379    -1.689 r  Inst_ClkGen/inst/mmcm_adv_inst/CLKOUT0
                         net (fo=1, routed)           0.499    -1.190    Inst_ClkGen/inst/clk_100MHz_o_ClkGen
    BUFGCTRL_X0Y16       BUFG (Prop_bufg_I_O)         0.026    -1.164 r  Inst_ClkGen/inst/clkout1_buf/O
                         net (fo=358, routed)         0.562    -0.602    Inst_VGA/Inst_SquareShapeDisplay/clk_100MHz_o
    SLICE_X71Y103        FDRE                                         r  Inst_VGA/Inst_SquareShapeDisplay/douta_reg[11]/C
  -------------------------------------------------------------------    -------------------
    SLICE_X71Y103        FDRE (Prop_fdre_C_Q)         0.141    -0.461 r  Inst_VGA/Inst_SquareShapeDisplay/douta_reg[11]/Q
                         net (fo=2, routed)           0.124    -0.337    Inst_VGA/Square_red[3]
    SLICE_X71Y104        FDRE                                         r  Inst_VGA/Square_red_dly_reg[3]/D
  -------------------------------------------------------------------    -------------------

                         (clock clk_100MHz_o_ClkGen rise edge)
                                                      0.000     0.000 r  
    E3                                                0.000     0.000 r  clk_i (IN)
                         net (fo=0)                   0.000     0.000    Inst_ClkGen/inst/clk_100MHz_i
    E3                   IBUF (Prop_ibuf_I_O)         0.438     0.438 r  Inst_ClkGen/inst/clkin1_ibufg/O
                         net (fo=1, routed)           0.480     0.918    Inst_ClkGen/inst/clk_100MHz_i_ClkGen
    MMCME2_ADV_X1Y2      MMCME2_ADV (Prop_mmcme2_adv_CLKIN1_CLKOUT0)
                                                     -3.163    -2.245 r  Inst_ClkGen/inst/mmcm_adv_inst/CLKOUT0
                         net (fo=1, routed)           0.544    -1.702    Inst_ClkGen/inst/clk_100MHz_o_ClkGen
    BUFGCTRL_X0Y16       BUFG (Prop_bufg_I_O)         0.029    -1.673 r  Inst_ClkGen/inst/clkout1_buf/O
                         net (fo=358, routed)         0.834    -0.839    Inst_VGA/clk_100MHz_o
    SLICE_X71Y104        FDRE                                         r  Inst_VGA/Square_red_dly_reg[3]/C
                         clock pessimism              0.253    -0.586    
    SLICE_X71Y104        FDRE (Hold_fdre_C_D)         0.078    -0.508    Inst_VGA/Square_red_dly_reg[3]
  -------------------------------------------------------------------
                         required time                          0.508    
                         arrival time                          -0.337    
  -------------------------------------------------------------------
                         slack                                  0.171    

Slack (MET) :             0.174ns  (arrival time - required time)
  Source:                 Inst_VGA/Inst_SquareShapeDisplay/douta_reg[8]/C
                            (rising edge-triggered cell FDRE clocked by clk_100MHz_o_ClkGen  {rise@0.000ns fall@4.632ns period=9.263ns})
  Destination:            Inst_VGA/Square_red_dly_reg[0]/D
                            (rising edge-triggered cell FDRE clocked by clk_100MHz_o_ClkGen  {rise@0.000ns fall@4.632ns period=9.263ns})
  Path Group:             clk_100MHz_o_ClkGen
  Path Type:              Hold (Min at Fast Process Corner)
  Requirement:            0.000ns  (clk_100MHz_o_ClkGen rise@0.000ns - clk_100MHz_o_ClkGen rise@0.000ns)
  Data Path Delay:        0.265ns  (logic 0.141ns (53.180%)  route 0.124ns (46.820%))
  Logic Levels:           0  
  Clock Path Skew:        0.016ns (DCD - SCD - CPR)
    Destination Clock Delay (DCD):    -0.839ns
    Source Clock Delay      (SCD):    -0.602ns
    Clock Pessimism Removal (CPR):    -0.253ns

    Location             Delay type                Incr(ns)  Path(ns)    Netlist Resource(s)
  -------------------------------------------------------------------    -------------------
                         (clock clk_100MHz_o_ClkGen rise edge)
                                                      0.000     0.000 r  
    E3                                                0.000     0.000 r  clk_i (IN)
                         net (fo=0)                   0.000     0.000    Inst_ClkGen/inst/clk_100MHz_i
    E3                   IBUF (Prop_ibuf_I_O)         0.250     0.250 r  Inst_ClkGen/inst/clkin1_ibufg/O
                         net (fo=1, routed)           0.440     0.690    Inst_ClkGen/inst/clk_100MHz_i_ClkGen
    MMCME2_ADV_X1Y2      MMCME2_ADV (Prop_mmcme2_adv_CLKIN1_CLKOUT0)
                                                     -2.379    -1.689 r  Inst_ClkGen/inst/mmcm_adv_inst/CLKOUT0
                         net (fo=1, routed)           0.499    -1.190    Inst_ClkGen/inst/clk_100MHz_o_ClkGen
    BUFGCTRL_X0Y16       BUFG (Prop_bufg_I_O)         0.026    -1.164 r  Inst_ClkGen/inst/clkout1_buf/O
                         net (fo=358, routed)         0.562    -0.602    Inst_VGA/Inst_SquareShapeDisplay/clk_100MHz_o
    SLICE_X71Y103        FDRE                                         r  Inst_VGA/Inst_SquareShapeDisplay/douta_reg[8]/C
  -------------------------------------------------------------------    -------------------
    SLICE_X71Y103        FDRE (Prop_fdre_C_Q)         0.141    -0.461 r  Inst_VGA/Inst_SquareShapeDisplay/douta_reg[8]/Q
                         net (fo=2, routed)           0.124    -0.337    Inst_VGA/Square_red[0]
    SLICE_X71Y104        FDRE                                         r  Inst_VGA/Square_red_dly_reg[0]/D
  -------------------------------------------------------------------    -------------------

                         (clock clk_100MHz_o_ClkGen rise edge)
                                                      0.000     0.000 r  
    E3                                                0.000     0.000 r  clk_i (IN)
                         net (fo=0)                   0.000     0.000    Inst_ClkGen/inst/clk_100MHz_i
    E3                   IBUF (Prop_ibuf_I_O)         0.438     0.438 r  Inst_ClkGen/inst/clkin1_ibufg/O
                         net (fo=1, routed)           0.480     0.918    Inst_ClkGen/inst/clk_100MHz_i_ClkGen
    MMCME2_ADV_X1Y2      MMCME2_ADV (Prop_mmcme2_adv_CLKIN1_CLKOUT0)
                                                     -3.163    -2.245 r  Inst_ClkGen/inst/mmcm_adv_inst/CLKOUT0
                         net (fo=1, routed)           0.544    -1.702    Inst_ClkGen/inst/clk_100MHz_o_ClkGen
    BUFGCTRL_X0Y16       BUFG (Prop_bufg_I_O)         0.029    -1.673 r  Inst_ClkGen/inst/clkout1_buf/O
                         net (fo=358, routed)         0.834    -0.839    Inst_VGA/clk_100MHz_o
    SLICE_X71Y104        FDRE                                         r  Inst_VGA/Square_red_dly_reg[0]/C
                         clock pessimism              0.253    -0.586    
    SLICE_X71Y104        FDRE (Hold_fdre_C_D)         0.075    -0.511    Inst_VGA/Square_red_dly_reg[0]
  -------------------------------------------------------------------
                         required time                          0.511    
                         arrival time                          -0.337    
  -------------------------------------------------------------------
                         slack                                  0.174    

Slack (MET) :             0.191ns  (arrival time - required time)
  Source:                 Inst_VGA/Inst_LogoDisplay/addr_reg_reg[5]/C
                            (rising edge-triggered cell FDRE clocked by clk_100MHz_o_ClkGen  {rise@0.000ns fall@4.632ns period=9.263ns})
  Destination:            Inst_VGA/Inst_LogoDisplay/Inst_BRAM_1/U0/inst_blk_mem_gen/gnbram.gnativebmg.native_blk_mem_gen/valid.cstr/ramloop[1].ram.r/prim_init.ram/DEVICE_7SERIES.NO_BMM_INFO.SP.SIMPLE_PRIM36.ram/ADDRARDADDR[5]
                            (rising edge-triggered cell RAMB36E1 clocked by clk_100MHz_o_ClkGen  {rise@0.000ns fall@4.632ns period=9.263ns})
  Path Group:             clk_100MHz_o_ClkGen
  Path Type:              Hold (Min at Fast Process Corner)
  Requirement:            0.000ns  (clk_100MHz_o_ClkGen rise@0.000ns - clk_100MHz_o_ClkGen rise@0.000ns)
  Data Path Delay:        0.694ns  (logic 0.164ns (23.626%)  route 0.530ns (76.374%))
  Logic Levels:           0  
  Clock Path Skew:        0.320ns (DCD - SCD - CPR)
    Destination Clock Delay (DCD):    -0.791ns
    Source Clock Delay      (SCD):    -0.602ns
    Clock Pessimism Removal (CPR):    -0.509ns

    Location             Delay type                Incr(ns)  Path(ns)    Netlist Resource(s)
  -------------------------------------------------------------------    -------------------
                         (clock clk_100MHz_o_ClkGen rise edge)
                                                      0.000     0.000 r  
    E3                                                0.000     0.000 r  clk_i (IN)
                         net (fo=0)                   0.000     0.000    Inst_ClkGen/inst/clk_100MHz_i
    E3                   IBUF (Prop_ibuf_I_O)         0.250     0.250 r  Inst_ClkGen/inst/clkin1_ibufg/O
                         net (fo=1, routed)           0.440     0.690    Inst_ClkGen/inst/clk_100MHz_i_ClkGen
    MMCME2_ADV_X1Y2      MMCME2_ADV (Prop_mmcme2_adv_CLKIN1_CLKOUT0)
                                                     -2.379    -1.689 r  Inst_ClkGen/inst/mmcm_adv_inst/CLKOUT0
                         net (fo=1, routed)           0.499    -1.190    Inst_ClkGen/inst/clk_100MHz_o_ClkGen
    BUFGCTRL_X0Y16       BUFG (Prop_bufg_I_O)         0.026    -1.164 r  Inst_ClkGen/inst/clkout1_buf/O
                         net (fo=358, routed)         0.562    -0.602    Inst_VGA/Inst_LogoDisplay/clk_100MHz_o
    SLICE_X70Y104        FDRE                                         r  Inst_VGA/Inst_LogoDisplay/addr_reg_reg[5]/C
  -------------------------------------------------------------------    -------------------
    SLICE_X70Y104        FDRE (Prop_fdre_C_Q)         0.164    -0.438 r  Inst_VGA/Inst_LogoDisplay/addr_reg_reg[5]/Q
                         net (fo=33, routed)          0.530     0.092    Inst_VGA/Inst_LogoDisplay/Inst_BRAM_1/U0/inst_blk_mem_gen/gnbram.gnativebmg.native_blk_mem_gen/valid.cstr/ramloop[1].ram.r/prim_init.ram/addra[5]
    RAMB36_X1Y19         RAMB36E1                                     r  Inst_VGA/Inst_LogoDisplay/Inst_BRAM_1/U0/inst_blk_mem_gen/gnbram.gnativebmg.native_blk_mem_gen/valid.cstr/ramloop[1].ram.r/prim_init.ram/DEVICE_7SERIES.NO_BMM_INFO.SP.SIMPLE_PRIM36.ram/ADDRARDADDR[5]
  -------------------------------------------------------------------    -------------------

                         (clock clk_100MHz_o_ClkGen rise edge)
                                                      0.000     0.000 r  
    E3                                                0.000     0.000 r  clk_i (IN)
                         net (fo=0)                   0.000     0.000    Inst_ClkGen/inst/clk_100MHz_i
    E3                   IBUF (Prop_ibuf_I_O)         0.438     0.438 r  Inst_ClkGen/inst/clkin1_ibufg/O
                         net (fo=1, routed)           0.480     0.918    Inst_ClkGen/inst/clk_100MHz_i_ClkGen
    MMCME2_ADV_X1Y2      MMCME2_ADV (Prop_mmcme2_adv_CLKIN1_CLKOUT0)
                                                     -3.163    -2.245 r  Inst_ClkGen/inst/mmcm_adv_inst/CLKOUT0
                         net (fo=1, routed)           0.544    -1.702    Inst_ClkGen/inst/clk_100MHz_o_ClkGen
    BUFGCTRL_X0Y16       BUFG (Prop_bufg_I_O)         0.029    -1.673 r  Inst_ClkGen/inst/clkout1_buf/O
                         net (fo=358, routed)         0.882    -0.791    Inst_VGA/Inst_LogoDisplay/Inst_BRAM_1/U0/inst_blk_mem_gen/gnbram.gnativebmg.native_blk_mem_gen/valid.cstr/ramloop[1].ram.r/prim_init.ram/clka
    RAMB36_X1Y19         RAMB36E1                                     r  Inst_VGA/Inst_LogoDisplay/Inst_BRAM_1/U0/inst_blk_mem_gen/gnbram.gnativebmg.native_blk_mem_gen/valid.cstr/ramloop[1].ram.r/prim_init.ram/DEVICE_7SERIES.NO_BMM_INFO.SP.SIMPLE_PRIM36.ram/CLKARDCLK
                         clock pessimism              0.509    -0.282    
    RAMB36_X1Y19         RAMB36E1 (Hold_ramb36e1_CLKARDCLK_ADDRARDADDR[5])
                                                      0.183    -0.099    Inst_VGA/Inst_LogoDisplay/Inst_BRAM_1/U0/inst_blk_mem_gen/gnbram.gnativebmg.native_blk_mem_gen/valid.cstr/ramloop[1].ram.r/prim_init.ram/DEVICE_7SERIES.NO_BMM_INFO.SP.SIMPLE_PRIM36.ram
  -------------------------------------------------------------------
                         required time                          0.099    
                         arrival time                           0.092    
  -------------------------------------------------------------------
                         slack                                  0.191    

Slack (MET) :             0.198ns  (arrival time - required time)
  Source:                 Inst_VGA/logo_blue_dly_reg[1]/C
                            (rising edge-triggered cell FDRE clocked by clk_100MHz_o_ClkGen  {rise@0.000ns fall@4.632ns period=9.263ns})
  Destination:            Inst_VGA/vga_blue_reg_reg[1]/D
                            (rising edge-triggered cell FDRE clocked by clk_100MHz_o_ClkGen  {rise@0.000ns fall@4.632ns period=9.263ns})
  Path Group:             clk_100MHz_o_ClkGen
  Path Type:              Hold (Min at Fast Process Corner)
  Requirement:            0.000ns  (clk_100MHz_o_ClkGen rise@0.000ns - clk_100MHz_o_ClkGen rise@0.000ns)
  Data Path Delay:        0.555ns  (logic 0.186ns (33.521%)  route 0.369ns (66.479%))
  Logic Levels:           1  (LUT5=1)
  Clock Path Skew:        0.266ns (DCD - SCD - CPR)
    Destination Clock Delay (DCD):    -0.812ns
    Source Clock Delay      (SCD):    -0.569ns
    Clock Pessimism Removal (CPR):    -0.509ns

    Location             Delay type                Incr(ns)  Path(ns)    Netlist Resource(s)
  -------------------------------------------------------------------    -------------------
                         (clock clk_100MHz_o_ClkGen rise edge)
                                                      0.000     0.000 r  
    E3                                                0.000     0.000 r  clk_i (IN)
                         net (fo=0)                   0.000     0.000    Inst_ClkGen/inst/clk_100MHz_i
    E3                   IBUF (Prop_ibuf_I_O)         0.250     0.250 r  Inst_ClkGen/inst/clkin1_ibufg/O
                         net (fo=1, routed)           0.440     0.690    Inst_ClkGen/inst/clk_100MHz_i_ClkGen
    MMCME2_ADV_X1Y2      MMCME2_ADV (Prop_mmcme2_adv_CLKIN1_CLKOUT0)
                                                     -2.379    -1.689 r  Inst_ClkGen/inst/mmcm_adv_inst/CLKOUT0
                         net (fo=1, routed)           0.499    -1.190    Inst_ClkGen/inst/clk_100MHz_o_ClkGen
    BUFGCTRL_X0Y16       BUFG (Prop_bufg_I_O)         0.026    -1.164 r  Inst_ClkGen/inst/clkout1_buf/O
                         net (fo=358, routed)         0.595    -0.569    Inst_VGA/clk_100MHz_o
    SLICE_X72Y96         FDRE                                         r  Inst_VGA/logo_blue_dly_reg[1]/C
  -------------------------------------------------------------------    -------------------
    SLICE_X72Y96         FDRE (Prop_fdre_C_Q)         0.141    -0.428 r  Inst_VGA/logo_blue_dly_reg[1]/Q
                         net (fo=1, routed)           0.369    -0.059    Inst_VGA/logo_blue_dly[1]
    SLICE_X72Y104        LUT5 (Prop_lut5_I3_O)        0.045    -0.014 r  Inst_VGA/vga_blue_reg[1]_i_1/O
                         net (fo=1, routed)           0.000    -0.014    Inst_VGA/vga_blue__11[1]
    SLICE_X72Y104        FDRE                                         r  Inst_VGA/vga_blue_reg_reg[1]/D
  -------------------------------------------------------------------    -------------------

                         (clock clk_100MHz_o_ClkGen rise edge)
                                                      0.000     0.000 r  
    E3                                                0.000     0.000 r  clk_i (IN)
                         net (fo=0)                   0.000     0.000    Inst_ClkGen/inst/clk_100MHz_i
    E3                   IBUF (Prop_ibuf_I_O)         0.438     0.438 r  Inst_ClkGen/inst/clkin1_ibufg/O
                         net (fo=1, routed)           0.480     0.918    Inst_ClkGen/inst/clk_100MHz_i_ClkGen
    MMCME2_ADV_X1Y2      MMCME2_ADV (Prop_mmcme2_adv_CLKIN1_CLKOUT0)
                                                     -3.163    -2.245 r  Inst_ClkGen/inst/mmcm_adv_inst/CLKOUT0
                         net (fo=1, routed)           0.544    -1.702    Inst_ClkGen/inst/clk_100MHz_o_ClkGen
    BUFGCTRL_X0Y16       BUFG (Prop_bufg_I_O)         0.029    -1.673 r  Inst_ClkGen/inst/clkout1_buf/O
                         net (fo=358, routed)         0.860    -0.812    Inst_VGA/clk_100MHz_o
    SLICE_X72Y104        FDRE                                         r  Inst_VGA/vga_blue_reg_reg[1]/C
                         clock pessimism              0.509    -0.303    
    SLICE_X72Y104        FDRE (Hold_fdre_C_D)         0.091    -0.212    Inst_VGA/vga_blue_reg_reg[1]
  -------------------------------------------------------------------
                         required time                          0.212    
                         arrival time                          -0.014    
  -------------------------------------------------------------------
                         slack                                  0.198    

Slack (MET) :             0.209ns  (arrival time - required time)
  Source:                 Inst_VGA/logo_green_dly_reg[0]/C
                            (rising edge-triggered cell FDRE clocked by clk_100MHz_o_ClkGen  {rise@0.000ns fall@4.632ns period=9.263ns})
  Destination:            Inst_VGA/vga_green_reg_reg[0]/D
                            (rising edge-triggered cell FDRE clocked by clk_100MHz_o_ClkGen  {rise@0.000ns fall@4.632ns period=9.263ns})
  Path Group:             clk_100MHz_o_ClkGen
  Path Type:              Hold (Min at Fast Process Corner)
  Requirement:            0.000ns  (clk_100MHz_o_ClkGen rise@0.000ns - clk_100MHz_o_ClkGen rise@0.000ns)
  Data Path Delay:        0.566ns  (logic 0.209ns (36.949%)  route 0.357ns (63.051%))
  Logic Levels:           1  (LUT5=1)
  Clock Path Skew:        0.266ns (DCD - SCD - CPR)
    Destination Clock Delay (DCD):    -0.839ns
    Source Clock Delay      (SCD):    -0.596ns
    Clock Pessimism Removal (CPR):    -0.509ns

    Location             Delay type                Incr(ns)  Path(ns)    Netlist Resource(s)
  -------------------------------------------------------------------    -------------------
                         (clock clk_100MHz_o_ClkGen rise edge)
                                                      0.000     0.000 r  
    E3                                                0.000     0.000 r  clk_i (IN)
                         net (fo=0)                   0.000     0.000    Inst_ClkGen/inst/clk_100MHz_i
    E3                   IBUF (Prop_ibuf_I_O)         0.250     0.250 r  Inst_ClkGen/inst/clkin1_ibufg/O
                         net (fo=1, routed)           0.440     0.690    Inst_ClkGen/inst/clk_100MHz_i_ClkGen
    MMCME2_ADV_X1Y2      MMCME2_ADV (Prop_mmcme2_adv_CLKIN1_CLKOUT0)
                                                     -2.379    -1.689 r  Inst_ClkGen/inst/mmcm_adv_inst/CLKOUT0
                         net (fo=1, routed)           0.499    -1.190    Inst_ClkGen/inst/clk_100MHz_o_ClkGen
    BUFGCTRL_X0Y16       BUFG (Prop_bufg_I_O)         0.026    -1.164 r  Inst_ClkGen/inst/clkout1_buf/O
                         net (fo=358, routed)         0.568    -0.596    Inst_VGA/clk_100MHz_o
    SLICE_X70Y96         FDRE                                         r  Inst_VGA/logo_green_dly_reg[0]/C
  -------------------------------------------------------------------    -------------------
    SLICE_X70Y96         FDRE (Prop_fdre_C_Q)         0.164    -0.432 r  Inst_VGA/logo_green_dly_reg[0]/Q
                         net (fo=1, routed)           0.357    -0.076    Inst_VGA/logo_green_dly[0]
    SLICE_X71Y105        LUT5 (Prop_lut5_I3_O)        0.045    -0.031 r  Inst_VGA/vga_green_reg[0]_i_1/O
                         net (fo=1, routed)           0.000    -0.031    Inst_VGA/vga_green__11[0]
    SLICE_X71Y105        FDRE                                         r  Inst_VGA/vga_green_reg_reg[0]/D
  -------------------------------------------------------------------    -------------------

                         (clock clk_100MHz_o_ClkGen rise edge)
                                                      0.000     0.000 r  
    E3                                                0.000     0.000 r  clk_i (IN)
                         net (fo=0)                   0.000     0.000    Inst_ClkGen/inst/clk_100MHz_i
    E3                   IBUF (Prop_ibuf_I_O)         0.438     0.438 r  Inst_ClkGen/inst/clkin1_ibufg/O
                         net (fo=1, routed)           0.480     0.918    Inst_ClkGen/inst/clk_100MHz_i_ClkGen
    MMCME2_ADV_X1Y2      MMCME2_ADV (Prop_mmcme2_adv_CLKIN1_CLKOUT0)
                                                     -3.163    -2.245 r  Inst_ClkGen/inst/mmcm_adv_inst/CLKOUT0
                         net (fo=1, routed)           0.544    -1.702    Inst_ClkGen/inst/clk_100MHz_o_ClkGen
    BUFGCTRL_X0Y16       BUFG (Prop_bufg_I_O)         0.029    -1.673 r  Inst_ClkGen/inst/clkout1_buf/O
                         net (fo=358, routed)         0.834    -0.839    Inst_VGA/clk_100MHz_o
    SLICE_X71Y105        FDRE                                         r  Inst_VGA/vga_green_reg_reg[0]/C
                         clock pessimism              0.509    -0.330    
    SLICE_X71Y105        FDRE (Hold_fdre_C_D)         0.091    -0.239    Inst_VGA/vga_green_reg_reg[0]
  -------------------------------------------------------------------
                         required time                          0.239    
                         arrival time                          -0.031    
  -------------------------------------------------------------------
                         slack                                  0.209    

Slack (MET) :             0.211ns  (arrival time - required time)
  Source:                 Inst_VGA/Inst_LogoDisplay/addr_reg_reg[10]/C
                            (rising edge-triggered cell FDRE clocked by clk_100MHz_o_ClkGen  {rise@0.000ns fall@4.632ns period=9.263ns})
  Destination:            Inst_VGA/Inst_LogoDisplay/Inst_BRAM_1/U0/inst_blk_mem_gen/gnbram.gnativebmg.native_blk_mem_gen/valid.cstr/ramloop[21].ram.r/prim_init.ram/DEVICE_7SERIES.NO_BMM_INFO.SP.SIMPLE_PRIM36.ram/ADDRARDADDR[13]
                            (rising edge-triggered cell RAMB36E1 clocked by clk_100MHz_o_ClkGen  {rise@0.000ns fall@4.632ns period=9.263ns})
  Path Group:             clk_100MHz_o_ClkGen
  Path Type:              Hold (Min at Fast Process Corner)
  Requirement:            0.000ns  (clk_100MHz_o_ClkGen rise@0.000ns - clk_100MHz_o_ClkGen rise@0.000ns)
  Data Path Delay:        0.500ns  (logic 0.164ns (32.786%)  route 0.336ns (67.214%))
  Logic Levels:           0  
  Clock Path Skew:        0.106ns (DCD - SCD - CPR)
    Destination Clock Delay (DCD):    -0.771ns
    Source Clock Delay      (SCD):    -0.602ns
    Clock Pessimism Removal (CPR):    -0.275ns

    Location             Delay type                Incr(ns)  Path(ns)    Netlist Resource(s)
  -------------------------------------------------------------------    -------------------
                         (clock clk_100MHz_o_ClkGen rise edge)
                                                      0.000     0.000 r  
    E3                                                0.000     0.000 r  clk_i (IN)
                         net (fo=0)                   0.000     0.000    Inst_ClkGen/inst/clk_100MHz_i
    E3                   IBUF (Prop_ibuf_I_O)         0.250     0.250 r  Inst_ClkGen/inst/clkin1_ibufg/O
                         net (fo=1, routed)           0.440     0.690    Inst_ClkGen/inst/clk_100MHz_i_ClkGen
    MMCME2_ADV_X1Y2      MMCME2_ADV (Prop_mmcme2_adv_CLKIN1_CLKOUT0)
                                                     -2.379    -1.689 r  Inst_ClkGen/inst/mmcm_adv_inst/CLKOUT0
                         net (fo=1, routed)           0.499    -1.190    Inst_ClkGen/inst/clk_100MHz_o_ClkGen
    BUFGCTRL_X0Y16       BUFG (Prop_bufg_I_O)         0.026    -1.164 r  Inst_ClkGen/inst/clkout1_buf/O
                         net (fo=358, routed)         0.562    -0.602    Inst_VGA/Inst_LogoDisplay/clk_100MHz_o
    SLICE_X70Y105        FDRE                                         r  Inst_VGA/Inst_LogoDisplay/addr_reg_reg[10]/C
  -------------------------------------------------------------------    -------------------
    SLICE_X70Y105        FDRE (Prop_fdre_C_Q)         0.164    -0.438 r  Inst_VGA/Inst_LogoDisplay/addr_reg_reg[10]/Q
                         net (fo=33, routed)          0.336    -0.102    Inst_VGA/Inst_LogoDisplay/Inst_BRAM_1/U0/inst_blk_mem_gen/gnbram.gnativebmg.native_blk_mem_gen/valid.cstr/ramloop[21].ram.r/prim_init.ram/addra[10]
    RAMB36_X2Y21         RAMB36E1                                     r  Inst_VGA/Inst_LogoDisplay/Inst_BRAM_1/U0/inst_blk_mem_gen/gnbram.gnativebmg.native_blk_mem_gen/valid.cstr/ramloop[21].ram.r/prim_init.ram/DEVICE_7SERIES.NO_BMM_INFO.SP.SIMPLE_PRIM36.ram/ADDRARDADDR[13]
  -------------------------------------------------------------------    -------------------

                         (clock clk_100MHz_o_ClkGen rise edge)
                                                      0.000     0.000 r  
    E3                                                0.000     0.000 r  clk_i (IN)
                         net (fo=0)                   0.000     0.000    Inst_ClkGen/inst/clk_100MHz_i
    E3                   IBUF (Prop_ibuf_I_O)         0.438     0.438 r  Inst_ClkGen/inst/clkin1_ibufg/O
                         net (fo=1, routed)           0.480     0.918    Inst_ClkGen/inst/clk_100MHz_i_ClkGen
    MMCME2_ADV_X1Y2      MMCME2_ADV (Prop_mmcme2_adv_CLKIN1_CLKOUT0)
                                                     -3.163    -2.245 r  Inst_ClkGen/inst/mmcm_adv_inst/CLKOUT0
                         net (fo=1, routed)           0.544    -1.702    Inst_ClkGen/inst/clk_100MHz_o_ClkGen
    BUFGCTRL_X0Y16       BUFG (Prop_bufg_I_O)         0.029    -1.673 r  Inst_ClkGen/inst/clkout1_buf/O
                         net (fo=358, routed)         0.902    -0.771    Inst_VGA/Inst_LogoDisplay/Inst_BRAM_1/U0/inst_blk_mem_gen/gnbram.gnativebmg.native_blk_mem_gen/valid.cstr/ramloop[21].ram.r/prim_init.ram/clka
    RAMB36_X2Y21         RAMB36E1                                     r  Inst_VGA/Inst_LogoDisplay/Inst_BRAM_1/U0/inst_blk_mem_gen/gnbram.gnativebmg.native_blk_mem_gen/valid.cstr/ramloop[21].ram.r/prim_init.ram/DEVICE_7SERIES.NO_BMM_INFO.SP.SIMPLE_PRIM36.ram/CLKARDCLK
                         clock pessimism              0.275    -0.496    
    RAMB36_X2Y21         RAMB36E1 (Hold_ramb36e1_CLKARDCLK_ADDRARDADDR[13])
                                                      0.183    -0.313    Inst_VGA/Inst_LogoDisplay/Inst_BRAM_1/U0/inst_blk_mem_gen/gnbram.gnativebmg.native_blk_mem_gen/valid.cstr/ramloop[21].ram.r/prim_init.ram/DEVICE_7SERIES.NO_BMM_INFO.SP.SIMPLE_PRIM36.ram
  -------------------------------------------------------------------
                         required time                          0.313    
                         arrival time                          -0.102    
  -------------------------------------------------------------------
                         slack                                  0.211    

Slack (MET) :             0.212ns  (arrival time - required time)
  Source:                 Inst_VGA/Inst_LogoDisplay/addr_reg_reg[10]/C
                            (rising edge-triggered cell FDRE clocked by clk_100MHz_o_ClkGen  {rise@0.000ns fall@4.632ns period=9.263ns})
  Destination:            Inst_VGA/Inst_LogoDisplay/Inst_BRAM_1/U0/inst_blk_mem_gen/gnbram.gnativebmg.native_blk_mem_gen/valid.cstr/ramloop[9].ram.r/prim_init.ram/DEVICE_7SERIES.NO_BMM_INFO.SP.SIMPLE_PRIM36.ram/ADDRARDADDR[13]
                            (rising edge-triggered cell RAMB36E1 clocked by clk_100MHz_o_ClkGen  {rise@0.000ns fall@4.632ns period=9.263ns})
  Path Group:             clk_100MHz_o_ClkGen
  Path Type:              Hold (Min at Fast Process Corner)
  Requirement:            0.000ns  (clk_100MHz_o_ClkGen rise@0.000ns - clk_100MHz_o_ClkGen rise@0.000ns)
  Data Path Delay:        0.744ns  (logic 0.164ns (22.057%)  route 0.580ns (77.943%))
  Logic Levels:           0  
  Clock Path Skew:        0.348ns (DCD - SCD - CPR)
    Destination Clock Delay (DCD):    -0.763ns
    Source Clock Delay      (SCD):    -0.602ns
    Clock Pessimism Removal (CPR):    -0.509ns

    Location             Delay type                Incr(ns)  Path(ns)    Netlist Resource(s)
  -------------------------------------------------------------------    -------------------
                         (clock clk_100MHz_o_ClkGen rise edge)
                                                      0.000     0.000 r  
    E3                                                0.000     0.000 r  clk_i (IN)
                         net (fo=0)                   0.000     0.000    Inst_ClkGen/inst/clk_100MHz_i
    E3                   IBUF (Prop_ibuf_I_O)         0.250     0.250 r  Inst_ClkGen/inst/clkin1_ibufg/O
                         net (fo=1, routed)           0.440     0.690    Inst_ClkGen/inst/clk_100MHz_i_ClkGen
    MMCME2_ADV_X1Y2      MMCME2_ADV (Prop_mmcme2_adv_CLKIN1_CLKOUT0)
                                                     -2.379    -1.689 r  Inst_ClkGen/inst/mmcm_adv_inst/CLKOUT0
                         net (fo=1, routed)           0.499    -1.190    Inst_ClkGen/inst/clk_100MHz_o_ClkGen
    BUFGCTRL_X0Y16       BUFG (Prop_bufg_I_O)         0.026    -1.164 r  Inst_ClkGen/inst/clkout1_buf/O
                         net (fo=358, routed)         0.562    -0.602    Inst_VGA/Inst_LogoDisplay/clk_100MHz_o
    SLICE_X70Y105        FDRE                                         r  Inst_VGA/Inst_LogoDisplay/addr_reg_reg[10]/C
  -------------------------------------------------------------------    -------------------
    SLICE_X70Y105        FDRE (Prop_fdre_C_Q)         0.164    -0.438 r  Inst_VGA/Inst_LogoDisplay/addr_reg_reg[10]/Q
                         net (fo=33, routed)          0.580     0.141    Inst_VGA/Inst_LogoDisplay/Inst_BRAM_1/U0/inst_blk_mem_gen/gnbram.gnativebmg.native_blk_mem_gen/valid.cstr/ramloop[9].ram.r/prim_init.ram/addra[10]
    RAMB36_X2Y19         RAMB36E1                                     r  Inst_VGA/Inst_LogoDisplay/Inst_BRAM_1/U0/inst_blk_mem_gen/gnbram.gnativebmg.native_blk_mem_gen/valid.cstr/ramloop[9].ram.r/prim_init.ram/DEVICE_7SERIES.NO_BMM_INFO.SP.SIMPLE_PRIM36.ram/ADDRARDADDR[13]
  -------------------------------------------------------------------    -------------------

                         (clock clk_100MHz_o_ClkGen rise edge)
                                                      0.000     0.000 r  
    E3                                                0.000     0.000 r  clk_i (IN)
                         net (fo=0)                   0.000     0.000    Inst_ClkGen/inst/clk_100MHz_i
    E3                   IBUF (Prop_ibuf_I_O)         0.438     0.438 r  Inst_ClkGen/inst/clkin1_ibufg/O
                         net (fo=1, routed)           0.480     0.918    Inst_ClkGen/inst/clk_100MHz_i_ClkGen
    MMCME2_ADV_X1Y2      MMCME2_ADV (Prop_mmcme2_adv_CLKIN1_CLKOUT0)
                                                     -3.163    -2.245 r  Inst_ClkGen/inst/mmcm_adv_inst/CLKOUT0
                         net (fo=1, routed)           0.544    -1.702    Inst_ClkGen/inst/clk_100MHz_o_ClkGen
    BUFGCTRL_X0Y16       BUFG (Prop_bufg_I_O)         0.029    -1.673 r  Inst_ClkGen/inst/clkout1_buf/O
                         net (fo=358, routed)         0.910    -0.763    Inst_VGA/Inst_LogoDisplay/Inst_BRAM_1/U0/inst_blk_mem_gen/gnbram.gnativebmg.native_blk_mem_gen/valid.cstr/ramloop[9].ram.r/prim_init.ram/clka
    RAMB36_X2Y19         RAMB36E1                                     r  Inst_VGA/Inst_LogoDisplay/Inst_BRAM_1/U0/inst_blk_mem_gen/gnbram.gnativebmg.native_blk_mem_gen/valid.cstr/ramloop[9].ram.r/prim_init.ram/DEVICE_7SERIES.NO_BMM_INFO.SP.SIMPLE_PRIM36.ram/CLKARDCLK
                         clock pessimism              0.509    -0.254    
    RAMB36_X2Y19         RAMB36E1 (Hold_ramb36e1_CLKARDCLK_ADDRARDADDR[13])
                                                      0.183    -0.071    Inst_VGA/Inst_LogoDisplay/Inst_BRAM_1/U0/inst_blk_mem_gen/gnbram.gnativebmg.native_blk_mem_gen/valid.cstr/ramloop[9].ram.r/prim_init.ram/DEVICE_7SERIES.NO_BMM_INFO.SP.SIMPLE_PRIM36.ram
  -------------------------------------------------------------------
                         required time                          0.071    
                         arrival time                           0.141    
  -------------------------------------------------------------------
                         slack                                  0.212    





Pulse Width Checks
--------------------------------------------------------------------------------------
Clock Name:         clk_100MHz_o_ClkGen
Waveform(ns):       { 0.000 4.632 }
Period(ns):         9.263
Sources:            { Inst_ClkGen/inst/mmcm_adv_inst/CLKOUT0 }

Check Type        Corner  Lib Pin             Reference Pin  Required(ns)  Actual(ns)  Slack(ns)  Location         Pin
Min Period        n/a     RAMB36E1/CLKARDCLK  n/a            2.892         9.263       6.371      RAMB36_X3Y15     Inst_VGA/Inst_LogoDisplay/Inst_BRAM_1/U0/inst_blk_mem_gen/gnbram.gnativebmg.native_blk_mem_gen/valid.cstr/ramloop[0].ram.r/prim_init.ram/DEVICE_7SERIES.NO_BMM_INFO.SP.CASCADED_PRIM36.ram_B/CLKARDCLK
Min Period        n/a     RAMB36E1/CLKARDCLK  n/a            2.892         9.263       6.371      RAMB36_X3Y16     Inst_VGA/Inst_LogoDisplay/Inst_BRAM_1/U0/inst_blk_mem_gen/gnbram.gnativebmg.native_blk_mem_gen/valid.cstr/ramloop[0].ram.r/prim_init.ram/DEVICE_7SERIES.NO_BMM_INFO.SP.CASCADED_PRIM36.ram_T/CLKARDCLK
Min Period        n/a     RAMB36E1/CLKARDCLK  n/a            2.892         9.263       6.371      RAMB36_X2Y14     Inst_VGA/Inst_LogoDisplay/Inst_BRAM_1/U0/inst_blk_mem_gen/gnbram.gnativebmg.native_blk_mem_gen/valid.cstr/ramloop[2].ram.r/prim_init.ram/DEVICE_7SERIES.NO_BMM_INFO.SP.CASCADED_PRIM36.ram_B/CLKARDCLK
Min Period        n/a     RAMB36E1/CLKARDCLK  n/a            2.892         9.263       6.371      RAMB36_X2Y15     Inst_VGA/Inst_LogoDisplay/Inst_BRAM_1/U0/inst_blk_mem_gen/gnbram.gnativebmg.native_blk_mem_gen/valid.cstr/ramloop[2].ram.r/prim_init.ram/DEVICE_7SERIES.NO_BMM_INFO.SP.CASCADED_PRIM36.ram_T/CLKARDCLK
Min Period        n/a     RAMB36E1/CLKARDCLK  n/a            2.892         9.263       6.371      RAMB36_X3Y18     Inst_VGA/Inst_LogoDisplay/Inst_BRAM_1/U0/inst_blk_mem_gen/gnbram.gnativebmg.native_blk_mem_gen/valid.cstr/ramloop[4].ram.r/prim_init.ram/DEVICE_7SERIES.NO_BMM_INFO.SP.CASCADED_PRIM36.ram_B/CLKARDCLK
Min Period        n/a     RAMB36E1/CLKARDCLK  n/a            2.892         9.263       6.371      RAMB36_X3Y19     Inst_VGA/Inst_LogoDisplay/Inst_BRAM_1/U0/inst_blk_mem_gen/gnbram.gnativebmg.native_blk_mem_gen/valid.cstr/ramloop[4].ram.r/prim_init.ram/DEVICE_7SERIES.NO_BMM_INFO.SP.CASCADED_PRIM36.ram_T/CLKARDCLK
Min Period        n/a     RAMB36E1/CLKBWRCLK  n/a            2.576         9.263       6.687      RAMB36_X3Y15     Inst_VGA/Inst_LogoDisplay/Inst_BRAM_1/U0/inst_blk_mem_gen/gnbram.gnativebmg.native_blk_mem_gen/valid.cstr/ramloop[0].ram.r/prim_init.ram/DEVICE_7SERIES.NO_BMM_INFO.SP.CASCADED_PRIM36.ram_B/CLKBWRCLK
Min Period        n/a     RAMB36E1/CLKBWRCLK  n/a            2.576         9.263       6.687      RAMB36_X3Y16     Inst_VGA/Inst_LogoDisplay/Inst_BRAM_1/U0/inst_blk_mem_gen/gnbram.gnativebmg.native_blk_mem_gen/valid.cstr/ramloop[0].ram.r/prim_init.ram/DEVICE_7SERIES.NO_BMM_INFO.SP.CASCADED_PRIM36.ram_T/CLKBWRCLK
Min Period        n/a     RAMB36E1/CLKARDCLK  n/a            2.576         9.263       6.687      RAMB36_X3Y17     Inst_VGA/Inst_LogoDisplay/Inst_BRAM_1/U0/inst_blk_mem_gen/gnbram.gnativebmg.native_blk_mem_gen/valid.cstr/ramloop[10].ram.r/prim_init.ram/DEVICE_7SERIES.NO_BMM_INFO.SP.SIMPLE_PRIM36.ram/CLKARDCLK
Min Period        n/a     RAMB36E1/CLKBWRCLK  n/a            2.576         9.263       6.687      RAMB36_X3Y17     Inst_VGA/Inst_LogoDisplay/Inst_BRAM_1/U0/inst_blk_mem_gen/gnbram.gnativebmg.native_blk_mem_gen/valid.cstr/ramloop[10].ram.r/prim_init.ram/DEVICE_7SERIES.NO_BMM_INFO.SP.SIMPLE_PRIM36.ram/CLKBWRCLK
Max Period        n/a     MMCME2_ADV/CLKOUT0  n/a            213.360       9.263       204.097    MMCME2_ADV_X1Y2  Inst_ClkGen/inst/mmcm_adv_inst/CLKOUT0
Low Pulse Width   Slow    FDRE/C              n/a            0.500         4.632       4.132      SLICE_X74Y104    Inst_VGA/Square_blue_dly_reg[0]/C
Low Pulse Width   Fast    FDRE/C              n/a            0.500         4.632       4.132      SLICE_X74Y104    Inst_VGA/Square_blue_dly_reg[0]/C
Low Pulse Width   Slow    FDRE/C              n/a            0.500         4.632       4.132      SLICE_X69Y104    Inst_VGA/Square_blue_dly_reg[1]/C
Low Pulse Width   Fast    FDRE/C              n/a            0.500         4.632       4.132      SLICE_X69Y104    Inst_VGA/Square_blue_dly_reg[1]/C
Low Pulse Width   Slow    FDRE/C              n/a            0.500         4.632       4.132      SLICE_X74Y104    Inst_VGA/Square_blue_dly_reg[2]/C
Low Pulse Width   Fast    FDRE/C              n/a            0.500         4.632       4.132      SLICE_X74Y104    Inst_VGA/Square_blue_dly_reg[2]/C
Low Pulse Width   Slow    FDRE/C              n/a            0.500         4.632       4.132      SLICE_X71Y104    Inst_VGA/Square_blue_dly_reg[3]/C
Low Pulse Width   Fast    FDRE/C              n/a            0.500         4.632       4.132      SLICE_X71Y104    Inst_VGA/Square_blue_dly_reg[3]/C
Low Pulse Width   Slow    FDRE/C              n/a            0.500         4.632       4.132      SLICE_X69Y104    Inst_VGA/Square_green_dly_reg[0]/C
Low Pulse Width   Fast    FDRE/C              n/a            0.500         4.632       4.132      SLICE_X69Y104    Inst_VGA/Square_green_dly_reg[0]/C
High Pulse Width  Slow    FDRE/C              n/a            0.500         4.632       4.132      SLICE_X74Y104    Inst_VGA/Square_blue_dly_reg[0]/C
High Pulse Width  Fast    FDRE/C              n/a            0.500         4.632       4.132      SLICE_X74Y104    Inst_VGA/Square_blue_dly_reg[0]/C
High Pulse Width  Slow    FDRE/C              n/a            0.500         4.632       4.132      SLICE_X69Y104    Inst_VGA/Square_blue_dly_reg[1]/C
High Pulse Width  Fast    FDRE/C              n/a            0.500         4.632       4.132      SLICE_X69Y104    Inst_VGA/Square_blue_dly_reg[1]/C
High Pulse Width  Slow    FDRE/C              n/a            0.500         4.632       4.132      SLICE_X74Y104    Inst_VGA/Square_blue_dly_reg[2]/C
High Pulse Width  Fast    FDRE/C              n/a            0.500         4.632       4.132      SLICE_X74Y104    Inst_VGA/Square_blue_dly_reg[2]/C
High Pulse Width  Slow    FDRE/C              n/a            0.500         4.632       4.132      SLICE_X71Y104    Inst_VGA/Square_blue_dly_reg[3]/C
High Pulse Width  Fast    FDRE/C              n/a            0.500         4.632       4.132      SLICE_X71Y104    Inst_VGA/Square_blue_dly_reg[3]/C
High Pulse Width  Slow    FDRE/C              n/a            0.500         4.632       4.132      SLICE_X69Y104    Inst_VGA/Square_green_dly_reg[0]/C
High Pulse Width  Fast    FDRE/C              n/a            0.500         4.632       4.132      SLICE_X69Y104    Inst_VGA/Square_green_dly_reg[0]/C



---------------------------------------------------------------------------------------------------
From Clock:  clkfbout_ClkGen
  To Clock:  clkfbout_ClkGen

Setup :           NA  Failing Endpoints,  Worst Slack           NA  ,  Total Violation           NA
Hold  :           NA  Failing Endpoints,  Worst Slack           NA  ,  Total Violation           NA
PW    :            0  Failing Endpoints,  Worst Slack        7.845ns,  Total Violation        0.000ns
---------------------------------------------------------------------------------------------------


Pulse Width Checks
--------------------------------------------------------------------------------------
Clock Name:         clkfbout_ClkGen
Waveform(ns):       { 0.000 5.000 }
Period(ns):         10.000
Sources:            { Inst_ClkGen/inst/mmcm_adv_inst/CLKFBOUT }

Check Type  Corner  Lib Pin              Reference Pin  Required(ns)  Actual(ns)  Slack(ns)  Location         Pin
Min Period  n/a     BUFG/I               n/a            2.155         10.000      7.845      BUFGCTRL_X0Y17   Inst_ClkGen/inst/clkf_buf/I
Min Period  n/a     MMCME2_ADV/CLKFBOUT  n/a            1.249         10.000      8.751      MMCME2_ADV_X1Y2  Inst_ClkGen/inst/mmcm_adv_inst/CLKFBOUT
Min Period  n/a     MMCME2_ADV/CLKFBIN   n/a            1.249         10.000      8.751      MMCME2_ADV_X1Y2  Inst_ClkGen/inst/mmcm_adv_inst/CLKFBIN
Max Period  n/a     MMCME2_ADV/CLKFBIN   n/a            100.000       10.000      90.000     MMCME2_ADV_X1Y2  Inst_ClkGen/inst/mmcm_adv_inst/CLKFBIN
Max Period  n/a     MMCME2_ADV/CLKFBOUT  n/a            213.360       10.000      203.360    MMCME2_ADV_X1Y2  Inst_ClkGen/inst/mmcm_adv_inst/CLKFBOUT



---------------------------------------------------------------------------------------------------
From Clock:  sys_clk_pin
  To Clock:  sys_clk_pin

Setup :           NA  Failing Endpoints,  Worst Slack           NA  ,  Total Violation           NA
Hold  :           NA  Failing Endpoints,  Worst Slack           NA  ,  Total Violation           NA
PW    :            0  Failing Endpoints,  Worst Slack        3.000ns,  Total Violation        0.000ns
---------------------------------------------------------------------------------------------------


Pulse Width Checks
--------------------------------------------------------------------------------------
Clock Name:         sys_clk_pin
Waveform(ns):       { 0.000 5.000 }
Period(ns):         10.000
Sources:            { clk_i }

Check Type        Corner  Lib Pin            Reference Pin  Required(ns)  Actual(ns)  Slack(ns)  Location         Pin
Min Period        n/a     MMCME2_ADV/CLKIN1  n/a            1.249         10.000      8.751      MMCME2_ADV_X1Y2  Inst_ClkGen/inst/mmcm_adv_inst/CLKIN1
Max Period        n/a     MMCME2_ADV/CLKIN1  n/a            100.000       10.000      90.000     MMCME2_ADV_X1Y2  Inst_ClkGen/inst/mmcm_adv_inst/CLKIN1
Low Pulse Width   Slow    MMCME2_ADV/CLKIN1  n/a            2.000         5.000       3.000      MMCME2_ADV_X1Y2  Inst_ClkGen/inst/mmcm_adv_inst/CLKIN1
Low Pulse Width   Fast    MMCME2_ADV/CLKIN1  n/a            2.000         5.000       3.000      MMCME2_ADV_X1Y2  Inst_ClkGen/inst/mmcm_adv_inst/CLKIN1
High Pulse Width  Slow    MMCME2_ADV/CLKIN1  n/a            2.000         5.000       3.000      MMCME2_ADV_X1Y2  Inst_ClkGen/inst/mmcm_adv_inst/CLKIN1
High Pulse Width  Fast    MMCME2_ADV/CLKIN1  n/a            2.000         5.000       3.000      MMCME2_ADV_X1Y2  Inst_ClkGen/inst/mmcm_adv_inst/CLKIN1



---------------------------------------------------------------------------------------------------
From Clock:  clk_100MHz_o_ClkGen_1
  To Clock:  clk_100MHz_o_ClkGen_1

Setup :            0  Failing Endpoints,  Worst Slack        0.099ns,  Total Violation        0.000ns
Hold  :            0  Failing Endpoints,  Worst Slack        0.136ns,  Total Violation        0.000ns
PW    :            0  Failing Endpoints,  Worst Slack        4.132ns,  Total Violation        0.000ns
---------------------------------------------------------------------------------------------------


Max Delay Paths
--------------------------------------------------------------------------------------
Slack (MET) :             0.099ns  (required time - arrival time)
  Source:                 Inst_VGA/Inst_OverlayCtrl/addr_cntr_reg_reg_rep_rep[1]_rep/C
                            (rising edge-triggered cell FDRE clocked by clk_100MHz_o_ClkGen_1  {rise@0.000ns fall@4.632ns period=9.263ns})
  Destination:            Inst_VGA/Inst_OverlayCtrl/data_dummy_reg[0]/D
                            (rising edge-triggered cell FDRE clocked by clk_100MHz_o_ClkGen_1  {rise@0.000ns fall@4.632ns period=9.263ns})
  Path Group:             clk_100MHz_o_ClkGen_1
  Path Type:              Setup (Max at Slow Process Corner)
  Requirement:            9.263ns  (clk_100MHz_o_ClkGen_1 rise@9.263ns - clk_100MHz_o_ClkGen_1 rise@0.000ns)
  Data Path Delay:        9.090ns  (logic 2.479ns (27.271%)  route 6.611ns (72.729%))
  Logic Levels:           10  (LUT3=1 LUT4=2 LUT5=1 LUT6=5 MUXF7=1)
  Clock Path Skew:        -0.039ns (DCD - SCD + CPR)
    Destination Clock Delay (DCD):    -1.452ns = ( 7.811 - 9.263 ) 
    Source Clock Delay      (SCD):    -0.853ns
    Clock Pessimism Removal (CPR):    0.560ns
  Clock Uncertainty:      0.067ns  ((TSJ^2 + DJ^2)^1/2) / 2 + PE
    Total System Jitter     (TSJ):    0.071ns
    Discrete Jitter          (DJ):    0.113ns
    Phase Error              (PE):    0.000ns

    Location             Delay type                Incr(ns)  Path(ns)    Netlist Resource(s)
  -------------------------------------------------------------------    -------------------
                         (clock clk_100MHz_o_ClkGen_1 rise edge)
                                                      0.000     0.000 r  
    E3                                                0.000     0.000 r  clk_i (IN)
                         net (fo=0)                   0.000     0.000    Inst_ClkGen/inst/clk_100MHz_i
    E3                   IBUF (Prop_ibuf_I_O)         1.482     1.482 r  Inst_ClkGen/inst/clkin1_ibufg/O
                         net (fo=1, routed)           1.233     2.715    Inst_ClkGen/inst/clk_100MHz_i_ClkGen
    MMCME2_ADV_X1Y2      MMCME2_ADV (Prop_mmcme2_adv_CLKIN1_CLKOUT0)
                                                     -7.070    -4.355 r  Inst_ClkGen/inst/mmcm_adv_inst/CLKOUT0
                         net (fo=1, routed)           1.719    -2.636    Inst_ClkGen/inst/clk_100MHz_o_ClkGen
    BUFGCTRL_X0Y16       BUFG (Prop_bufg_I_O)         0.096    -2.540 r  Inst_ClkGen/inst/clkout1_buf/O
                         net (fo=358, routed)         1.687    -0.853    Inst_VGA/Inst_OverlayCtrl/clk_100MHz_o
    SLICE_X78Y126        FDRE                                         r  Inst_VGA/Inst_OverlayCtrl/addr_cntr_reg_reg_rep_rep[1]_rep/C
  -------------------------------------------------------------------    -------------------
    SLICE_X78Y126        FDRE (Prop_fdre_C_Q)         0.518    -0.335 r  Inst_VGA/Inst_OverlayCtrl/addr_cntr_reg_reg_rep_rep[1]_rep/Q
                         net (fo=91, routed)          1.053     0.718    Inst_VGA/Inst_OverlayCtrl/addr_cntr_reg_reg_rep_rep[1]_rep_n_0
    SLICE_X78Y126        LUT4 (Prop_lut4_I2_O)        0.150     0.868 r  Inst_VGA/Inst_OverlayCtrl/p_0_out_inferred__2/data_dummy[0]_i_1314/O
                         net (fo=16, routed)          0.517     1.385    Inst_VGA/Inst_OverlayCtrl/p_0_out_inferred__2/data_dummy[0]_i_1314_n_0
    SLICE_X78Y125        LUT6 (Prop_lut6_I3_O)        0.328     1.713 r  Inst_VGA/Inst_OverlayCtrl/p_0_out_inferred__2/data_dummy[0]_i_685/O
                         net (fo=41, routed)          1.052     2.765    Inst_VGA/Inst_OverlayCtrl/p_0_out_inferred__2/data_dummy[0]_i_685_n_0
    SLICE_X78Y129        LUT4 (Prop_lut4_I2_O)        0.148     2.913 r  Inst_VGA/Inst_OverlayCtrl/p_0_out_inferred__2/data_dummy[0]_i_898/O
                         net (fo=1, routed)           0.718     3.631    Inst_VGA/Inst_OverlayCtrl/p_0_out_inferred__2/data_dummy[0]_i_898_n_0
    SLICE_X78Y129        LUT5 (Prop_lut5_I4_O)        0.328     3.959 r  Inst_VGA/Inst_OverlayCtrl/p_0_out_inferred__2/data_dummy[0]_i_423/O
                         net (fo=1, routed)           0.953     4.912    Inst_VGA/Inst_OverlayCtrl/p_0_out_inferred__2/data_dummy[0]_i_423_n_0
    SLICE_X74Y129        LUT6 (Prop_lut6_I0_O)        0.124     5.036 r  Inst_VGA/Inst_OverlayCtrl/p_0_out_inferred__2/data_dummy[0]_i_143/O
                         net (fo=1, routed)           0.858     5.895    Inst_VGA/Inst_OverlayCtrl/p_0_out_inferred__2/data_dummy[0]_i_143_n_0
    SLICE_X74Y129        LUT6 (Prop_lut6_I3_O)        0.124     6.019 r  Inst_VGA/Inst_OverlayCtrl/p_0_out_inferred__2/data_dummy[0]_i_44/O
                         net (fo=1, routed)           0.448     6.466    Inst_VGA/Inst_OverlayCtrl/p_0_out_inferred__2/data_dummy[0]_i_44_n_0
    SLICE_X73Y129        LUT3 (Prop_lut3_I2_O)        0.124     6.590 r  Inst_VGA/Inst_OverlayCtrl/p_0_out_inferred__2/data_dummy[0]_i_15/O
                         net (fo=1, routed)           0.434     7.024    Inst_VGA/Inst_OverlayCtrl/p_0_out_inferred__2/data_dummy[0]_i_15_n_0
    SLICE_X73Y130        LUT6 (Prop_lut6_I5_O)        0.124     7.148 r  Inst_VGA/Inst_OverlayCtrl/p_0_out_inferred__2/data_dummy[0]_i_5/O
                         net (fo=1, routed)           0.000     7.148    Inst_VGA/Inst_OverlayCtrl/p_0_out_inferred__2/data_dummy[0]_i_5_n_0
    SLICE_X73Y130        MUXF7 (Prop_muxf7_I0_O)      0.212     7.360 r  Inst_VGA/Inst_OverlayCtrl/data_dummy_reg[0]_i_2/O
                         net (fo=1, routed)           0.578     7.938    Inst_VGA/Inst_OverlayCtrl/data_dummy_reg[0]_i_2_n_0
    SLICE_X73Y131        LUT6 (Prop_lut6_I0_O)        0.299     8.237 r  Inst_VGA/Inst_OverlayCtrl/data_dummy[0]_i_1/O
                         net (fo=1, routed)           0.000     8.237    Inst_VGA/Inst_OverlayCtrl/data_dummy[0]_i_1_n_0
    SLICE_X73Y131        FDRE                                         r  Inst_VGA/Inst_OverlayCtrl/data_dummy_reg[0]/D
  -------------------------------------------------------------------    -------------------

                         (clock clk_100MHz_o_ClkGen_1 rise edge)
                                                      9.263     9.263 r  
    E3                                                0.000     9.263 r  clk_i (IN)
                         net (fo=0)                   0.000     9.263    Inst_ClkGen/inst/clk_100MHz_i
    E3                   IBUF (Prop_ibuf_I_O)         1.411    10.674 r  Inst_ClkGen/inst/clkin1_ibufg/O
                         net (fo=1, routed)           1.162    11.836    Inst_ClkGen/inst/clk_100MHz_i_ClkGen
    MMCME2_ADV_X1Y2      MMCME2_ADV (Prop_mmcme2_adv_CLKIN1_CLKOUT0)
                                                     -7.324     4.512 r  Inst_ClkGen/inst/mmcm_adv_inst/CLKOUT0
                         net (fo=1, routed)           1.639     6.152    Inst_ClkGen/inst/clk_100MHz_o_ClkGen
    BUFGCTRL_X0Y16       BUFG (Prop_bufg_I_O)         0.091     6.243 r  Inst_ClkGen/inst/clkout1_buf/O
                         net (fo=358, routed)         1.569     7.811    Inst_VGA/Inst_OverlayCtrl/clk_100MHz_o
    SLICE_X73Y131        FDRE                                         r  Inst_VGA/Inst_OverlayCtrl/data_dummy_reg[0]/C
                         clock pessimism              0.560     8.371    
                         clock uncertainty           -0.067     8.304    
    SLICE_X73Y131        FDRE (Setup_fdre_C_D)        0.032     8.336    Inst_VGA/Inst_OverlayCtrl/data_dummy_reg[0]
  -------------------------------------------------------------------
                         required time                          8.336    
                         arrival time                          -8.237    
  -------------------------------------------------------------------
                         slack                                  0.099    

Slack (MET) :             1.872ns  (required time - arrival time)
  Source:                 Inst_VGA/Inst_LogoDisplay/Inst_BRAM_1/U0/inst_blk_mem_gen/gnbram.gnativebmg.native_blk_mem_gen/valid.cstr/has_mux_a.A/no_softecc_sel_reg.ce_pri.sel_pipe_reg[1]/C
                            (rising edge-triggered cell FDRE clocked by clk_100MHz_o_ClkGen_1  {rise@0.000ns fall@4.632ns period=9.263ns})
  Destination:            Inst_VGA/logo_blue_dly_reg[3]/D
                            (rising edge-triggered cell FDRE clocked by clk_100MHz_o_ClkGen_1  {rise@0.000ns fall@4.632ns period=9.263ns})
  Path Group:             clk_100MHz_o_ClkGen_1
  Path Type:              Setup (Max at Slow Process Corner)
  Requirement:            9.263ns  (clk_100MHz_o_ClkGen_1 rise@9.263ns - clk_100MHz_o_ClkGen_1 rise@0.000ns)
  Data Path Delay:        7.298ns  (logic 1.148ns (15.730%)  route 6.150ns (84.270%))
  Logic Levels:           3  (LUT5=1 LUT6=1 MUXF7=1)
  Clock Path Skew:        -0.105ns (DCD - SCD + CPR)
    Destination Clock Delay (DCD):    -1.508ns = ( 7.755 - 9.263 ) 
    Source Clock Delay      (SCD):    -0.923ns
    Clock Pessimism Removal (CPR):    0.480ns
  Clock Uncertainty:      0.067ns  ((TSJ^2 + DJ^2)^1/2) / 2 + PE
    Total System Jitter     (TSJ):    0.071ns
    Discrete Jitter          (DJ):    0.113ns
    Phase Error              (PE):    0.000ns

    Location             Delay type                Incr(ns)  Path(ns)    Netlist Resource(s)
  -------------------------------------------------------------------    -------------------
                         (clock clk_100MHz_o_ClkGen_1 rise edge)
                                                      0.000     0.000 r  
    E3                                                0.000     0.000 r  clk_i (IN)
                         net (fo=0)                   0.000     0.000    Inst_ClkGen/inst/clk_100MHz_i
    E3                   IBUF (Prop_ibuf_I_O)         1.482     1.482 r  Inst_ClkGen/inst/clkin1_ibufg/O
                         net (fo=1, routed)           1.233     2.715    Inst_ClkGen/inst/clk_100MHz_i_ClkGen
    MMCME2_ADV_X1Y2      MMCME2_ADV (Prop_mmcme2_adv_CLKIN1_CLKOUT0)
                                                     -7.070    -4.355 r  Inst_ClkGen/inst/mmcm_adv_inst/CLKOUT0
                         net (fo=1, routed)           1.719    -2.636    Inst_ClkGen/inst/clk_100MHz_o_ClkGen
    BUFGCTRL_X0Y16       BUFG (Prop_bufg_I_O)         0.096    -2.540 r  Inst_ClkGen/inst/clkout1_buf/O
                         net (fo=358, routed)         1.617    -0.923    Inst_VGA/Inst_LogoDisplay/Inst_BRAM_1/U0/inst_blk_mem_gen/gnbram.gnativebmg.native_blk_mem_gen/valid.cstr/has_mux_a.A/clka
    SLICE_X66Y104        FDRE                                         r  Inst_VGA/Inst_LogoDisplay/Inst_BRAM_1/U0/inst_blk_mem_gen/gnbram.gnativebmg.native_blk_mem_gen/valid.cstr/has_mux_a.A/no_softecc_sel_reg.ce_pri.sel_pipe_reg[1]/C
  -------------------------------------------------------------------    -------------------
    SLICE_X66Y104        FDRE (Prop_fdre_C_Q)         0.518    -0.405 r  Inst_VGA/Inst_LogoDisplay/Inst_BRAM_1/U0/inst_blk_mem_gen/gnbram.gnativebmg.native_blk_mem_gen/valid.cstr/has_mux_a.A/no_softecc_sel_reg.ce_pri.sel_pipe_reg[1]/Q
                         net (fo=54, routed)          3.810     3.404    Inst_VGA/Inst_LogoDisplay/Inst_BRAM_1/U0/inst_blk_mem_gen/gnbram.gnativebmg.native_blk_mem_gen/valid.cstr/has_mux_a.A/sel_pipe[1]
    SLICE_X62Y65         LUT6 (Prop_lut6_I2_O)        0.124     3.528 r  Inst_VGA/Inst_LogoDisplay/Inst_BRAM_1/U0/inst_blk_mem_gen/gnbram.gnativebmg.native_blk_mem_gen/valid.cstr/has_mux_a.A/douta[3]_INST_0_i_4/O
                         net (fo=1, routed)           0.000     3.528    Inst_VGA/Inst_LogoDisplay/Inst_BRAM_1/U0/inst_blk_mem_gen/gnbram.gnativebmg.native_blk_mem_gen/valid.cstr/has_mux_a.A/douta[3]_INST_0_i_4_n_0
    SLICE_X62Y65         MUXF7 (Prop_muxf7_I0_O)      0.209     3.737 r  Inst_VGA/Inst_LogoDisplay/Inst_BRAM_1/U0/inst_blk_mem_gen/gnbram.gnativebmg.native_blk_mem_gen/valid.cstr/has_mux_a.A/douta[3]_INST_0_i_1/O
                         net (fo=1, routed)           2.341     6.078    Inst_VGA/Inst_LogoDisplay/Inst_BRAM_1/U0/inst_blk_mem_gen/gnbram.gnativebmg.native_blk_mem_gen/valid.cstr/has_mux_a.A/douta[3]_INST_0_i_1_n_0
    SLICE_X70Y96         LUT5 (Prop_lut5_I0_O)        0.297     6.375 r  Inst_VGA/Inst_LogoDisplay/Inst_BRAM_1/U0/inst_blk_mem_gen/gnbram.gnativebmg.native_blk_mem_gen/valid.cstr/has_mux_a.A/douta[3]_INST_0/O
                         net (fo=1, routed)           0.000     6.375    Inst_VGA/logo_blue[3]
    SLICE_X70Y96         FDRE                                         r  Inst_VGA/logo_blue_dly_reg[3]/D
  -------------------------------------------------------------------    -------------------

                         (clock clk_100MHz_o_ClkGen_1 rise edge)
                                                      9.263     9.263 r  
    E3                                                0.000     9.263 r  clk_i (IN)
                         net (fo=0)                   0.000     9.263    Inst_ClkGen/inst/clk_100MHz_i
    E3                   IBUF (Prop_ibuf_I_O)         1.411    10.674 r  Inst_ClkGen/inst/clkin1_ibufg/O
                         net (fo=1, routed)           1.162    11.836    Inst_ClkGen/inst/clk_100MHz_i_ClkGen
    MMCME2_ADV_X1Y2      MMCME2_ADV (Prop_mmcme2_adv_CLKIN1_CLKOUT0)
                                                     -7.324     4.512 r  Inst_ClkGen/inst/mmcm_adv_inst/CLKOUT0
                         net (fo=1, routed)           1.639     6.152    Inst_ClkGen/inst/clk_100MHz_o_ClkGen
    BUFGCTRL_X0Y16       BUFG (Prop_bufg_I_O)         0.091     6.243 r  Inst_ClkGen/inst/clkout1_buf/O
                         net (fo=358, routed)         1.512     7.755    Inst_VGA/clk_100MHz_o
    SLICE_X70Y96         FDRE                                         r  Inst_VGA/logo_blue_dly_reg[3]/C
                         clock pessimism              0.480     8.235    
                         clock uncertainty           -0.067     8.169    
    SLICE_X70Y96         FDRE (Setup_fdre_C_D)        0.079     8.248    Inst_VGA/logo_blue_dly_reg[3]
  -------------------------------------------------------------------
                         required time                          8.248    
                         arrival time                          -6.375    
  -------------------------------------------------------------------
                         slack                                  1.872    

Slack (MET) :             2.112ns  (required time - arrival time)
  Source:                 Inst_VGA/Inst_LogoDisplay/Inst_BRAM_1/U0/inst_blk_mem_gen/gnbram.gnativebmg.native_blk_mem_gen/valid.cstr/has_mux_a.A/no_softecc_sel_reg.ce_pri.sel_pipe_reg[0]/C
                            (rising edge-triggered cell FDRE clocked by clk_100MHz_o_ClkGen_1  {rise@0.000ns fall@4.632ns period=9.263ns})
  Destination:            Inst_VGA/logo_green_dly_reg[3]/D
                            (rising edge-triggered cell FDRE clocked by clk_100MHz_o_ClkGen_1  {rise@0.000ns fall@4.632ns period=9.263ns})
  Path Group:             clk_100MHz_o_ClkGen_1
  Path Type:              Setup (Max at Slow Process Corner)
  Requirement:            9.263ns  (clk_100MHz_o_ClkGen_1 rise@9.263ns - clk_100MHz_o_ClkGen_1 rise@0.000ns)
  Data Path Delay:        7.094ns  (logic 1.153ns (16.253%)  route 5.941ns (83.747%))
  Logic Levels:           3  (LUT5=2 MUXF7=1)
  Clock Path Skew:        -0.022ns (DCD - SCD + CPR)
    Destination Clock Delay (DCD):    -1.425ns = ( 7.838 - 9.263 ) 
    Source Clock Delay      (SCD):    -0.923ns
    Clock Pessimism Removal (CPR):    0.480ns
  Clock Uncertainty:      0.067ns  ((TSJ^2 + DJ^2)^1/2) / 2 + PE
    Total System Jitter     (TSJ):    0.071ns
    Discrete Jitter          (DJ):    0.113ns
    Phase Error              (PE):    0.000ns

    Location             Delay type                Incr(ns)  Path(ns)    Netlist Resource(s)
  -------------------------------------------------------------------    -------------------
                         (clock clk_100MHz_o_ClkGen_1 rise edge)
                                                      0.000     0.000 r  
    E3                                                0.000     0.000 r  clk_i (IN)
                         net (fo=0)                   0.000     0.000    Inst_ClkGen/inst/clk_100MHz_i
    E3                   IBUF (Prop_ibuf_I_O)         1.482     1.482 r  Inst_ClkGen/inst/clkin1_ibufg/O
                         net (fo=1, routed)           1.233     2.715    Inst_ClkGen/inst/clk_100MHz_i_ClkGen
    MMCME2_ADV_X1Y2      MMCME2_ADV (Prop_mmcme2_adv_CLKIN1_CLKOUT0)
                                                     -7.070    -4.355 r  Inst_ClkGen/inst/mmcm_adv_inst/CLKOUT0
                         net (fo=1, routed)           1.719    -2.636    Inst_ClkGen/inst/clk_100MHz_o_ClkGen
    BUFGCTRL_X0Y16       BUFG (Prop_bufg_I_O)         0.096    -2.540 r  Inst_ClkGen/inst/clkout1_buf/O
                         net (fo=358, routed)         1.617    -0.923    Inst_VGA/Inst_LogoDisplay/Inst_BRAM_1/U0/inst_blk_mem_gen/gnbram.gnativebmg.native_blk_mem_gen/valid.cstr/has_mux_a.A/clka
    SLICE_X66Y104        FDRE                                         r  Inst_VGA/Inst_LogoDisplay/Inst_BRAM_1/U0/inst_blk_mem_gen/gnbram.gnativebmg.native_blk_mem_gen/valid.cstr/has_mux_a.A/no_softecc_sel_reg.ce_pri.sel_pipe_reg[0]/C
  -------------------------------------------------------------------    -------------------
    SLICE_X66Y104        FDRE (Prop_fdre_C_Q)         0.518    -0.405 r  Inst_VGA/Inst_LogoDisplay/Inst_BRAM_1/U0/inst_blk_mem_gen/gnbram.gnativebmg.native_blk_mem_gen/valid.cstr/has_mux_a.A/no_softecc_sel_reg.ce_pri.sel_pipe_reg[0]/Q
                         net (fo=54, routed)          3.830     3.425    Inst_VGA/Inst_LogoDisplay/Inst_BRAM_1/U0/inst_blk_mem_gen/gnbram.gnativebmg.native_blk_mem_gen/valid.cstr/has_mux_a.A/sel_pipe[0]
    SLICE_X62Y66         LUT5 (Prop_lut5_I3_O)        0.124     3.549 r  Inst_VGA/Inst_LogoDisplay/Inst_BRAM_1/U0/inst_blk_mem_gen/gnbram.gnativebmg.native_blk_mem_gen/valid.cstr/has_mux_a.A/douta[7]_INST_0_i_5/O
                         net (fo=1, routed)           0.000     3.549    Inst_VGA/Inst_LogoDisplay/Inst_BRAM_1/U0/inst_blk_mem_gen/gnbram.gnativebmg.native_blk_mem_gen/valid.cstr/has_mux_a.A/douta[7]_INST_0_i_5_n_0
    SLICE_X62Y66         MUXF7 (Prop_muxf7_I1_O)      0.214     3.763 r  Inst_VGA/Inst_LogoDisplay/Inst_BRAM_1/U0/inst_blk_mem_gen/gnbram.gnativebmg.native_blk_mem_gen/valid.cstr/has_mux_a.A/douta[7]_INST_0_i_1/O
                         net (fo=1, routed)           2.111     5.874    Inst_VGA/Inst_LogoDisplay/Inst_BRAM_1/U0/inst_blk_mem_gen/gnbram.gnativebmg.native_blk_mem_gen/valid.cstr/has_mux_a.A/douta[7]_INST_0_i_1_n_0
    SLICE_X72Y95         LUT5 (Prop_lut5_I0_O)        0.297     6.171 r  Inst_VGA/Inst_LogoDisplay/Inst_BRAM_1/U0/inst_blk_mem_gen/gnbram.gnativebmg.native_blk_mem_gen/valid.cstr/has_mux_a.A/douta[7]_INST_0/O
                         net (fo=1, routed)           0.000     6.171    Inst_VGA/logo_green[3]
    SLICE_X72Y95         FDRE                                         r  Inst_VGA/logo_green_dly_reg[3]/D
  -------------------------------------------------------------------    -------------------

                         (clock clk_100MHz_o_ClkGen_1 rise edge)
                                                      9.263     9.263 r  
    E3                                                0.000     9.263 r  clk_i (IN)
                         net (fo=0)                   0.000     9.263    Inst_ClkGen/inst/clk_100MHz_i
    E3                   IBUF (Prop_ibuf_I_O)         1.411    10.674 r  Inst_ClkGen/inst/clkin1_ibufg/O
                         net (fo=1, routed)           1.162    11.836    Inst_ClkGen/inst/clk_100MHz_i_ClkGen
    MMCME2_ADV_X1Y2      MMCME2_ADV (Prop_mmcme2_adv_CLKIN1_CLKOUT0)
                                                     -7.324     4.512 r  Inst_ClkGen/inst/mmcm_adv_inst/CLKOUT0
                         net (fo=1, routed)           1.639     6.152    Inst_ClkGen/inst/clk_100MHz_o_ClkGen
    BUFGCTRL_X0Y16       BUFG (Prop_bufg_I_O)         0.091     6.243 r  Inst_ClkGen/inst/clkout1_buf/O
                         net (fo=358, routed)         1.595     7.838    Inst_VGA/clk_100MHz_o
    SLICE_X72Y95         FDRE                                         r  Inst_VGA/logo_green_dly_reg[3]/C
                         clock pessimism              0.480     8.318    
                         clock uncertainty           -0.067     8.252    
    SLICE_X72Y95         FDRE (Setup_fdre_C_D)        0.031     8.283    Inst_VGA/logo_green_dly_reg[3]
  -------------------------------------------------------------------
                         required time                          8.283    
                         arrival time                          -6.171    
  -------------------------------------------------------------------
                         slack                                  2.112    

Slack (MET) :             2.248ns  (required time - arrival time)
  Source:                 Inst_VGA/h_cntr_reg_dly_reg[9]/C
                            (rising edge-triggered cell FDRE clocked by clk_100MHz_o_ClkGen_1  {rise@0.000ns fall@4.632ns period=9.263ns})
  Destination:            Inst_VGA/Inst_OverlayCtrl/addr_cntr_reg_reg_rep_rep_rep[2]__2/R
                            (rising edge-triggered cell FDRE clocked by clk_100MHz_o_ClkGen_1  {rise@0.000ns fall@4.632ns period=9.263ns})
  Path Group:             clk_100MHz_o_ClkGen_1
  Path Type:              Setup (Max at Slow Process Corner)
  Requirement:            9.263ns  (clk_100MHz_o_ClkGen_1 rise@9.263ns - clk_100MHz_o_ClkGen_1 rise@0.000ns)
  Data Path Delay:        6.458ns  (logic 1.552ns (24.031%)  route 4.906ns (75.969%))
  Logic Levels:           4  (CARRY4=1 LUT2=1 LUT5=1 LUT6=1)
  Clock Path Skew:        -0.061ns (DCD - SCD + CPR)
    Destination Clock Delay (DCD):    -1.545ns = ( 7.718 - 9.263 ) 
    Source Clock Delay      (SCD):    -0.924ns
    Clock Pessimism Removal (CPR):    0.560ns
  Clock Uncertainty:      0.067ns  ((TSJ^2 + DJ^2)^1/2) / 2 + PE
    Total System Jitter     (TSJ):    0.071ns
    Discrete Jitter          (DJ):    0.113ns
    Phase Error              (PE):    0.000ns

    Location             Delay type                Incr(ns)  Path(ns)    Netlist Resource(s)
  -------------------------------------------------------------------    -------------------
                         (clock clk_100MHz_o_ClkGen_1 rise edge)
                                                      0.000     0.000 r  
    E3                                                0.000     0.000 r  clk_i (IN)
                         net (fo=0)                   0.000     0.000    Inst_ClkGen/inst/clk_100MHz_i
    E3                   IBUF (Prop_ibuf_I_O)         1.482     1.482 r  Inst_ClkGen/inst/clkin1_ibufg/O
                         net (fo=1, routed)           1.233     2.715    Inst_ClkGen/inst/clk_100MHz_i_ClkGen
    MMCME2_ADV_X1Y2      MMCME2_ADV (Prop_mmcme2_adv_CLKIN1_CLKOUT0)
                                                     -7.070    -4.355 r  Inst_ClkGen/inst/mmcm_adv_inst/CLKOUT0
                         net (fo=1, routed)           1.719    -2.636    Inst_ClkGen/inst/clk_100MHz_o_ClkGen
    BUFGCTRL_X0Y16       BUFG (Prop_bufg_I_O)         0.096    -2.540 r  Inst_ClkGen/inst/clkout1_buf/O
                         net (fo=358, routed)         1.616    -0.924    Inst_VGA/clk_100MHz_o
    SLICE_X66Y108        FDRE                                         r  Inst_VGA/h_cntr_reg_dly_reg[9]/C
  -------------------------------------------------------------------    -------------------
    SLICE_X66Y108        FDRE (Prop_fdre_C_Q)         0.518    -0.406 f  Inst_VGA/h_cntr_reg_dly_reg[9]/Q
                         net (fo=10, routed)          0.825     0.419    Inst_VGA/Inst_OverlayCtrl/Q[1]
    SLICE_X68Y108        LUT2 (Prop_lut2_I1_O)        0.124     0.543 r  Inst_VGA/Inst_OverlayCtrl/addr_cntr_reg_rep_rep_rep[17]_i_11/O
                         net (fo=1, routed)           0.000     0.543    Inst_VGA/Inst_OverlayCtrl/addr_cntr_reg_rep_rep_rep[17]_i_11_n_0
    SLICE_X68Y108        CARRY4 (Prop_carry4_S[0]_CO[1])
                                                      0.457     1.000 r  Inst_VGA/Inst_OverlayCtrl/addr_cntr_reg_reg_rep_rep_rep[17]_i_8/CO[1]
                         net (fo=3, routed)           1.809     2.809    Inst_VGA/Inst_OverlayCtrl/CO[0]
    SLICE_X75Y125        LUT6 (Prop_lut6_I1_O)        0.329     3.138 r  Inst_VGA/Inst_OverlayCtrl/addr_cntr_reg_rep_rep_rep[17]_i_6/O
                         net (fo=1, routed)           0.502     3.640    Inst_VGA/Inst_OverlayCtrl/addr_cntr_reg_rep_rep_rep[17]_i_6_n_0
    SLICE_X75Y126        LUT5 (Prop_lut5_I2_O)        0.124     3.764 r  Inst_VGA/Inst_OverlayCtrl/addr_cntr_reg_rep_rep_rep[17]_i_1/O
                         net (fo=145, routed)         1.771     5.534    Inst_VGA/Inst_OverlayCtrl/addr_cntr_reg_rep_rep_rep[17]_i_1_n_0
    SLICE_X61Y125        FDRE                                         r  Inst_VGA/Inst_OverlayCtrl/addr_cntr_reg_reg_rep_rep_rep[2]__2/R
  -------------------------------------------------------------------    -------------------

                         (clock clk_100MHz_o_ClkGen_1 rise edge)
                                                      9.263     9.263 r  
    E3                                                0.000     9.263 r  clk_i (IN)
                         net (fo=0)                   0.000     9.263    Inst_ClkGen/inst/clk_100MHz_i
    E3                   IBUF (Prop_ibuf_I_O)         1.411    10.674 r  Inst_ClkGen/inst/clkin1_ibufg/O
                         net (fo=1, routed)           1.162    11.836    Inst_ClkGen/inst/clk_100MHz_i_ClkGen
    MMCME2_ADV_X1Y2      MMCME2_ADV (Prop_mmcme2_adv_CLKIN1_CLKOUT0)
                                                     -7.324     4.512 r  Inst_ClkGen/inst/mmcm_adv_inst/CLKOUT0
                         net (fo=1, routed)           1.639     6.152    Inst_ClkGen/inst/clk_100MHz_o_ClkGen
    BUFGCTRL_X0Y16       BUFG (Prop_bufg_I_O)         0.091     6.243 r  Inst_ClkGen/inst/clkout1_buf/O
                         net (fo=358, routed)         1.476     7.718    Inst_VGA/Inst_OverlayCtrl/clk_100MHz_o
    SLICE_X61Y125        FDRE                                         r  Inst_VGA/Inst_OverlayCtrl/addr_cntr_reg_reg_rep_rep_rep[2]__2/C
                         clock pessimism              0.560     8.278    
                         clock uncertainty           -0.067     8.211    
    SLICE_X61Y125        FDRE (Setup_fdre_C_R)       -0.429     7.782    Inst_VGA/Inst_OverlayCtrl/addr_cntr_reg_reg_rep_rep_rep[2]__2
  -------------------------------------------------------------------
                         required time                          7.782    
                         arrival time                          -5.534    
  -------------------------------------------------------------------
                         slack                                  2.248    

Slack (MET) :             2.248ns  (required time - arrival time)
  Source:                 Inst_VGA/h_cntr_reg_dly_reg[9]/C
                            (rising edge-triggered cell FDRE clocked by clk_100MHz_o_ClkGen_1  {rise@0.000ns fall@4.632ns period=9.263ns})
  Destination:            Inst_VGA/Inst_OverlayCtrl/addr_cntr_reg_reg_rep_rep_rep[3]__2/R
                            (rising edge-triggered cell FDRE clocked by clk_100MHz_o_ClkGen_1  {rise@0.000ns fall@4.632ns period=9.263ns})
  Path Group:             clk_100MHz_o_ClkGen_1
  Path Type:              Setup (Max at Slow Process Corner)
  Requirement:            9.263ns  (clk_100MHz_o_ClkGen_1 rise@9.263ns - clk_100MHz_o_ClkGen_1 rise@0.000ns)
  Data Path Delay:        6.458ns  (logic 1.552ns (24.031%)  route 4.906ns (75.969%))
  Logic Levels:           4  (CARRY4=1 LUT2=1 LUT5=1 LUT6=1)
  Clock Path Skew:        -0.061ns (DCD - SCD + CPR)
    Destination Clock Delay (DCD):    -1.545ns = ( 7.718 - 9.263 ) 
    Source Clock Delay      (SCD):    -0.924ns
    Clock Pessimism Removal (CPR):    0.560ns
  Clock Uncertainty:      0.067ns  ((TSJ^2 + DJ^2)^1/2) / 2 + PE
    Total System Jitter     (TSJ):    0.071ns
    Discrete Jitter          (DJ):    0.113ns
    Phase Error              (PE):    0.000ns

    Location             Delay type                Incr(ns)  Path(ns)    Netlist Resource(s)
  -------------------------------------------------------------------    -------------------
                         (clock clk_100MHz_o_ClkGen_1 rise edge)
                                                      0.000     0.000 r  
    E3                                                0.000     0.000 r  clk_i (IN)
                         net (fo=0)                   0.000     0.000    Inst_ClkGen/inst/clk_100MHz_i
    E3                   IBUF (Prop_ibuf_I_O)         1.482     1.482 r  Inst_ClkGen/inst/clkin1_ibufg/O
                         net (fo=1, routed)           1.233     2.715    Inst_ClkGen/inst/clk_100MHz_i_ClkGen
    MMCME2_ADV_X1Y2      MMCME2_ADV (Prop_mmcme2_adv_CLKIN1_CLKOUT0)
                                                     -7.070    -4.355 r  Inst_ClkGen/inst/mmcm_adv_inst/CLKOUT0
                         net (fo=1, routed)           1.719    -2.636    Inst_ClkGen/inst/clk_100MHz_o_ClkGen
    BUFGCTRL_X0Y16       BUFG (Prop_bufg_I_O)         0.096    -2.540 r  Inst_ClkGen/inst/clkout1_buf/O
                         net (fo=358, routed)         1.616    -0.924    Inst_VGA/clk_100MHz_o
    SLICE_X66Y108        FDRE                                         r  Inst_VGA/h_cntr_reg_dly_reg[9]/C
  -------------------------------------------------------------------    -------------------
    SLICE_X66Y108        FDRE (Prop_fdre_C_Q)         0.518    -0.406 f  Inst_VGA/h_cntr_reg_dly_reg[9]/Q
                         net (fo=10, routed)          0.825     0.419    Inst_VGA/Inst_OverlayCtrl/Q[1]
    SLICE_X68Y108        LUT2 (Prop_lut2_I1_O)        0.124     0.543 r  Inst_VGA/Inst_OverlayCtrl/addr_cntr_reg_rep_rep_rep[17]_i_11/O
                         net (fo=1, routed)           0.000     0.543    Inst_VGA/Inst_OverlayCtrl/addr_cntr_reg_rep_rep_rep[17]_i_11_n_0
    SLICE_X68Y108        CARRY4 (Prop_carry4_S[0]_CO[1])
                                                      0.457     1.000 r  Inst_VGA/Inst_OverlayCtrl/addr_cntr_reg_reg_rep_rep_rep[17]_i_8/CO[1]
                         net (fo=3, routed)           1.809     2.809    Inst_VGA/Inst_OverlayCtrl/CO[0]
    SLICE_X75Y125        LUT6 (Prop_lut6_I1_O)        0.329     3.138 r  Inst_VGA/Inst_OverlayCtrl/addr_cntr_reg_rep_rep_rep[17]_i_6/O
                         net (fo=1, routed)           0.502     3.640    Inst_VGA/Inst_OverlayCtrl/addr_cntr_reg_rep_rep_rep[17]_i_6_n_0
    SLICE_X75Y126        LUT5 (Prop_lut5_I2_O)        0.124     3.764 r  Inst_VGA/Inst_OverlayCtrl/addr_cntr_reg_rep_rep_rep[17]_i_1/O
                         net (fo=145, routed)         1.771     5.534    Inst_VGA/Inst_OverlayCtrl/addr_cntr_reg_rep_rep_rep[17]_i_1_n_0
    SLICE_X61Y125        FDRE                                         r  Inst_VGA/Inst_OverlayCtrl/addr_cntr_reg_reg_rep_rep_rep[3]__2/R
  -------------------------------------------------------------------    -------------------

                         (clock clk_100MHz_o_ClkGen_1 rise edge)
                                                      9.263     9.263 r  
    E3                                                0.000     9.263 r  clk_i (IN)
                         net (fo=0)                   0.000     9.263    Inst_ClkGen/inst/clk_100MHz_i
    E3                   IBUF (Prop_ibuf_I_O)         1.411    10.674 r  Inst_ClkGen/inst/clkin1_ibufg/O
                         net (fo=1, routed)           1.162    11.836    Inst_ClkGen/inst/clk_100MHz_i_ClkGen
    MMCME2_ADV_X1Y2      MMCME2_ADV (Prop_mmcme2_adv_CLKIN1_CLKOUT0)
                                                     -7.324     4.512 r  Inst_ClkGen/inst/mmcm_adv_inst/CLKOUT0
                         net (fo=1, routed)           1.639     6.152    Inst_ClkGen/inst/clk_100MHz_o_ClkGen
    BUFGCTRL_X0Y16       BUFG (Prop_bufg_I_O)         0.091     6.243 r  Inst_ClkGen/inst/clkout1_buf/O
                         net (fo=358, routed)         1.476     7.718    Inst_VGA/Inst_OverlayCtrl/clk_100MHz_o
    SLICE_X61Y125        FDRE                                         r  Inst_VGA/Inst_OverlayCtrl/addr_cntr_reg_reg_rep_rep_rep[3]__2/C
                         clock pessimism              0.560     8.278    
                         clock uncertainty           -0.067     8.211    
    SLICE_X61Y125        FDRE (Setup_fdre_C_R)       -0.429     7.782    Inst_VGA/Inst_OverlayCtrl/addr_cntr_reg_reg_rep_rep_rep[3]__2
  -------------------------------------------------------------------
                         required time                          7.782    
                         arrival time                          -5.534    
  -------------------------------------------------------------------
                         slack                                  2.248    

Slack (MET) :             2.280ns  (required time - arrival time)
  Source:                 Inst_VGA/h_cntr_reg_dly_reg[9]/C
                            (rising edge-triggered cell FDRE clocked by clk_100MHz_o_ClkGen_1  {rise@0.000ns fall@4.632ns period=9.263ns})
  Destination:            Inst_VGA/Inst_OverlayCtrl/addr_cntr_reg_reg_rep_rep_rep[0]_rep/R
                            (rising edge-triggered cell FDRE clocked by clk_100MHz_o_ClkGen_1  {rise@0.000ns fall@4.632ns period=9.263ns})
  Path Group:             clk_100MHz_o_ClkGen_1
  Path Type:              Setup (Max at Slow Process Corner)
  Requirement:            9.263ns  (clk_100MHz_o_ClkGen_1 rise@9.263ns - clk_100MHz_o_ClkGen_1 rise@0.000ns)
  Data Path Delay:        6.445ns  (logic 1.552ns (24.083%)  route 4.893ns (75.917%))
  Logic Levels:           4  (CARRY4=1 LUT2=1 LUT5=1 LUT6=1)
  Clock Path Skew:        -0.043ns (DCD - SCD + CPR)
    Destination Clock Delay (DCD):    -1.527ns = ( 7.736 - 9.263 ) 
    Source Clock Delay      (SCD):    -0.924ns
    Clock Pessimism Removal (CPR):    0.560ns
  Clock Uncertainty:      0.067ns  ((TSJ^2 + DJ^2)^1/2) / 2 + PE
    Total System Jitter     (TSJ):    0.071ns
    Discrete Jitter          (DJ):    0.113ns
    Phase Error              (PE):    0.000ns

    Location             Delay type                Incr(ns)  Path(ns)    Netlist Resource(s)
  -------------------------------------------------------------------    -------------------
                         (clock clk_100MHz_o_ClkGen_1 rise edge)
                                                      0.000     0.000 r  
    E3                                                0.000     0.000 r  clk_i (IN)
                         net (fo=0)                   0.000     0.000    Inst_ClkGen/inst/clk_100MHz_i
    E3                   IBUF (Prop_ibuf_I_O)         1.482     1.482 r  Inst_ClkGen/inst/clkin1_ibufg/O
                         net (fo=1, routed)           1.233     2.715    Inst_ClkGen/inst/clk_100MHz_i_ClkGen
    MMCME2_ADV_X1Y2      MMCME2_ADV (Prop_mmcme2_adv_CLKIN1_CLKOUT0)
                                                     -7.070    -4.355 r  Inst_ClkGen/inst/mmcm_adv_inst/CLKOUT0
                         net (fo=1, routed)           1.719    -2.636    Inst_ClkGen/inst/clk_100MHz_o_ClkGen
    BUFGCTRL_X0Y16       BUFG (Prop_bufg_I_O)         0.096    -2.540 r  Inst_ClkGen/inst/clkout1_buf/O
                         net (fo=358, routed)         1.616    -0.924    Inst_VGA/clk_100MHz_o
    SLICE_X66Y108        FDRE                                         r  Inst_VGA/h_cntr_reg_dly_reg[9]/C
  -------------------------------------------------------------------    -------------------
    SLICE_X66Y108        FDRE (Prop_fdre_C_Q)         0.518    -0.406 f  Inst_VGA/h_cntr_reg_dly_reg[9]/Q
                         net (fo=10, routed)          0.825     0.419    Inst_VGA/Inst_OverlayCtrl/Q[1]
    SLICE_X68Y108        LUT2 (Prop_lut2_I1_O)        0.124     0.543 r  Inst_VGA/Inst_OverlayCtrl/addr_cntr_reg_rep_rep_rep[17]_i_11/O
                         net (fo=1, routed)           0.000     0.543    Inst_VGA/Inst_OverlayCtrl/addr_cntr_reg_rep_rep_rep[17]_i_11_n_0
    SLICE_X68Y108        CARRY4 (Prop_carry4_S[0]_CO[1])
                                                      0.457     1.000 r  Inst_VGA/Inst_OverlayCtrl/addr_cntr_reg_reg_rep_rep_rep[17]_i_8/CO[1]
                         net (fo=3, routed)           1.809     2.809    Inst_VGA/Inst_OverlayCtrl/CO[0]
    SLICE_X75Y125        LUT6 (Prop_lut6_I1_O)        0.329     3.138 r  Inst_VGA/Inst_OverlayCtrl/addr_cntr_reg_rep_rep_rep[17]_i_6/O
                         net (fo=1, routed)           0.502     3.640    Inst_VGA/Inst_OverlayCtrl/addr_cntr_reg_rep_rep_rep[17]_i_6_n_0
    SLICE_X75Y126        LUT5 (Prop_lut5_I2_O)        0.124     3.764 r  Inst_VGA/Inst_OverlayCtrl/addr_cntr_reg_rep_rep_rep[17]_i_1/O
                         net (fo=145, routed)         1.757     5.520    Inst_VGA/Inst_OverlayCtrl/addr_cntr_reg_rep_rep_rep[17]_i_1_n_0
    SLICE_X69Y139        FDRE                                         r  Inst_VGA/Inst_OverlayCtrl/addr_cntr_reg_reg_rep_rep_rep[0]_rep/R
  -------------------------------------------------------------------    -------------------

                         (clock clk_100MHz_o_ClkGen_1 rise edge)
                                                      9.263     9.263 r  
    E3                                                0.000     9.263 r  clk_i (IN)
                         net (fo=0)                   0.000     9.263    Inst_ClkGen/inst/clk_100MHz_i
    E3                   IBUF (Prop_ibuf_I_O)         1.411    10.674 r  Inst_ClkGen/inst/clkin1_ibufg/O
                         net (fo=1, routed)           1.162    11.836    Inst_ClkGen/inst/clk_100MHz_i_ClkGen
    MMCME2_ADV_X1Y2      MMCME2_ADV (Prop_mmcme2_adv_CLKIN1_CLKOUT0)
                                                     -7.324     4.512 r  Inst_ClkGen/inst/mmcm_adv_inst/CLKOUT0
                         net (fo=1, routed)           1.639     6.152    Inst_ClkGen/inst/clk_100MHz_o_ClkGen
    BUFGCTRL_X0Y16       BUFG (Prop_bufg_I_O)         0.091     6.243 r  Inst_ClkGen/inst/clkout1_buf/O
                         net (fo=358, routed)         1.494     7.736    Inst_VGA/Inst_OverlayCtrl/clk_100MHz_o
    SLICE_X69Y139        FDRE                                         r  Inst_VGA/Inst_OverlayCtrl/addr_cntr_reg_reg_rep_rep_rep[0]_rep/C
                         clock pessimism              0.560     8.296    
                         clock uncertainty           -0.067     8.229    
    SLICE_X69Y139        FDRE (Setup_fdre_C_R)       -0.429     7.800    Inst_VGA/Inst_OverlayCtrl/addr_cntr_reg_reg_rep_rep_rep[0]_rep
  -------------------------------------------------------------------
                         required time                          7.800    
                         arrival time                          -5.520    
  -------------------------------------------------------------------
                         slack                                  2.280    

Slack (MET) :             2.379ns  (required time - arrival time)
  Source:                 Inst_VGA/h_cntr_reg_dly_reg[9]/C
                            (rising edge-triggered cell FDRE clocked by clk_100MHz_o_ClkGen_1  {rise@0.000ns fall@4.632ns period=9.263ns})
  Destination:            Inst_VGA/Inst_OverlayCtrl/addr_cntr_reg_reg_rep_rep_rep[17]__2/R
                            (rising edge-triggered cell FDRE clocked by clk_100MHz_o_ClkGen_1  {rise@0.000ns fall@4.632ns period=9.263ns})
  Path Group:             clk_100MHz_o_ClkGen_1
  Path Type:              Setup (Max at Slow Process Corner)
  Requirement:            9.263ns  (clk_100MHz_o_ClkGen_1 rise@9.263ns - clk_100MHz_o_ClkGen_1 rise@0.000ns)
  Data Path Delay:        6.242ns  (logic 1.552ns (24.865%)  route 4.690ns (75.135%))
  Logic Levels:           4  (CARRY4=1 LUT2=1 LUT5=1 LUT6=1)
  Clock Path Skew:        -0.052ns (DCD - SCD + CPR)
    Destination Clock Delay (DCD):    -1.536ns = ( 7.727 - 9.263 ) 
    Source Clock Delay      (SCD):    -0.924ns
    Clock Pessimism Removal (CPR):    0.560ns
  Clock Uncertainty:      0.067ns  ((TSJ^2 + DJ^2)^1/2) / 2 + PE
    Total System Jitter     (TSJ):    0.071ns
    Discrete Jitter          (DJ):    0.113ns
    Phase Error              (PE):    0.000ns

    Location             Delay type                Incr(ns)  Path(ns)    Netlist Resource(s)
  -------------------------------------------------------------------    -------------------
                         (clock clk_100MHz_o_ClkGen_1 rise edge)
                                                      0.000     0.000 r  
    E3                                                0.000     0.000 r  clk_i (IN)
                         net (fo=0)                   0.000     0.000    Inst_ClkGen/inst/clk_100MHz_i
    E3                   IBUF (Prop_ibuf_I_O)         1.482     1.482 r  Inst_ClkGen/inst/clkin1_ibufg/O
                         net (fo=1, routed)           1.233     2.715    Inst_ClkGen/inst/clk_100MHz_i_ClkGen
    MMCME2_ADV_X1Y2      MMCME2_ADV (Prop_mmcme2_adv_CLKIN1_CLKOUT0)
                                                     -7.070    -4.355 r  Inst_ClkGen/inst/mmcm_adv_inst/CLKOUT0
                         net (fo=1, routed)           1.719    -2.636    Inst_ClkGen/inst/clk_100MHz_o_ClkGen
    BUFGCTRL_X0Y16       BUFG (Prop_bufg_I_O)         0.096    -2.540 r  Inst_ClkGen/inst/clkout1_buf/O
                         net (fo=358, routed)         1.616    -0.924    Inst_VGA/clk_100MHz_o
    SLICE_X66Y108        FDRE                                         r  Inst_VGA/h_cntr_reg_dly_reg[9]/C
  -------------------------------------------------------------------    -------------------
    SLICE_X66Y108        FDRE (Prop_fdre_C_Q)         0.518    -0.406 f  Inst_VGA/h_cntr_reg_dly_reg[9]/Q
                         net (fo=10, routed)          0.825     0.419    Inst_VGA/Inst_OverlayCtrl/Q[1]
    SLICE_X68Y108        LUT2 (Prop_lut2_I1_O)        0.124     0.543 r  Inst_VGA/Inst_OverlayCtrl/addr_cntr_reg_rep_rep_rep[17]_i_11/O
                         net (fo=1, routed)           0.000     0.543    Inst_VGA/Inst_OverlayCtrl/addr_cntr_reg_rep_rep_rep[17]_i_11_n_0
    SLICE_X68Y108        CARRY4 (Prop_carry4_S[0]_CO[1])
                                                      0.457     1.000 r  Inst_VGA/Inst_OverlayCtrl/addr_cntr_reg_reg_rep_rep_rep[17]_i_8/CO[1]
                         net (fo=3, routed)           1.809     2.809    Inst_VGA/Inst_OverlayCtrl/CO[0]
    SLICE_X75Y125        LUT6 (Prop_lut6_I1_O)        0.329     3.138 r  Inst_VGA/Inst_OverlayCtrl/addr_cntr_reg_rep_rep_rep[17]_i_6/O
                         net (fo=1, routed)           0.502     3.640    Inst_VGA/Inst_OverlayCtrl/addr_cntr_reg_rep_rep_rep[17]_i_6_n_0
    SLICE_X75Y126        LUT5 (Prop_lut5_I2_O)        0.124     3.764 r  Inst_VGA/Inst_OverlayCtrl/addr_cntr_reg_rep_rep_rep[17]_i_1/O
                         net (fo=145, routed)         1.554     5.318    Inst_VGA/Inst_OverlayCtrl/addr_cntr_reg_rep_rep_rep[17]_i_1_n_0
    SLICE_X70Y129        FDRE                                         r  Inst_VGA/Inst_OverlayCtrl/addr_cntr_reg_reg_rep_rep_rep[17]__2/R
  -------------------------------------------------------------------    -------------------

                         (clock clk_100MHz_o_ClkGen_1 rise edge)
                                                      9.263     9.263 r  
    E3                                                0.000     9.263 r  clk_i (IN)
                         net (fo=0)                   0.000     9.263    Inst_ClkGen/inst/clk_100MHz_i
    E3                   IBUF (Prop_ibuf_I_O)         1.411    10.674 r  Inst_ClkGen/inst/clkin1_ibufg/O
                         net (fo=1, routed)           1.162    11.836    Inst_ClkGen/inst/clk_100MHz_i_ClkGen
    MMCME2_ADV_X1Y2      MMCME2_ADV (Prop_mmcme2_adv_CLKIN1_CLKOUT0)
                                                     -7.324     4.512 r  Inst_ClkGen/inst/mmcm_adv_inst/CLKOUT0
                         net (fo=1, routed)           1.639     6.152    Inst_ClkGen/inst/clk_100MHz_o_ClkGen
    BUFGCTRL_X0Y16       BUFG (Prop_bufg_I_O)         0.091     6.243 r  Inst_ClkGen/inst/clkout1_buf/O
                         net (fo=358, routed)         1.485     7.727    Inst_VGA/Inst_OverlayCtrl/clk_100MHz_o
    SLICE_X70Y129        FDRE                                         r  Inst_VGA/Inst_OverlayCtrl/addr_cntr_reg_reg_rep_rep_rep[17]__2/C
                         clock pessimism              0.560     8.287    
                         clock uncertainty           -0.067     8.220    
    SLICE_X70Y129        FDRE (Setup_fdre_C_R)       -0.524     7.696    Inst_VGA/Inst_OverlayCtrl/addr_cntr_reg_reg_rep_rep_rep[17]__2
  -------------------------------------------------------------------
                         required time                          7.696    
                         arrival time                          -5.318    
  -------------------------------------------------------------------
                         slack                                  2.379    

Slack (MET) :             2.379ns  (required time - arrival time)
  Source:                 Inst_VGA/h_cntr_reg_dly_reg[9]/C
                            (rising edge-triggered cell FDRE clocked by clk_100MHz_o_ClkGen_1  {rise@0.000ns fall@4.632ns period=9.263ns})
  Destination:            Inst_VGA/Inst_OverlayCtrl/addr_cntr_reg_reg_rep_rep_rep[9]__0/R
                            (rising edge-triggered cell FDRE clocked by clk_100MHz_o_ClkGen_1  {rise@0.000ns fall@4.632ns period=9.263ns})
  Path Group:             clk_100MHz_o_ClkGen_1
  Path Type:              Setup (Max at Slow Process Corner)
  Requirement:            9.263ns  (clk_100MHz_o_ClkGen_1 rise@9.263ns - clk_100MHz_o_ClkGen_1 rise@0.000ns)
  Data Path Delay:        6.242ns  (logic 1.552ns (24.865%)  route 4.690ns (75.135%))
  Logic Levels:           4  (CARRY4=1 LUT2=1 LUT5=1 LUT6=1)
  Clock Path Skew:        -0.052ns (DCD - SCD + CPR)
    Destination Clock Delay (DCD):    -1.536ns = ( 7.727 - 9.263 ) 
    Source Clock Delay      (SCD):    -0.924ns
    Clock Pessimism Removal (CPR):    0.560ns
  Clock Uncertainty:      0.067ns  ((TSJ^2 + DJ^2)^1/2) / 2 + PE
    Total System Jitter     (TSJ):    0.071ns
    Discrete Jitter          (DJ):    0.113ns
    Phase Error              (PE):    0.000ns

    Location             Delay type                Incr(ns)  Path(ns)    Netlist Resource(s)
  -------------------------------------------------------------------    -------------------
                         (clock clk_100MHz_o_ClkGen_1 rise edge)
                                                      0.000     0.000 r  
    E3                                                0.000     0.000 r  clk_i (IN)
                         net (fo=0)                   0.000     0.000    Inst_ClkGen/inst/clk_100MHz_i
    E3                   IBUF (Prop_ibuf_I_O)         1.482     1.482 r  Inst_ClkGen/inst/clkin1_ibufg/O
                         net (fo=1, routed)           1.233     2.715    Inst_ClkGen/inst/clk_100MHz_i_ClkGen
    MMCME2_ADV_X1Y2      MMCME2_ADV (Prop_mmcme2_adv_CLKIN1_CLKOUT0)
                                                     -7.070    -4.355 r  Inst_ClkGen/inst/mmcm_adv_inst/CLKOUT0
                         net (fo=1, routed)           1.719    -2.636    Inst_ClkGen/inst/clk_100MHz_o_ClkGen
    BUFGCTRL_X0Y16       BUFG (Prop_bufg_I_O)         0.096    -2.540 r  Inst_ClkGen/inst/clkout1_buf/O
                         net (fo=358, routed)         1.616    -0.924    Inst_VGA/clk_100MHz_o
    SLICE_X66Y108        FDRE                                         r  Inst_VGA/h_cntr_reg_dly_reg[9]/C
  -------------------------------------------------------------------    -------------------
    SLICE_X66Y108        FDRE (Prop_fdre_C_Q)         0.518    -0.406 f  Inst_VGA/h_cntr_reg_dly_reg[9]/Q
                         net (fo=10, routed)          0.825     0.419    Inst_VGA/Inst_OverlayCtrl/Q[1]
    SLICE_X68Y108        LUT2 (Prop_lut2_I1_O)        0.124     0.543 r  Inst_VGA/Inst_OverlayCtrl/addr_cntr_reg_rep_rep_rep[17]_i_11/O
                         net (fo=1, routed)           0.000     0.543    Inst_VGA/Inst_OverlayCtrl/addr_cntr_reg_rep_rep_rep[17]_i_11_n_0
    SLICE_X68Y108        CARRY4 (Prop_carry4_S[0]_CO[1])
                                                      0.457     1.000 r  Inst_VGA/Inst_OverlayCtrl/addr_cntr_reg_reg_rep_rep_rep[17]_i_8/CO[1]
                         net (fo=3, routed)           1.809     2.809    Inst_VGA/Inst_OverlayCtrl/CO[0]
    SLICE_X75Y125        LUT6 (Prop_lut6_I1_O)        0.329     3.138 r  Inst_VGA/Inst_OverlayCtrl/addr_cntr_reg_rep_rep_rep[17]_i_6/O
                         net (fo=1, routed)           0.502     3.640    Inst_VGA/Inst_OverlayCtrl/addr_cntr_reg_rep_rep_rep[17]_i_6_n_0
    SLICE_X75Y126        LUT5 (Prop_lut5_I2_O)        0.124     3.764 r  Inst_VGA/Inst_OverlayCtrl/addr_cntr_reg_rep_rep_rep[17]_i_1/O
                         net (fo=145, routed)         1.554     5.318    Inst_VGA/Inst_OverlayCtrl/addr_cntr_reg_rep_rep_rep[17]_i_1_n_0
    SLICE_X70Y129        FDRE                                         r  Inst_VGA/Inst_OverlayCtrl/addr_cntr_reg_reg_rep_rep_rep[9]__0/R
  -------------------------------------------------------------------    -------------------

                         (clock clk_100MHz_o_ClkGen_1 rise edge)
                                                      9.263     9.263 r  
    E3                                                0.000     9.263 r  clk_i (IN)
                         net (fo=0)                   0.000     9.263    Inst_ClkGen/inst/clk_100MHz_i
    E3                   IBUF (Prop_ibuf_I_O)         1.411    10.674 r  Inst_ClkGen/inst/clkin1_ibufg/O
                         net (fo=1, routed)           1.162    11.836    Inst_ClkGen/inst/clk_100MHz_i_ClkGen
    MMCME2_ADV_X1Y2      MMCME2_ADV (Prop_mmcme2_adv_CLKIN1_CLKOUT0)
                                                     -7.324     4.512 r  Inst_ClkGen/inst/mmcm_adv_inst/CLKOUT0
                         net (fo=1, routed)           1.639     6.152    Inst_ClkGen/inst/clk_100MHz_o_ClkGen
    BUFGCTRL_X0Y16       BUFG (Prop_bufg_I_O)         0.091     6.243 r  Inst_ClkGen/inst/clkout1_buf/O
                         net (fo=358, routed)         1.485     7.727    Inst_VGA/Inst_OverlayCtrl/clk_100MHz_o
    SLICE_X70Y129        FDRE                                         r  Inst_VGA/Inst_OverlayCtrl/addr_cntr_reg_reg_rep_rep_rep[9]__0/C
                         clock pessimism              0.560     8.287    
                         clock uncertainty           -0.067     8.220    
    SLICE_X70Y129        FDRE (Setup_fdre_C_R)       -0.524     7.696    Inst_VGA/Inst_OverlayCtrl/addr_cntr_reg_reg_rep_rep_rep[9]__0
  -------------------------------------------------------------------
                         required time                          7.696    
                         arrival time                          -5.318    
  -------------------------------------------------------------------
                         slack                                  2.379    

Slack (MET) :             2.379ns  (required time - arrival time)
  Source:                 Inst_VGA/h_cntr_reg_dly_reg[9]/C
                            (rising edge-triggered cell FDRE clocked by clk_100MHz_o_ClkGen_1  {rise@0.000ns fall@4.632ns period=9.263ns})
  Destination:            Inst_VGA/Inst_OverlayCtrl/addr_cntr_reg_reg_rep_rep_rep[9]__1/R
                            (rising edge-triggered cell FDRE clocked by clk_100MHz_o_ClkGen_1  {rise@0.000ns fall@4.632ns period=9.263ns})
  Path Group:             clk_100MHz_o_ClkGen_1
  Path Type:              Setup (Max at Slow Process Corner)
  Requirement:            9.263ns  (clk_100MHz_o_ClkGen_1 rise@9.263ns - clk_100MHz_o_ClkGen_1 rise@0.000ns)
  Data Path Delay:        6.242ns  (logic 1.552ns (24.865%)  route 4.690ns (75.135%))
  Logic Levels:           4  (CARRY4=1 LUT2=1 LUT5=1 LUT6=1)
  Clock Path Skew:        -0.052ns (DCD - SCD + CPR)
    Destination Clock Delay (DCD):    -1.536ns = ( 7.727 - 9.263 ) 
    Source Clock Delay      (SCD):    -0.924ns
    Clock Pessimism Removal (CPR):    0.560ns
  Clock Uncertainty:      0.067ns  ((TSJ^2 + DJ^2)^1/2) / 2 + PE
    Total System Jitter     (TSJ):    0.071ns
    Discrete Jitter          (DJ):    0.113ns
    Phase Error              (PE):    0.000ns

    Location             Delay type                Incr(ns)  Path(ns)    Netlist Resource(s)
  -------------------------------------------------------------------    -------------------
                         (clock clk_100MHz_o_ClkGen_1 rise edge)
                                                      0.000     0.000 r  
    E3                                                0.000     0.000 r  clk_i (IN)
                         net (fo=0)                   0.000     0.000    Inst_ClkGen/inst/clk_100MHz_i
    E3                   IBUF (Prop_ibuf_I_O)         1.482     1.482 r  Inst_ClkGen/inst/clkin1_ibufg/O
                         net (fo=1, routed)           1.233     2.715    Inst_ClkGen/inst/clk_100MHz_i_ClkGen
    MMCME2_ADV_X1Y2      MMCME2_ADV (Prop_mmcme2_adv_CLKIN1_CLKOUT0)
                                                     -7.070    -4.355 r  Inst_ClkGen/inst/mmcm_adv_inst/CLKOUT0
                         net (fo=1, routed)           1.719    -2.636    Inst_ClkGen/inst/clk_100MHz_o_ClkGen
    BUFGCTRL_X0Y16       BUFG (Prop_bufg_I_O)         0.096    -2.540 r  Inst_ClkGen/inst/clkout1_buf/O
                         net (fo=358, routed)         1.616    -0.924    Inst_VGA/clk_100MHz_o
    SLICE_X66Y108        FDRE                                         r  Inst_VGA/h_cntr_reg_dly_reg[9]/C
  -------------------------------------------------------------------    -------------------
    SLICE_X66Y108        FDRE (Prop_fdre_C_Q)         0.518    -0.406 f  Inst_VGA/h_cntr_reg_dly_reg[9]/Q
                         net (fo=10, routed)          0.825     0.419    Inst_VGA/Inst_OverlayCtrl/Q[1]
    SLICE_X68Y108        LUT2 (Prop_lut2_I1_O)        0.124     0.543 r  Inst_VGA/Inst_OverlayCtrl/addr_cntr_reg_rep_rep_rep[17]_i_11/O
                         net (fo=1, routed)           0.000     0.543    Inst_VGA/Inst_OverlayCtrl/addr_cntr_reg_rep_rep_rep[17]_i_11_n_0
    SLICE_X68Y108        CARRY4 (Prop_carry4_S[0]_CO[1])
                                                      0.457     1.000 r  Inst_VGA/Inst_OverlayCtrl/addr_cntr_reg_reg_rep_rep_rep[17]_i_8/CO[1]
                         net (fo=3, routed)           1.809     2.809    Inst_VGA/Inst_OverlayCtrl/CO[0]
    SLICE_X75Y125        LUT6 (Prop_lut6_I1_O)        0.329     3.138 r  Inst_VGA/Inst_OverlayCtrl/addr_cntr_reg_rep_rep_rep[17]_i_6/O
                         net (fo=1, routed)           0.502     3.640    Inst_VGA/Inst_OverlayCtrl/addr_cntr_reg_rep_rep_rep[17]_i_6_n_0
    SLICE_X75Y126        LUT5 (Prop_lut5_I2_O)        0.124     3.764 r  Inst_VGA/Inst_OverlayCtrl/addr_cntr_reg_rep_rep_rep[17]_i_1/O
                         net (fo=145, routed)         1.554     5.318    Inst_VGA/Inst_OverlayCtrl/addr_cntr_reg_rep_rep_rep[17]_i_1_n_0
    SLICE_X70Y129        FDRE                                         r  Inst_VGA/Inst_OverlayCtrl/addr_cntr_reg_reg_rep_rep_rep[9]__1/R
  -------------------------------------------------------------------    -------------------

                         (clock clk_100MHz_o_ClkGen_1 rise edge)
                                                      9.263     9.263 r  
    E3                                                0.000     9.263 r  clk_i (IN)
                         net (fo=0)                   0.000     9.263    Inst_ClkGen/inst/clk_100MHz_i
    E3                   IBUF (Prop_ibuf_I_O)         1.411    10.674 r  Inst_ClkGen/inst/clkin1_ibufg/O
                         net (fo=1, routed)           1.162    11.836    Inst_ClkGen/inst/clk_100MHz_i_ClkGen
    MMCME2_ADV_X1Y2      MMCME2_ADV (Prop_mmcme2_adv_CLKIN1_CLKOUT0)
                                                     -7.324     4.512 r  Inst_ClkGen/inst/mmcm_adv_inst/CLKOUT0
                         net (fo=1, routed)           1.639     6.152    Inst_ClkGen/inst/clk_100MHz_o_ClkGen
    BUFGCTRL_X0Y16       BUFG (Prop_bufg_I_O)         0.091     6.243 r  Inst_ClkGen/inst/clkout1_buf/O
                         net (fo=358, routed)         1.485     7.727    Inst_VGA/Inst_OverlayCtrl/clk_100MHz_o
    SLICE_X70Y129        FDRE                                         r  Inst_VGA/Inst_OverlayCtrl/addr_cntr_reg_reg_rep_rep_rep[9]__1/C
                         clock pessimism              0.560     8.287    
                         clock uncertainty           -0.067     8.220    
    SLICE_X70Y129        FDRE (Setup_fdre_C_R)       -0.524     7.696    Inst_VGA/Inst_OverlayCtrl/addr_cntr_reg_reg_rep_rep_rep[9]__1
  -------------------------------------------------------------------
                         required time                          7.696    
                         arrival time                          -5.318    
  -------------------------------------------------------------------
                         slack                                  2.379    

Slack (MET) :             2.379ns  (required time - arrival time)
  Source:                 Inst_VGA/h_cntr_reg_dly_reg[9]/C
                            (rising edge-triggered cell FDRE clocked by clk_100MHz_o_ClkGen_1  {rise@0.000ns fall@4.632ns period=9.263ns})
  Destination:            Inst_VGA/Inst_OverlayCtrl/addr_cntr_reg_reg_rep_rep_rep[9]__2/R
                            (rising edge-triggered cell FDRE clocked by clk_100MHz_o_ClkGen_1  {rise@0.000ns fall@4.632ns period=9.263ns})
  Path Group:             clk_100MHz_o_ClkGen_1
  Path Type:              Setup (Max at Slow Process Corner)
  Requirement:            9.263ns  (clk_100MHz_o_ClkGen_1 rise@9.263ns - clk_100MHz_o_ClkGen_1 rise@0.000ns)
  Data Path Delay:        6.242ns  (logic 1.552ns (24.865%)  route 4.690ns (75.135%))
  Logic Levels:           4  (CARRY4=1 LUT2=1 LUT5=1 LUT6=1)
  Clock Path Skew:        -0.052ns (DCD - SCD + CPR)
    Destination Clock Delay (DCD):    -1.536ns = ( 7.727 - 9.263 ) 
    Source Clock Delay      (SCD):    -0.924ns
    Clock Pessimism Removal (CPR):    0.560ns
  Clock Uncertainty:      0.067ns  ((TSJ^2 + DJ^2)^1/2) / 2 + PE
    Total System Jitter     (TSJ):    0.071ns
    Discrete Jitter          (DJ):    0.113ns
    Phase Error              (PE):    0.000ns

    Location             Delay type                Incr(ns)  Path(ns)    Netlist Resource(s)
  -------------------------------------------------------------------    -------------------
                         (clock clk_100MHz_o_ClkGen_1 rise edge)
                                                      0.000     0.000 r  
    E3                                                0.000     0.000 r  clk_i (IN)
                         net (fo=0)                   0.000     0.000    Inst_ClkGen/inst/clk_100MHz_i
    E3                   IBUF (Prop_ibuf_I_O)         1.482     1.482 r  Inst_ClkGen/inst/clkin1_ibufg/O
                         net (fo=1, routed)           1.233     2.715    Inst_ClkGen/inst/clk_100MHz_i_ClkGen
    MMCME2_ADV_X1Y2      MMCME2_ADV (Prop_mmcme2_adv_CLKIN1_CLKOUT0)
                                                     -7.070    -4.355 r  Inst_ClkGen/inst/mmcm_adv_inst/CLKOUT0
                         net (fo=1, routed)           1.719    -2.636    Inst_ClkGen/inst/clk_100MHz_o_ClkGen
    BUFGCTRL_X0Y16       BUFG (Prop_bufg_I_O)         0.096    -2.540 r  Inst_ClkGen/inst/clkout1_buf/O
                         net (fo=358, routed)         1.616    -0.924    Inst_VGA/clk_100MHz_o
    SLICE_X66Y108        FDRE                                         r  Inst_VGA/h_cntr_reg_dly_reg[9]/C
  -------------------------------------------------------------------    -------------------
    SLICE_X66Y108        FDRE (Prop_fdre_C_Q)         0.518    -0.406 f  Inst_VGA/h_cntr_reg_dly_reg[9]/Q
                         net (fo=10, routed)          0.825     0.419    Inst_VGA/Inst_OverlayCtrl/Q[1]
    SLICE_X68Y108        LUT2 (Prop_lut2_I1_O)        0.124     0.543 r  Inst_VGA/Inst_OverlayCtrl/addr_cntr_reg_rep_rep_rep[17]_i_11/O
                         net (fo=1, routed)           0.000     0.543    Inst_VGA/Inst_OverlayCtrl/addr_cntr_reg_rep_rep_rep[17]_i_11_n_0
    SLICE_X68Y108        CARRY4 (Prop_carry4_S[0]_CO[1])
                                                      0.457     1.000 r  Inst_VGA/Inst_OverlayCtrl/addr_cntr_reg_reg_rep_rep_rep[17]_i_8/CO[1]
                         net (fo=3, routed)           1.809     2.809    Inst_VGA/Inst_OverlayCtrl/CO[0]
    SLICE_X75Y125        LUT6 (Prop_lut6_I1_O)        0.329     3.138 r  Inst_VGA/Inst_OverlayCtrl/addr_cntr_reg_rep_rep_rep[17]_i_6/O
                         net (fo=1, routed)           0.502     3.640    Inst_VGA/Inst_OverlayCtrl/addr_cntr_reg_rep_rep_rep[17]_i_6_n_0
    SLICE_X75Y126        LUT5 (Prop_lut5_I2_O)        0.124     3.764 r  Inst_VGA/Inst_OverlayCtrl/addr_cntr_reg_rep_rep_rep[17]_i_1/O
                         net (fo=145, routed)         1.554     5.318    Inst_VGA/Inst_OverlayCtrl/addr_cntr_reg_rep_rep_rep[17]_i_1_n_0
    SLICE_X70Y129        FDRE                                         r  Inst_VGA/Inst_OverlayCtrl/addr_cntr_reg_reg_rep_rep_rep[9]__2/R
  -------------------------------------------------------------------    -------------------

                         (clock clk_100MHz_o_ClkGen_1 rise edge)
                                                      9.263     9.263 r  
    E3                                                0.000     9.263 r  clk_i (IN)
                         net (fo=0)                   0.000     9.263    Inst_ClkGen/inst/clk_100MHz_i
    E3                   IBUF (Prop_ibuf_I_O)         1.411    10.674 r  Inst_ClkGen/inst/clkin1_ibufg/O
                         net (fo=1, routed)           1.162    11.836    Inst_ClkGen/inst/clk_100MHz_i_ClkGen
    MMCME2_ADV_X1Y2      MMCME2_ADV (Prop_mmcme2_adv_CLKIN1_CLKOUT0)
                                                     -7.324     4.512 r  Inst_ClkGen/inst/mmcm_adv_inst/CLKOUT0
                         net (fo=1, routed)           1.639     6.152    Inst_ClkGen/inst/clk_100MHz_o_ClkGen
    BUFGCTRL_X0Y16       BUFG (Prop_bufg_I_O)         0.091     6.243 r  Inst_ClkGen/inst/clkout1_buf/O
                         net (fo=358, routed)         1.485     7.727    Inst_VGA/Inst_OverlayCtrl/clk_100MHz_o
    SLICE_X70Y129        FDRE                                         r  Inst_VGA/Inst_OverlayCtrl/addr_cntr_reg_reg_rep_rep_rep[9]__2/C
                         clock pessimism              0.560     8.287    
                         clock uncertainty           -0.067     8.220    
    SLICE_X70Y129        FDRE (Setup_fdre_C_R)       -0.524     7.696    Inst_VGA/Inst_OverlayCtrl/addr_cntr_reg_reg_rep_rep_rep[9]__2
  -------------------------------------------------------------------
                         required time                          7.696    
                         arrival time                          -5.318    
  -------------------------------------------------------------------
                         slack                                  2.379    





Min Delay Paths
--------------------------------------------------------------------------------------
Slack (MET) :             0.136ns  (arrival time - required time)
  Source:                 Inst_VGA/Inst_LogoDisplay/addr_reg_reg[4]/C
                            (rising edge-triggered cell FDRE clocked by clk_100MHz_o_ClkGen_1  {rise@0.000ns fall@4.632ns period=9.263ns})
  Destination:            Inst_VGA/Inst_LogoDisplay/Inst_BRAM_1/U0/inst_blk_mem_gen/gnbram.gnativebmg.native_blk_mem_gen/valid.cstr/ramloop[18].ram.r/prim_init.ram/DEVICE_7SERIES.NO_BMM_INFO.SP.SIMPLE_PRIM36.ram/ADDRARDADDR[7]
                            (rising edge-triggered cell RAMB36E1 clocked by clk_100MHz_o_ClkGen_1  {rise@0.000ns fall@4.632ns period=9.263ns})
  Path Group:             clk_100MHz_o_ClkGen_1
  Path Type:              Hold (Min at Fast Process Corner)
  Requirement:            0.000ns  (clk_100MHz_o_ClkGen_1 rise@0.000ns - clk_100MHz_o_ClkGen_1 rise@0.000ns)
  Data Path Delay:        0.426ns  (logic 0.164ns (38.461%)  route 0.262ns (61.539%))
  Logic Levels:           0  
  Clock Path Skew:        0.107ns (DCD - SCD - CPR)
    Destination Clock Delay (DCD):    -0.770ns
    Source Clock Delay      (SCD):    -0.602ns
    Clock Pessimism Removal (CPR):    -0.275ns

    Location             Delay type                Incr(ns)  Path(ns)    Netlist Resource(s)
  -------------------------------------------------------------------    -------------------
                         (clock clk_100MHz_o_ClkGen_1 rise edge)
                                                      0.000     0.000 r  
    E3                                                0.000     0.000 r  clk_i (IN)
                         net (fo=0)                   0.000     0.000    Inst_ClkGen/inst/clk_100MHz_i
    E3                   IBUF (Prop_ibuf_I_O)         0.250     0.250 r  Inst_ClkGen/inst/clkin1_ibufg/O
                         net (fo=1, routed)           0.440     0.690    Inst_ClkGen/inst/clk_100MHz_i_ClkGen
    MMCME2_ADV_X1Y2      MMCME2_ADV (Prop_mmcme2_adv_CLKIN1_CLKOUT0)
                                                     -2.379    -1.689 r  Inst_ClkGen/inst/mmcm_adv_inst/CLKOUT0
                         net (fo=1, routed)           0.499    -1.190    Inst_ClkGen/inst/clk_100MHz_o_ClkGen
    BUFGCTRL_X0Y16       BUFG (Prop_bufg_I_O)         0.026    -1.164 r  Inst_ClkGen/inst/clkout1_buf/O
                         net (fo=358, routed)         0.562    -0.602    Inst_VGA/Inst_LogoDisplay/clk_100MHz_o
    SLICE_X70Y104        FDRE                                         r  Inst_VGA/Inst_LogoDisplay/addr_reg_reg[4]/C
  -------------------------------------------------------------------    -------------------
    SLICE_X70Y104        FDRE (Prop_fdre_C_Q)         0.164    -0.438 r  Inst_VGA/Inst_LogoDisplay/addr_reg_reg[4]/Q
                         net (fo=33, routed)          0.262    -0.176    Inst_VGA/Inst_LogoDisplay/Inst_BRAM_1/U0/inst_blk_mem_gen/gnbram.gnativebmg.native_blk_mem_gen/valid.cstr/ramloop[18].ram.r/prim_init.ram/addra[4]
    RAMB36_X2Y20         RAMB36E1                                     r  Inst_VGA/Inst_LogoDisplay/Inst_BRAM_1/U0/inst_blk_mem_gen/gnbram.gnativebmg.native_blk_mem_gen/valid.cstr/ramloop[18].ram.r/prim_init.ram/DEVICE_7SERIES.NO_BMM_INFO.SP.SIMPLE_PRIM36.ram/ADDRARDADDR[7]
  -------------------------------------------------------------------    -------------------

                         (clock clk_100MHz_o_ClkGen_1 rise edge)
                                                      0.000     0.000 r  
    E3                                                0.000     0.000 r  clk_i (IN)
                         net (fo=0)                   0.000     0.000    Inst_ClkGen/inst/clk_100MHz_i
    E3                   IBUF (Prop_ibuf_I_O)         0.438     0.438 r  Inst_ClkGen/inst/clkin1_ibufg/O
                         net (fo=1, routed)           0.480     0.918    Inst_ClkGen/inst/clk_100MHz_i_ClkGen
    MMCME2_ADV_X1Y2      MMCME2_ADV (Prop_mmcme2_adv_CLKIN1_CLKOUT0)
                                                     -3.163    -2.245 r  Inst_ClkGen/inst/mmcm_adv_inst/CLKOUT0
                         net (fo=1, routed)           0.544    -1.702    Inst_ClkGen/inst/clk_100MHz_o_ClkGen
    BUFGCTRL_X0Y16       BUFG (Prop_bufg_I_O)         0.029    -1.673 r  Inst_ClkGen/inst/clkout1_buf/O
                         net (fo=358, routed)         0.903    -0.770    Inst_VGA/Inst_LogoDisplay/Inst_BRAM_1/U0/inst_blk_mem_gen/gnbram.gnativebmg.native_blk_mem_gen/valid.cstr/ramloop[18].ram.r/prim_init.ram/clka
    RAMB36_X2Y20         RAMB36E1                                     r  Inst_VGA/Inst_LogoDisplay/Inst_BRAM_1/U0/inst_blk_mem_gen/gnbram.gnativebmg.native_blk_mem_gen/valid.cstr/ramloop[18].ram.r/prim_init.ram/DEVICE_7SERIES.NO_BMM_INFO.SP.SIMPLE_PRIM36.ram/CLKARDCLK
                         clock pessimism              0.275    -0.495    
    RAMB36_X2Y20         RAMB36E1 (Hold_ramb36e1_CLKARDCLK_ADDRARDADDR[7])
                                                      0.183    -0.312    Inst_VGA/Inst_LogoDisplay/Inst_BRAM_1/U0/inst_blk_mem_gen/gnbram.gnativebmg.native_blk_mem_gen/valid.cstr/ramloop[18].ram.r/prim_init.ram/DEVICE_7SERIES.NO_BMM_INFO.SP.SIMPLE_PRIM36.ram
  -------------------------------------------------------------------
                         required time                          0.312    
                         arrival time                          -0.176    
  -------------------------------------------------------------------
                         slack                                  0.136    

Slack (MET) :             0.160ns  (arrival time - required time)
  Source:                 Inst_VGA/h_sync_reg_reg/C
                            (rising edge-triggered cell FDRE clocked by clk_100MHz_o_ClkGen_1  {rise@0.000ns fall@4.632ns period=9.263ns})
  Destination:            Inst_VGA/h_sync_reg_dly_reg/D
                            (rising edge-triggered cell FDRE clocked by clk_100MHz_o_ClkGen_1  {rise@0.000ns fall@4.632ns period=9.263ns})
  Path Group:             clk_100MHz_o_ClkGen_1
  Path Type:              Hold (Min at Fast Process Corner)
  Requirement:            0.000ns  (clk_100MHz_o_ClkGen_1 rise@0.000ns - clk_100MHz_o_ClkGen_1 rise@0.000ns)
  Data Path Delay:        0.220ns  (logic 0.164ns (74.580%)  route 0.056ns (25.420%))
  Logic Levels:           0  
  Clock Path Skew:        0.000ns (DCD - SCD - CPR)
    Destination Clock Delay (DCD):    -0.841ns
    Source Clock Delay      (SCD):    -0.603ns
    Clock Pessimism Removal (CPR):    -0.238ns

    Location             Delay type                Incr(ns)  Path(ns)    Netlist Resource(s)
  -------------------------------------------------------------------    -------------------
                         (clock clk_100MHz_o_ClkGen_1 rise edge)
                                                      0.000     0.000 r  
    E3                                                0.000     0.000 r  clk_i (IN)
                         net (fo=0)                   0.000     0.000    Inst_ClkGen/inst/clk_100MHz_i
    E3                   IBUF (Prop_ibuf_I_O)         0.250     0.250 r  Inst_ClkGen/inst/clkin1_ibufg/O
                         net (fo=1, routed)           0.440     0.690    Inst_ClkGen/inst/clk_100MHz_i_ClkGen
    MMCME2_ADV_X1Y2      MMCME2_ADV (Prop_mmcme2_adv_CLKIN1_CLKOUT0)
                                                     -2.379    -1.689 r  Inst_ClkGen/inst/mmcm_adv_inst/CLKOUT0
                         net (fo=1, routed)           0.499    -1.190    Inst_ClkGen/inst/clk_100MHz_o_ClkGen
    BUFGCTRL_X0Y16       BUFG (Prop_bufg_I_O)         0.026    -1.164 r  Inst_ClkGen/inst/clkout1_buf/O
                         net (fo=358, routed)         0.561    -0.603    Inst_VGA/clk_100MHz_o
    SLICE_X62Y108        FDRE                                         r  Inst_VGA/h_sync_reg_reg/C
  -------------------------------------------------------------------    -------------------
    SLICE_X62Y108        FDRE (Prop_fdre_C_Q)         0.164    -0.439 r  Inst_VGA/h_sync_reg_reg/Q
                         net (fo=1, routed)           0.056    -0.383    Inst_VGA/h_sync_reg
    SLICE_X62Y108        FDRE                                         r  Inst_VGA/h_sync_reg_dly_reg/D
  -------------------------------------------------------------------    -------------------

                         (clock clk_100MHz_o_ClkGen_1 rise edge)
                                                      0.000     0.000 r  
    E3                                                0.000     0.000 r  clk_i (IN)
                         net (fo=0)                   0.000     0.000    Inst_ClkGen/inst/clk_100MHz_i
    E3                   IBUF (Prop_ibuf_I_O)         0.438     0.438 r  Inst_ClkGen/inst/clkin1_ibufg/O
                         net (fo=1, routed)           0.480     0.918    Inst_ClkGen/inst/clk_100MHz_i_ClkGen
    MMCME2_ADV_X1Y2      MMCME2_ADV (Prop_mmcme2_adv_CLKIN1_CLKOUT0)
                                                     -3.163    -2.245 r  Inst_ClkGen/inst/mmcm_adv_inst/CLKOUT0
                         net (fo=1, routed)           0.544    -1.702    Inst_ClkGen/inst/clk_100MHz_o_ClkGen
    BUFGCTRL_X0Y16       BUFG (Prop_bufg_I_O)         0.029    -1.673 r  Inst_ClkGen/inst/clkout1_buf/O
                         net (fo=358, routed)         0.831    -0.841    Inst_VGA/clk_100MHz_o
    SLICE_X62Y108        FDRE                                         r  Inst_VGA/h_sync_reg_dly_reg/C
                         clock pessimism              0.238    -0.603    
    SLICE_X62Y108        FDRE (Hold_fdre_C_D)         0.060    -0.543    Inst_VGA/h_sync_reg_dly_reg
  -------------------------------------------------------------------
                         required time                          0.543    
                         arrival time                          -0.383    
  -------------------------------------------------------------------
                         slack                                  0.160    

Slack (MET) :             0.168ns  (arrival time - required time)
  Source:                 Inst_VGA/logo_red_dly_reg[2]/C
                            (rising edge-triggered cell FDRE clocked by clk_100MHz_o_ClkGen_1  {rise@0.000ns fall@4.632ns period=9.263ns})
  Destination:            Inst_VGA/vga_red_reg_reg[2]/D
                            (rising edge-triggered cell FDRE clocked by clk_100MHz_o_ClkGen_1  {rise@0.000ns fall@4.632ns period=9.263ns})
  Path Group:             clk_100MHz_o_ClkGen_1
  Path Type:              Hold (Min at Fast Process Corner)
  Requirement:            0.000ns  (clk_100MHz_o_ClkGen_1 rise@0.000ns - clk_100MHz_o_ClkGen_1 rise@0.000ns)
  Data Path Delay:        0.526ns  (logic 0.186ns (35.357%)  route 0.340ns (64.643%))
  Logic Levels:           1  (LUT5=1)
  Clock Path Skew:        0.266ns (DCD - SCD - CPR)
    Destination Clock Delay (DCD):    -0.812ns
    Source Clock Delay      (SCD):    -0.569ns
    Clock Pessimism Removal (CPR):    -0.509ns

    Location             Delay type                Incr(ns)  Path(ns)    Netlist Resource(s)
  -------------------------------------------------------------------    -------------------
                         (clock clk_100MHz_o_ClkGen_1 rise edge)
                                                      0.000     0.000 r  
    E3                                                0.000     0.000 r  clk_i (IN)
                         net (fo=0)                   0.000     0.000    Inst_ClkGen/inst/clk_100MHz_i
    E3                   IBUF (Prop_ibuf_I_O)         0.250     0.250 r  Inst_ClkGen/inst/clkin1_ibufg/O
                         net (fo=1, routed)           0.440     0.690    Inst_ClkGen/inst/clk_100MHz_i_ClkGen
    MMCME2_ADV_X1Y2      MMCME2_ADV (Prop_mmcme2_adv_CLKIN1_CLKOUT0)
                                                     -2.379    -1.689 r  Inst_ClkGen/inst/mmcm_adv_inst/CLKOUT0
                         net (fo=1, routed)           0.499    -1.190    Inst_ClkGen/inst/clk_100MHz_o_ClkGen
    BUFGCTRL_X0Y16       BUFG (Prop_bufg_I_O)         0.026    -1.164 r  Inst_ClkGen/inst/clkout1_buf/O
                         net (fo=358, routed)         0.595    -0.569    Inst_VGA/clk_100MHz_o
    SLICE_X72Y95         FDRE                                         r  Inst_VGA/logo_red_dly_reg[2]/C
  -------------------------------------------------------------------    -------------------
    SLICE_X72Y95         FDRE (Prop_fdre_C_Q)         0.141    -0.428 r  Inst_VGA/logo_red_dly_reg[2]/Q
                         net (fo=1, routed)           0.340    -0.088    Inst_VGA/logo_red_dly[2]
    SLICE_X73Y104        LUT5 (Prop_lut5_I3_O)        0.045    -0.043 r  Inst_VGA/vga_red_reg[2]_i_1/O
                         net (fo=1, routed)           0.000    -0.043    Inst_VGA/vga_red__11[2]
    SLICE_X73Y104        FDRE                                         r  Inst_VGA/vga_red_reg_reg[2]/D
  -------------------------------------------------------------------    -------------------

                         (clock clk_100MHz_o_ClkGen_1 rise edge)
                                                      0.000     0.000 r  
    E3                                                0.000     0.000 r  clk_i (IN)
                         net (fo=0)                   0.000     0.000    Inst_ClkGen/inst/clk_100MHz_i
    E3                   IBUF (Prop_ibuf_I_O)         0.438     0.438 r  Inst_ClkGen/inst/clkin1_ibufg/O
                         net (fo=1, routed)           0.480     0.918    Inst_ClkGen/inst/clk_100MHz_i_ClkGen
    MMCME2_ADV_X1Y2      MMCME2_ADV (Prop_mmcme2_adv_CLKIN1_CLKOUT0)
                                                     -3.163    -2.245 r  Inst_ClkGen/inst/mmcm_adv_inst/CLKOUT0
                         net (fo=1, routed)           0.544    -1.702    Inst_ClkGen/inst/clk_100MHz_o_ClkGen
    BUFGCTRL_X0Y16       BUFG (Prop_bufg_I_O)         0.029    -1.673 r  Inst_ClkGen/inst/clkout1_buf/O
                         net (fo=358, routed)         0.860    -0.812    Inst_VGA/clk_100MHz_o
    SLICE_X73Y104        FDRE                                         r  Inst_VGA/vga_red_reg_reg[2]/C
                         clock pessimism              0.509    -0.303    
    SLICE_X73Y104        FDRE (Hold_fdre_C_D)         0.092    -0.211    Inst_VGA/vga_red_reg_reg[2]
  -------------------------------------------------------------------
                         required time                          0.211    
                         arrival time                          -0.043    
  -------------------------------------------------------------------
                         slack                                  0.168    

Slack (MET) :             0.171ns  (arrival time - required time)
  Source:                 Inst_VGA/Inst_SquareShapeDisplay/douta_reg[11]/C
                            (rising edge-triggered cell FDRE clocked by clk_100MHz_o_ClkGen_1  {rise@0.000ns fall@4.632ns period=9.263ns})
  Destination:            Inst_VGA/Square_red_dly_reg[3]/D
                            (rising edge-triggered cell FDRE clocked by clk_100MHz_o_ClkGen_1  {rise@0.000ns fall@4.632ns period=9.263ns})
  Path Group:             clk_100MHz_o_ClkGen_1
  Path Type:              Hold (Min at Fast Process Corner)
  Requirement:            0.000ns  (clk_100MHz_o_ClkGen_1 rise@0.000ns - clk_100MHz_o_ClkGen_1 rise@0.000ns)
  Data Path Delay:        0.265ns  (logic 0.141ns (53.180%)  route 0.124ns (46.820%))
  Logic Levels:           0  
  Clock Path Skew:        0.016ns (DCD - SCD - CPR)
    Destination Clock Delay (DCD):    -0.839ns
    Source Clock Delay      (SCD):    -0.602ns
    Clock Pessimism Removal (CPR):    -0.253ns

    Location             Delay type                Incr(ns)  Path(ns)    Netlist Resource(s)
  -------------------------------------------------------------------    -------------------
                         (clock clk_100MHz_o_ClkGen_1 rise edge)
                                                      0.000     0.000 r  
    E3                                                0.000     0.000 r  clk_i (IN)
                         net (fo=0)                   0.000     0.000    Inst_ClkGen/inst/clk_100MHz_i
    E3                   IBUF (Prop_ibuf_I_O)         0.250     0.250 r  Inst_ClkGen/inst/clkin1_ibufg/O
                         net (fo=1, routed)           0.440     0.690    Inst_ClkGen/inst/clk_100MHz_i_ClkGen
    MMCME2_ADV_X1Y2      MMCME2_ADV (Prop_mmcme2_adv_CLKIN1_CLKOUT0)
                                                     -2.379    -1.689 r  Inst_ClkGen/inst/mmcm_adv_inst/CLKOUT0
                         net (fo=1, routed)           0.499    -1.190    Inst_ClkGen/inst/clk_100MHz_o_ClkGen
    BUFGCTRL_X0Y16       BUFG (Prop_bufg_I_O)         0.026    -1.164 r  Inst_ClkGen/inst/clkout1_buf/O
                         net (fo=358, routed)         0.562    -0.602    Inst_VGA/Inst_SquareShapeDisplay/clk_100MHz_o
    SLICE_X71Y103        FDRE                                         r  Inst_VGA/Inst_SquareShapeDisplay/douta_reg[11]/C
  -------------------------------------------------------------------    -------------------
    SLICE_X71Y103        FDRE (Prop_fdre_C_Q)         0.141    -0.461 r  Inst_VGA/Inst_SquareShapeDisplay/douta_reg[11]/Q
                         net (fo=2, routed)           0.124    -0.337    Inst_VGA/Square_red[3]
    SLICE_X71Y104        FDRE                                         r  Inst_VGA/Square_red_dly_reg[3]/D
  -------------------------------------------------------------------    -------------------

                         (clock clk_100MHz_o_ClkGen_1 rise edge)
                                                      0.000     0.000 r  
    E3                                                0.000     0.000 r  clk_i (IN)
                         net (fo=0)                   0.000     0.000    Inst_ClkGen/inst/clk_100MHz_i
    E3                   IBUF (Prop_ibuf_I_O)         0.438     0.438 r  Inst_ClkGen/inst/clkin1_ibufg/O
                         net (fo=1, routed)           0.480     0.918    Inst_ClkGen/inst/clk_100MHz_i_ClkGen
    MMCME2_ADV_X1Y2      MMCME2_ADV (Prop_mmcme2_adv_CLKIN1_CLKOUT0)
                                                     -3.163    -2.245 r  Inst_ClkGen/inst/mmcm_adv_inst/CLKOUT0
                         net (fo=1, routed)           0.544    -1.702    Inst_ClkGen/inst/clk_100MHz_o_ClkGen
    BUFGCTRL_X0Y16       BUFG (Prop_bufg_I_O)         0.029    -1.673 r  Inst_ClkGen/inst/clkout1_buf/O
                         net (fo=358, routed)         0.834    -0.839    Inst_VGA/clk_100MHz_o
    SLICE_X71Y104        FDRE                                         r  Inst_VGA/Square_red_dly_reg[3]/C
                         clock pessimism              0.253    -0.586    
    SLICE_X71Y104        FDRE (Hold_fdre_C_D)         0.078    -0.508    Inst_VGA/Square_red_dly_reg[3]
  -------------------------------------------------------------------
                         required time                          0.508    
                         arrival time                          -0.337    
  -------------------------------------------------------------------
                         slack                                  0.171    

Slack (MET) :             0.174ns  (arrival time - required time)
  Source:                 Inst_VGA/Inst_SquareShapeDisplay/douta_reg[8]/C
                            (rising edge-triggered cell FDRE clocked by clk_100MHz_o_ClkGen_1  {rise@0.000ns fall@4.632ns period=9.263ns})
  Destination:            Inst_VGA/Square_red_dly_reg[0]/D
                            (rising edge-triggered cell FDRE clocked by clk_100MHz_o_ClkGen_1  {rise@0.000ns fall@4.632ns period=9.263ns})
  Path Group:             clk_100MHz_o_ClkGen_1
  Path Type:              Hold (Min at Fast Process Corner)
  Requirement:            0.000ns  (clk_100MHz_o_ClkGen_1 rise@0.000ns - clk_100MHz_o_ClkGen_1 rise@0.000ns)
  Data Path Delay:        0.265ns  (logic 0.141ns (53.180%)  route 0.124ns (46.820%))
  Logic Levels:           0  
  Clock Path Skew:        0.016ns (DCD - SCD - CPR)
    Destination Clock Delay (DCD):    -0.839ns
    Source Clock Delay      (SCD):    -0.602ns
    Clock Pessimism Removal (CPR):    -0.253ns

    Location             Delay type                Incr(ns)  Path(ns)    Netlist Resource(s)
  -------------------------------------------------------------------    -------------------
                         (clock clk_100MHz_o_ClkGen_1 rise edge)
                                                      0.000     0.000 r  
    E3                                                0.000     0.000 r  clk_i (IN)
                         net (fo=0)                   0.000     0.000    Inst_ClkGen/inst/clk_100MHz_i
    E3                   IBUF (Prop_ibuf_I_O)         0.250     0.250 r  Inst_ClkGen/inst/clkin1_ibufg/O
                         net (fo=1, routed)           0.440     0.690    Inst_ClkGen/inst/clk_100MHz_i_ClkGen
    MMCME2_ADV_X1Y2      MMCME2_ADV (Prop_mmcme2_adv_CLKIN1_CLKOUT0)
                                                     -2.379    -1.689 r  Inst_ClkGen/inst/mmcm_adv_inst/CLKOUT0
                         net (fo=1, routed)           0.499    -1.190    Inst_ClkGen/inst/clk_100MHz_o_ClkGen
    BUFGCTRL_X0Y16       BUFG (Prop_bufg_I_O)         0.026    -1.164 r  Inst_ClkGen/inst/clkout1_buf/O
                         net (fo=358, routed)         0.562    -0.602    Inst_VGA/Inst_SquareShapeDisplay/clk_100MHz_o
    SLICE_X71Y103        FDRE                                         r  Inst_VGA/Inst_SquareShapeDisplay/douta_reg[8]/C
  -------------------------------------------------------------------    -------------------
    SLICE_X71Y103        FDRE (Prop_fdre_C_Q)         0.141    -0.461 r  Inst_VGA/Inst_SquareShapeDisplay/douta_reg[8]/Q
                         net (fo=2, routed)           0.124    -0.337    Inst_VGA/Square_red[0]
    SLICE_X71Y104        FDRE                                         r  Inst_VGA/Square_red_dly_reg[0]/D
  -------------------------------------------------------------------    -------------------

                         (clock clk_100MHz_o_ClkGen_1 rise edge)
                                                      0.000     0.000 r  
    E3                                                0.000     0.000 r  clk_i (IN)
                         net (fo=0)                   0.000     0.000    Inst_ClkGen/inst/clk_100MHz_i
    E3                   IBUF (Prop_ibuf_I_O)         0.438     0.438 r  Inst_ClkGen/inst/clkin1_ibufg/O
                         net (fo=1, routed)           0.480     0.918    Inst_ClkGen/inst/clk_100MHz_i_ClkGen
    MMCME2_ADV_X1Y2      MMCME2_ADV (Prop_mmcme2_adv_CLKIN1_CLKOUT0)
                                                     -3.163    -2.245 r  Inst_ClkGen/inst/mmcm_adv_inst/CLKOUT0
                         net (fo=1, routed)           0.544    -1.702    Inst_ClkGen/inst/clk_100MHz_o_ClkGen
    BUFGCTRL_X0Y16       BUFG (Prop_bufg_I_O)         0.029    -1.673 r  Inst_ClkGen/inst/clkout1_buf/O
                         net (fo=358, routed)         0.834    -0.839    Inst_VGA/clk_100MHz_o
    SLICE_X71Y104        FDRE                                         r  Inst_VGA/Square_red_dly_reg[0]/C
                         clock pessimism              0.253    -0.586    
    SLICE_X71Y104        FDRE (Hold_fdre_C_D)         0.075    -0.511    Inst_VGA/Square_red_dly_reg[0]
  -------------------------------------------------------------------
                         required time                          0.511    
                         arrival time                          -0.337    
  -------------------------------------------------------------------
                         slack                                  0.174    

Slack (MET) :             0.191ns  (arrival time - required time)
  Source:                 Inst_VGA/Inst_LogoDisplay/addr_reg_reg[5]/C
                            (rising edge-triggered cell FDRE clocked by clk_100MHz_o_ClkGen_1  {rise@0.000ns fall@4.632ns period=9.263ns})
  Destination:            Inst_VGA/Inst_LogoDisplay/Inst_BRAM_1/U0/inst_blk_mem_gen/gnbram.gnativebmg.native_blk_mem_gen/valid.cstr/ramloop[1].ram.r/prim_init.ram/DEVICE_7SERIES.NO_BMM_INFO.SP.SIMPLE_PRIM36.ram/ADDRARDADDR[5]
                            (rising edge-triggered cell RAMB36E1 clocked by clk_100MHz_o_ClkGen_1  {rise@0.000ns fall@4.632ns period=9.263ns})
  Path Group:             clk_100MHz_o_ClkGen_1
  Path Type:              Hold (Min at Fast Process Corner)
  Requirement:            0.000ns  (clk_100MHz_o_ClkGen_1 rise@0.000ns - clk_100MHz_o_ClkGen_1 rise@0.000ns)
  Data Path Delay:        0.694ns  (logic 0.164ns (23.626%)  route 0.530ns (76.374%))
  Logic Levels:           0  
  Clock Path Skew:        0.320ns (DCD - SCD - CPR)
    Destination Clock Delay (DCD):    -0.791ns
    Source Clock Delay      (SCD):    -0.602ns
    Clock Pessimism Removal (CPR):    -0.509ns

    Location             Delay type                Incr(ns)  Path(ns)    Netlist Resource(s)
  -------------------------------------------------------------------    -------------------
                         (clock clk_100MHz_o_ClkGen_1 rise edge)
                                                      0.000     0.000 r  
    E3                                                0.000     0.000 r  clk_i (IN)
                         net (fo=0)                   0.000     0.000    Inst_ClkGen/inst/clk_100MHz_i
    E3                   IBUF (Prop_ibuf_I_O)         0.250     0.250 r  Inst_ClkGen/inst/clkin1_ibufg/O
                         net (fo=1, routed)           0.440     0.690    Inst_ClkGen/inst/clk_100MHz_i_ClkGen
    MMCME2_ADV_X1Y2      MMCME2_ADV (Prop_mmcme2_adv_CLKIN1_CLKOUT0)
                                                     -2.379    -1.689 r  Inst_ClkGen/inst/mmcm_adv_inst/CLKOUT0
                         net (fo=1, routed)           0.499    -1.190    Inst_ClkGen/inst/clk_100MHz_o_ClkGen
    BUFGCTRL_X0Y16       BUFG (Prop_bufg_I_O)         0.026    -1.164 r  Inst_ClkGen/inst/clkout1_buf/O
                         net (fo=358, routed)         0.562    -0.602    Inst_VGA/Inst_LogoDisplay/clk_100MHz_o
    SLICE_X70Y104        FDRE                                         r  Inst_VGA/Inst_LogoDisplay/addr_reg_reg[5]/C
  -------------------------------------------------------------------    -------------------
    SLICE_X70Y104        FDRE (Prop_fdre_C_Q)         0.164    -0.438 r  Inst_VGA/Inst_LogoDisplay/addr_reg_reg[5]/Q
                         net (fo=33, routed)          0.530     0.092    Inst_VGA/Inst_LogoDisplay/Inst_BRAM_1/U0/inst_blk_mem_gen/gnbram.gnativebmg.native_blk_mem_gen/valid.cstr/ramloop[1].ram.r/prim_init.ram/addra[5]
    RAMB36_X1Y19         RAMB36E1                                     r  Inst_VGA/Inst_LogoDisplay/Inst_BRAM_1/U0/inst_blk_mem_gen/gnbram.gnativebmg.native_blk_mem_gen/valid.cstr/ramloop[1].ram.r/prim_init.ram/DEVICE_7SERIES.NO_BMM_INFO.SP.SIMPLE_PRIM36.ram/ADDRARDADDR[5]
  -------------------------------------------------------------------    -------------------

                         (clock clk_100MHz_o_ClkGen_1 rise edge)
                                                      0.000     0.000 r  
    E3                                                0.000     0.000 r  clk_i (IN)
                         net (fo=0)                   0.000     0.000    Inst_ClkGen/inst/clk_100MHz_i
    E3                   IBUF (Prop_ibuf_I_O)         0.438     0.438 r  Inst_ClkGen/inst/clkin1_ibufg/O
                         net (fo=1, routed)           0.480     0.918    Inst_ClkGen/inst/clk_100MHz_i_ClkGen
    MMCME2_ADV_X1Y2      MMCME2_ADV (Prop_mmcme2_adv_CLKIN1_CLKOUT0)
                                                     -3.163    -2.245 r  Inst_ClkGen/inst/mmcm_adv_inst/CLKOUT0
                         net (fo=1, routed)           0.544    -1.702    Inst_ClkGen/inst/clk_100MHz_o_ClkGen
    BUFGCTRL_X0Y16       BUFG (Prop_bufg_I_O)         0.029    -1.673 r  Inst_ClkGen/inst/clkout1_buf/O
                         net (fo=358, routed)         0.882    -0.791    Inst_VGA/Inst_LogoDisplay/Inst_BRAM_1/U0/inst_blk_mem_gen/gnbram.gnativebmg.native_blk_mem_gen/valid.cstr/ramloop[1].ram.r/prim_init.ram/clka
    RAMB36_X1Y19         RAMB36E1                                     r  Inst_VGA/Inst_LogoDisplay/Inst_BRAM_1/U0/inst_blk_mem_gen/gnbram.gnativebmg.native_blk_mem_gen/valid.cstr/ramloop[1].ram.r/prim_init.ram/DEVICE_7SERIES.NO_BMM_INFO.SP.SIMPLE_PRIM36.ram/CLKARDCLK
                         clock pessimism              0.509    -0.282    
    RAMB36_X1Y19         RAMB36E1 (Hold_ramb36e1_CLKARDCLK_ADDRARDADDR[5])
                                                      0.183    -0.099    Inst_VGA/Inst_LogoDisplay/Inst_BRAM_1/U0/inst_blk_mem_gen/gnbram.gnativebmg.native_blk_mem_gen/valid.cstr/ramloop[1].ram.r/prim_init.ram/DEVICE_7SERIES.NO_BMM_INFO.SP.SIMPLE_PRIM36.ram
  -------------------------------------------------------------------
                         required time                          0.099    
                         arrival time                           0.092    
  -------------------------------------------------------------------
                         slack                                  0.191    

Slack (MET) :             0.198ns  (arrival time - required time)
  Source:                 Inst_VGA/logo_blue_dly_reg[1]/C
                            (rising edge-triggered cell FDRE clocked by clk_100MHz_o_ClkGen_1  {rise@0.000ns fall@4.632ns period=9.263ns})
  Destination:            Inst_VGA/vga_blue_reg_reg[1]/D
                            (rising edge-triggered cell FDRE clocked by clk_100MHz_o_ClkGen_1  {rise@0.000ns fall@4.632ns period=9.263ns})
  Path Group:             clk_100MHz_o_ClkGen_1
  Path Type:              Hold (Min at Fast Process Corner)
  Requirement:            0.000ns  (clk_100MHz_o_ClkGen_1 rise@0.000ns - clk_100MHz_o_ClkGen_1 rise@0.000ns)
  Data Path Delay:        0.555ns  (logic 0.186ns (33.521%)  route 0.369ns (66.479%))
  Logic Levels:           1  (LUT5=1)
  Clock Path Skew:        0.266ns (DCD - SCD - CPR)
    Destination Clock Delay (DCD):    -0.812ns
    Source Clock Delay      (SCD):    -0.569ns
    Clock Pessimism Removal (CPR):    -0.509ns

    Location             Delay type                Incr(ns)  Path(ns)    Netlist Resource(s)
  -------------------------------------------------------------------    -------------------
                         (clock clk_100MHz_o_ClkGen_1 rise edge)
                                                      0.000     0.000 r  
    E3                                                0.000     0.000 r  clk_i (IN)
                         net (fo=0)                   0.000     0.000    Inst_ClkGen/inst/clk_100MHz_i
    E3                   IBUF (Prop_ibuf_I_O)         0.250     0.250 r  Inst_ClkGen/inst/clkin1_ibufg/O
                         net (fo=1, routed)           0.440     0.690    Inst_ClkGen/inst/clk_100MHz_i_ClkGen
    MMCME2_ADV_X1Y2      MMCME2_ADV (Prop_mmcme2_adv_CLKIN1_CLKOUT0)
                                                     -2.379    -1.689 r  Inst_ClkGen/inst/mmcm_adv_inst/CLKOUT0
                         net (fo=1, routed)           0.499    -1.190    Inst_ClkGen/inst/clk_100MHz_o_ClkGen
    BUFGCTRL_X0Y16       BUFG (Prop_bufg_I_O)         0.026    -1.164 r  Inst_ClkGen/inst/clkout1_buf/O
                         net (fo=358, routed)         0.595    -0.569    Inst_VGA/clk_100MHz_o
    SLICE_X72Y96         FDRE                                         r  Inst_VGA/logo_blue_dly_reg[1]/C
  -------------------------------------------------------------------    -------------------
    SLICE_X72Y96         FDRE (Prop_fdre_C_Q)         0.141    -0.428 r  Inst_VGA/logo_blue_dly_reg[1]/Q
                         net (fo=1, routed)           0.369    -0.059    Inst_VGA/logo_blue_dly[1]
    SLICE_X72Y104        LUT5 (Prop_lut5_I3_O)        0.045    -0.014 r  Inst_VGA/vga_blue_reg[1]_i_1/O
                         net (fo=1, routed)           0.000    -0.014    Inst_VGA/vga_blue__11[1]
    SLICE_X72Y104        FDRE                                         r  Inst_VGA/vga_blue_reg_reg[1]/D
  -------------------------------------------------------------------    -------------------

                         (clock clk_100MHz_o_ClkGen_1 rise edge)
                                                      0.000     0.000 r  
    E3                                                0.000     0.000 r  clk_i (IN)
                         net (fo=0)                   0.000     0.000    Inst_ClkGen/inst/clk_100MHz_i
    E3                   IBUF (Prop_ibuf_I_O)         0.438     0.438 r  Inst_ClkGen/inst/clkin1_ibufg/O
                         net (fo=1, routed)           0.480     0.918    Inst_ClkGen/inst/clk_100MHz_i_ClkGen
    MMCME2_ADV_X1Y2      MMCME2_ADV (Prop_mmcme2_adv_CLKIN1_CLKOUT0)
                                                     -3.163    -2.245 r  Inst_ClkGen/inst/mmcm_adv_inst/CLKOUT0
                         net (fo=1, routed)           0.544    -1.702    Inst_ClkGen/inst/clk_100MHz_o_ClkGen
    BUFGCTRL_X0Y16       BUFG (Prop_bufg_I_O)         0.029    -1.673 r  Inst_ClkGen/inst/clkout1_buf/O
                         net (fo=358, routed)         0.860    -0.812    Inst_VGA/clk_100MHz_o
    SLICE_X72Y104        FDRE                                         r  Inst_VGA/vga_blue_reg_reg[1]/C
                         clock pessimism              0.509    -0.303    
    SLICE_X72Y104        FDRE (Hold_fdre_C_D)         0.091    -0.212    Inst_VGA/vga_blue_reg_reg[1]
  -------------------------------------------------------------------
                         required time                          0.212    
                         arrival time                          -0.014    
  -------------------------------------------------------------------
                         slack                                  0.198    

Slack (MET) :             0.209ns  (arrival time - required time)
  Source:                 Inst_VGA/logo_green_dly_reg[0]/C
                            (rising edge-triggered cell FDRE clocked by clk_100MHz_o_ClkGen_1  {rise@0.000ns fall@4.632ns period=9.263ns})
  Destination:            Inst_VGA/vga_green_reg_reg[0]/D
                            (rising edge-triggered cell FDRE clocked by clk_100MHz_o_ClkGen_1  {rise@0.000ns fall@4.632ns period=9.263ns})
  Path Group:             clk_100MHz_o_ClkGen_1
  Path Type:              Hold (Min at Fast Process Corner)
  Requirement:            0.000ns  (clk_100MHz_o_ClkGen_1 rise@0.000ns - clk_100MHz_o_ClkGen_1 rise@0.000ns)
  Data Path Delay:        0.566ns  (logic 0.209ns (36.949%)  route 0.357ns (63.051%))
  Logic Levels:           1  (LUT5=1)
  Clock Path Skew:        0.266ns (DCD - SCD - CPR)
    Destination Clock Delay (DCD):    -0.839ns
    Source Clock Delay      (SCD):    -0.596ns
    Clock Pessimism Removal (CPR):    -0.509ns

    Location             Delay type                Incr(ns)  Path(ns)    Netlist Resource(s)
  -------------------------------------------------------------------    -------------------
                         (clock clk_100MHz_o_ClkGen_1 rise edge)
                                                      0.000     0.000 r  
    E3                                                0.000     0.000 r  clk_i (IN)
                         net (fo=0)                   0.000     0.000    Inst_ClkGen/inst/clk_100MHz_i
    E3                   IBUF (Prop_ibuf_I_O)         0.250     0.250 r  Inst_ClkGen/inst/clkin1_ibufg/O
                         net (fo=1, routed)           0.440     0.690    Inst_ClkGen/inst/clk_100MHz_i_ClkGen
    MMCME2_ADV_X1Y2      MMCME2_ADV (Prop_mmcme2_adv_CLKIN1_CLKOUT0)
                                                     -2.379    -1.689 r  Inst_ClkGen/inst/mmcm_adv_inst/CLKOUT0
                         net (fo=1, routed)           0.499    -1.190    Inst_ClkGen/inst/clk_100MHz_o_ClkGen
    BUFGCTRL_X0Y16       BUFG (Prop_bufg_I_O)         0.026    -1.164 r  Inst_ClkGen/inst/clkout1_buf/O
                         net (fo=358, routed)         0.568    -0.596    Inst_VGA/clk_100MHz_o
    SLICE_X70Y96         FDRE                                         r  Inst_VGA/logo_green_dly_reg[0]/C
  -------------------------------------------------------------------    -------------------
    SLICE_X70Y96         FDRE (Prop_fdre_C_Q)         0.164    -0.432 r  Inst_VGA/logo_green_dly_reg[0]/Q
                         net (fo=1, routed)           0.357    -0.076    Inst_VGA/logo_green_dly[0]
    SLICE_X71Y105        LUT5 (Prop_lut5_I3_O)        0.045    -0.031 r  Inst_VGA/vga_green_reg[0]_i_1/O
                         net (fo=1, routed)           0.000    -0.031    Inst_VGA/vga_green__11[0]
    SLICE_X71Y105        FDRE                                         r  Inst_VGA/vga_green_reg_reg[0]/D
  -------------------------------------------------------------------    -------------------

                         (clock clk_100MHz_o_ClkGen_1 rise edge)
                                                      0.000     0.000 r  
    E3                                                0.000     0.000 r  clk_i (IN)
                         net (fo=0)                   0.000     0.000    Inst_ClkGen/inst/clk_100MHz_i
    E3                   IBUF (Prop_ibuf_I_O)         0.438     0.438 r  Inst_ClkGen/inst/clkin1_ibufg/O
                         net (fo=1, routed)           0.480     0.918    Inst_ClkGen/inst/clk_100MHz_i_ClkGen
    MMCME2_ADV_X1Y2      MMCME2_ADV (Prop_mmcme2_adv_CLKIN1_CLKOUT0)
                                                     -3.163    -2.245 r  Inst_ClkGen/inst/mmcm_adv_inst/CLKOUT0
                         net (fo=1, routed)           0.544    -1.702    Inst_ClkGen/inst/clk_100MHz_o_ClkGen
    BUFGCTRL_X0Y16       BUFG (Prop_bufg_I_O)         0.029    -1.673 r  Inst_ClkGen/inst/clkout1_buf/O
                         net (fo=358, routed)         0.834    -0.839    Inst_VGA/clk_100MHz_o
    SLICE_X71Y105        FDRE                                         r  Inst_VGA/vga_green_reg_reg[0]/C
                         clock pessimism              0.509    -0.330    
    SLICE_X71Y105        FDRE (Hold_fdre_C_D)         0.091    -0.239    Inst_VGA/vga_green_reg_reg[0]
  -------------------------------------------------------------------
                         required time                          0.239    
                         arrival time                          -0.031    
  -------------------------------------------------------------------
                         slack                                  0.209    

Slack (MET) :             0.211ns  (arrival time - required time)
  Source:                 Inst_VGA/Inst_LogoDisplay/addr_reg_reg[10]/C
                            (rising edge-triggered cell FDRE clocked by clk_100MHz_o_ClkGen_1  {rise@0.000ns fall@4.632ns period=9.263ns})
  Destination:            Inst_VGA/Inst_LogoDisplay/Inst_BRAM_1/U0/inst_blk_mem_gen/gnbram.gnativebmg.native_blk_mem_gen/valid.cstr/ramloop[21].ram.r/prim_init.ram/DEVICE_7SERIES.NO_BMM_INFO.SP.SIMPLE_PRIM36.ram/ADDRARDADDR[13]
                            (rising edge-triggered cell RAMB36E1 clocked by clk_100MHz_o_ClkGen_1  {rise@0.000ns fall@4.632ns period=9.263ns})
  Path Group:             clk_100MHz_o_ClkGen_1
  Path Type:              Hold (Min at Fast Process Corner)
  Requirement:            0.000ns  (clk_100MHz_o_ClkGen_1 rise@0.000ns - clk_100MHz_o_ClkGen_1 rise@0.000ns)
  Data Path Delay:        0.500ns  (logic 0.164ns (32.786%)  route 0.336ns (67.214%))
  Logic Levels:           0  
  Clock Path Skew:        0.106ns (DCD - SCD - CPR)
    Destination Clock Delay (DCD):    -0.771ns
    Source Clock Delay      (SCD):    -0.602ns
    Clock Pessimism Removal (CPR):    -0.275ns

    Location             Delay type                Incr(ns)  Path(ns)    Netlist Resource(s)
  -------------------------------------------------------------------    -------------------
                         (clock clk_100MHz_o_ClkGen_1 rise edge)
                                                      0.000     0.000 r  
    E3                                                0.000     0.000 r  clk_i (IN)
                         net (fo=0)                   0.000     0.000    Inst_ClkGen/inst/clk_100MHz_i
    E3                   IBUF (Prop_ibuf_I_O)         0.250     0.250 r  Inst_ClkGen/inst/clkin1_ibufg/O
                         net (fo=1, routed)           0.440     0.690    Inst_ClkGen/inst/clk_100MHz_i_ClkGen
    MMCME2_ADV_X1Y2      MMCME2_ADV (Prop_mmcme2_adv_CLKIN1_CLKOUT0)
                                                     -2.379    -1.689 r  Inst_ClkGen/inst/mmcm_adv_inst/CLKOUT0
                         net (fo=1, routed)           0.499    -1.190    Inst_ClkGen/inst/clk_100MHz_o_ClkGen
    BUFGCTRL_X0Y16       BUFG (Prop_bufg_I_O)         0.026    -1.164 r  Inst_ClkGen/inst/clkout1_buf/O
                         net (fo=358, routed)         0.562    -0.602    Inst_VGA/Inst_LogoDisplay/clk_100MHz_o
    SLICE_X70Y105        FDRE                                         r  Inst_VGA/Inst_LogoDisplay/addr_reg_reg[10]/C
  -------------------------------------------------------------------    -------------------
    SLICE_X70Y105        FDRE (Prop_fdre_C_Q)         0.164    -0.438 r  Inst_VGA/Inst_LogoDisplay/addr_reg_reg[10]/Q
                         net (fo=33, routed)          0.336    -0.102    Inst_VGA/Inst_LogoDisplay/Inst_BRAM_1/U0/inst_blk_mem_gen/gnbram.gnativebmg.native_blk_mem_gen/valid.cstr/ramloop[21].ram.r/prim_init.ram/addra[10]
    RAMB36_X2Y21         RAMB36E1                                     r  Inst_VGA/Inst_LogoDisplay/Inst_BRAM_1/U0/inst_blk_mem_gen/gnbram.gnativebmg.native_blk_mem_gen/valid.cstr/ramloop[21].ram.r/prim_init.ram/DEVICE_7SERIES.NO_BMM_INFO.SP.SIMPLE_PRIM36.ram/ADDRARDADDR[13]
  -------------------------------------------------------------------    -------------------

                         (clock clk_100MHz_o_ClkGen_1 rise edge)
                                                      0.000     0.000 r  
    E3                                                0.000     0.000 r  clk_i (IN)
                         net (fo=0)                   0.000     0.000    Inst_ClkGen/inst/clk_100MHz_i
    E3                   IBUF (Prop_ibuf_I_O)         0.438     0.438 r  Inst_ClkGen/inst/clkin1_ibufg/O
                         net (fo=1, routed)           0.480     0.918    Inst_ClkGen/inst/clk_100MHz_i_ClkGen
    MMCME2_ADV_X1Y2      MMCME2_ADV (Prop_mmcme2_adv_CLKIN1_CLKOUT0)
                                                     -3.163    -2.245 r  Inst_ClkGen/inst/mmcm_adv_inst/CLKOUT0
                         net (fo=1, routed)           0.544    -1.702    Inst_ClkGen/inst/clk_100MHz_o_ClkGen
    BUFGCTRL_X0Y16       BUFG (Prop_bufg_I_O)         0.029    -1.673 r  Inst_ClkGen/inst/clkout1_buf/O
                         net (fo=358, routed)         0.902    -0.771    Inst_VGA/Inst_LogoDisplay/Inst_BRAM_1/U0/inst_blk_mem_gen/gnbram.gnativebmg.native_blk_mem_gen/valid.cstr/ramloop[21].ram.r/prim_init.ram/clka
    RAMB36_X2Y21         RAMB36E1                                     r  Inst_VGA/Inst_LogoDisplay/Inst_BRAM_1/U0/inst_blk_mem_gen/gnbram.gnativebmg.native_blk_mem_gen/valid.cstr/ramloop[21].ram.r/prim_init.ram/DEVICE_7SERIES.NO_BMM_INFO.SP.SIMPLE_PRIM36.ram/CLKARDCLK
                         clock pessimism              0.275    -0.496    
    RAMB36_X2Y21         RAMB36E1 (Hold_ramb36e1_CLKARDCLK_ADDRARDADDR[13])
                                                      0.183    -0.313    Inst_VGA/Inst_LogoDisplay/Inst_BRAM_1/U0/inst_blk_mem_gen/gnbram.gnativebmg.native_blk_mem_gen/valid.cstr/ramloop[21].ram.r/prim_init.ram/DEVICE_7SERIES.NO_BMM_INFO.SP.SIMPLE_PRIM36.ram
  -------------------------------------------------------------------
                         required time                          0.313    
                         arrival time                          -0.102    
  -------------------------------------------------------------------
                         slack                                  0.211    

Slack (MET) :             0.212ns  (arrival time - required time)
  Source:                 Inst_VGA/Inst_LogoDisplay/addr_reg_reg[10]/C
                            (rising edge-triggered cell FDRE clocked by clk_100MHz_o_ClkGen_1  {rise@0.000ns fall@4.632ns period=9.263ns})
  Destination:            Inst_VGA/Inst_LogoDisplay/Inst_BRAM_1/U0/inst_blk_mem_gen/gnbram.gnativebmg.native_blk_mem_gen/valid.cstr/ramloop[9].ram.r/prim_init.ram/DEVICE_7SERIES.NO_BMM_INFO.SP.SIMPLE_PRIM36.ram/ADDRARDADDR[13]
                            (rising edge-triggered cell RAMB36E1 clocked by clk_100MHz_o_ClkGen_1  {rise@0.000ns fall@4.632ns period=9.263ns})
  Path Group:             clk_100MHz_o_ClkGen_1
  Path Type:              Hold (Min at Fast Process Corner)
  Requirement:            0.000ns  (clk_100MHz_o_ClkGen_1 rise@0.000ns - clk_100MHz_o_ClkGen_1 rise@0.000ns)
  Data Path Delay:        0.744ns  (logic 0.164ns (22.057%)  route 0.580ns (77.943%))
  Logic Levels:           0  
  Clock Path Skew:        0.348ns (DCD - SCD - CPR)
    Destination Clock Delay (DCD):    -0.763ns
    Source Clock Delay      (SCD):    -0.602ns
    Clock Pessimism Removal (CPR):    -0.509ns

    Location             Delay type                Incr(ns)  Path(ns)    Netlist Resource(s)
  -------------------------------------------------------------------    -------------------
                         (clock clk_100MHz_o_ClkGen_1 rise edge)
                                                      0.000     0.000 r  
    E3                                                0.000     0.000 r  clk_i (IN)
                         net (fo=0)                   0.000     0.000    Inst_ClkGen/inst/clk_100MHz_i
    E3                   IBUF (Prop_ibuf_I_O)         0.250     0.250 r  Inst_ClkGen/inst/clkin1_ibufg/O
                         net (fo=1, routed)           0.440     0.690    Inst_ClkGen/inst/clk_100MHz_i_ClkGen
    MMCME2_ADV_X1Y2      MMCME2_ADV (Prop_mmcme2_adv_CLKIN1_CLKOUT0)
                                                     -2.379    -1.689 r  Inst_ClkGen/inst/mmcm_adv_inst/CLKOUT0
                         net (fo=1, routed)           0.499    -1.190    Inst_ClkGen/inst/clk_100MHz_o_ClkGen
    BUFGCTRL_X0Y16       BUFG (Prop_bufg_I_O)         0.026    -1.164 r  Inst_ClkGen/inst/clkout1_buf/O
                         net (fo=358, routed)         0.562    -0.602    Inst_VGA/Inst_LogoDisplay/clk_100MHz_o
    SLICE_X70Y105        FDRE                                         r  Inst_VGA/Inst_LogoDisplay/addr_reg_reg[10]/C
  -------------------------------------------------------------------    -------------------
    SLICE_X70Y105        FDRE (Prop_fdre_C_Q)         0.164    -0.438 r  Inst_VGA/Inst_LogoDisplay/addr_reg_reg[10]/Q
                         net (fo=33, routed)          0.580     0.141    Inst_VGA/Inst_LogoDisplay/Inst_BRAM_1/U0/inst_blk_mem_gen/gnbram.gnativebmg.native_blk_mem_gen/valid.cstr/ramloop[9].ram.r/prim_init.ram/addra[10]
    RAMB36_X2Y19         RAMB36E1                                     r  Inst_VGA/Inst_LogoDisplay/Inst_BRAM_1/U0/inst_blk_mem_gen/gnbram.gnativebmg.native_blk_mem_gen/valid.cstr/ramloop[9].ram.r/prim_init.ram/DEVICE_7SERIES.NO_BMM_INFO.SP.SIMPLE_PRIM36.ram/ADDRARDADDR[13]
  -------------------------------------------------------------------    -------------------

                         (clock clk_100MHz_o_ClkGen_1 rise edge)
                                                      0.000     0.000 r  
    E3                                                0.000     0.000 r  clk_i (IN)
                         net (fo=0)                   0.000     0.000    Inst_ClkGen/inst/clk_100MHz_i
    E3                   IBUF (Prop_ibuf_I_O)         0.438     0.438 r  Inst_ClkGen/inst/clkin1_ibufg/O
                         net (fo=1, routed)           0.480     0.918    Inst_ClkGen/inst/clk_100MHz_i_ClkGen
    MMCME2_ADV_X1Y2      MMCME2_ADV (Prop_mmcme2_adv_CLKIN1_CLKOUT0)
                                                     -3.163    -2.245 r  Inst_ClkGen/inst/mmcm_adv_inst/CLKOUT0
                         net (fo=1, routed)           0.544    -1.702    Inst_ClkGen/inst/clk_100MHz_o_ClkGen
    BUFGCTRL_X0Y16       BUFG (Prop_bufg_I_O)         0.029    -1.673 r  Inst_ClkGen/inst/clkout1_buf/O
                         net (fo=358, routed)         0.910    -0.763    Inst_VGA/Inst_LogoDisplay/Inst_BRAM_1/U0/inst_blk_mem_gen/gnbram.gnativebmg.native_blk_mem_gen/valid.cstr/ramloop[9].ram.r/prim_init.ram/clka
    RAMB36_X2Y19         RAMB36E1                                     r  Inst_VGA/Inst_LogoDisplay/Inst_BRAM_1/U0/inst_blk_mem_gen/gnbram.gnativebmg.native_blk_mem_gen/valid.cstr/ramloop[9].ram.r/prim_init.ram/DEVICE_7SERIES.NO_BMM_INFO.SP.SIMPLE_PRIM36.ram/CLKARDCLK
                         clock pessimism              0.509    -0.254    
    RAMB36_X2Y19         RAMB36E1 (Hold_ramb36e1_CLKARDCLK_ADDRARDADDR[13])
                                                      0.183    -0.071    Inst_VGA/Inst_LogoDisplay/Inst_BRAM_1/U0/inst_blk_mem_gen/gnbram.gnativebmg.native_blk_mem_gen/valid.cstr/ramloop[9].ram.r/prim_init.ram/DEVICE_7SERIES.NO_BMM_INFO.SP.SIMPLE_PRIM36.ram
  -------------------------------------------------------------------
                         required time                          0.071    
                         arrival time                           0.141    
  -------------------------------------------------------------------
                         slack                                  0.212    





Pulse Width Checks
--------------------------------------------------------------------------------------
Clock Name:         clk_100MHz_o_ClkGen_1
Waveform(ns):       { 0.000 4.632 }
Period(ns):         9.263
Sources:            { Inst_ClkGen/inst/mmcm_adv_inst/CLKOUT0 }

Check Type        Corner  Lib Pin             Reference Pin  Required(ns)  Actual(ns)  Slack(ns)  Location         Pin
Min Period        n/a     RAMB36E1/CLKARDCLK  n/a            2.892         9.263       6.371      RAMB36_X3Y15     Inst_VGA/Inst_LogoDisplay/Inst_BRAM_1/U0/inst_blk_mem_gen/gnbram.gnativebmg.native_blk_mem_gen/valid.cstr/ramloop[0].ram.r/prim_init.ram/DEVICE_7SERIES.NO_BMM_INFO.SP.CASCADED_PRIM36.ram_B/CLKARDCLK
Min Period        n/a     RAMB36E1/CLKARDCLK  n/a            2.892         9.263       6.371      RAMB36_X3Y16     Inst_VGA/Inst_LogoDisplay/Inst_BRAM_1/U0/inst_blk_mem_gen/gnbram.gnativebmg.native_blk_mem_gen/valid.cstr/ramloop[0].ram.r/prim_init.ram/DEVICE_7SERIES.NO_BMM_INFO.SP.CASCADED_PRIM36.ram_T/CLKARDCLK
Min Period        n/a     RAMB36E1/CLKARDCLK  n/a            2.892         9.263       6.371      RAMB36_X2Y14     Inst_VGA/Inst_LogoDisplay/Inst_BRAM_1/U0/inst_blk_mem_gen/gnbram.gnativebmg.native_blk_mem_gen/valid.cstr/ramloop[2].ram.r/prim_init.ram/DEVICE_7SERIES.NO_BMM_INFO.SP.CASCADED_PRIM36.ram_B/CLKARDCLK
Min Period        n/a     RAMB36E1/CLKARDCLK  n/a            2.892         9.263       6.371      RAMB36_X2Y15     Inst_VGA/Inst_LogoDisplay/Inst_BRAM_1/U0/inst_blk_mem_gen/gnbram.gnativebmg.native_blk_mem_gen/valid.cstr/ramloop[2].ram.r/prim_init.ram/DEVICE_7SERIES.NO_BMM_INFO.SP.CASCADED_PRIM36.ram_T/CLKARDCLK
Min Period        n/a     RAMB36E1/CLKARDCLK  n/a            2.892         9.263       6.371      RAMB36_X3Y18     Inst_VGA/Inst_LogoDisplay/Inst_BRAM_1/U0/inst_blk_mem_gen/gnbram.gnativebmg.native_blk_mem_gen/valid.cstr/ramloop[4].ram.r/prim_init.ram/DEVICE_7SERIES.NO_BMM_INFO.SP.CASCADED_PRIM36.ram_B/CLKARDCLK
Min Period        n/a     RAMB36E1/CLKARDCLK  n/a            2.892         9.263       6.371      RAMB36_X3Y19     Inst_VGA/Inst_LogoDisplay/Inst_BRAM_1/U0/inst_blk_mem_gen/gnbram.gnativebmg.native_blk_mem_gen/valid.cstr/ramloop[4].ram.r/prim_init.ram/DEVICE_7SERIES.NO_BMM_INFO.SP.CASCADED_PRIM36.ram_T/CLKARDCLK
Min Period        n/a     RAMB36E1/CLKBWRCLK  n/a            2.576         9.263       6.687      RAMB36_X3Y15     Inst_VGA/Inst_LogoDisplay/Inst_BRAM_1/U0/inst_blk_mem_gen/gnbram.gnativebmg.native_blk_mem_gen/valid.cstr/ramloop[0].ram.r/prim_init.ram/DEVICE_7SERIES.NO_BMM_INFO.SP.CASCADED_PRIM36.ram_B/CLKBWRCLK
Min Period        n/a     RAMB36E1/CLKBWRCLK  n/a            2.576         9.263       6.687      RAMB36_X3Y16     Inst_VGA/Inst_LogoDisplay/Inst_BRAM_1/U0/inst_blk_mem_gen/gnbram.gnativebmg.native_blk_mem_gen/valid.cstr/ramloop[0].ram.r/prim_init.ram/DEVICE_7SERIES.NO_BMM_INFO.SP.CASCADED_PRIM36.ram_T/CLKBWRCLK
Min Period        n/a     RAMB36E1/CLKARDCLK  n/a            2.576         9.263       6.687      RAMB36_X3Y17     Inst_VGA/Inst_LogoDisplay/Inst_BRAM_1/U0/inst_blk_mem_gen/gnbram.gnativebmg.native_blk_mem_gen/valid.cstr/ramloop[10].ram.r/prim_init.ram/DEVICE_7SERIES.NO_BMM_INFO.SP.SIMPLE_PRIM36.ram/CLKARDCLK
Min Period        n/a     RAMB36E1/CLKBWRCLK  n/a            2.576         9.263       6.687      RAMB36_X3Y17     Inst_VGA/Inst_LogoDisplay/Inst_BRAM_1/U0/inst_blk_mem_gen/gnbram.gnativebmg.native_blk_mem_gen/valid.cstr/ramloop[10].ram.r/prim_init.ram/DEVICE_7SERIES.NO_BMM_INFO.SP.SIMPLE_PRIM36.ram/CLKBWRCLK
Max Period        n/a     MMCME2_ADV/CLKOUT0  n/a            213.360       9.263       204.097    MMCME2_ADV_X1Y2  Inst_ClkGen/inst/mmcm_adv_inst/CLKOUT0
Low Pulse Width   Slow    FDRE/C              n/a            0.500         4.632       4.132      SLICE_X74Y104    Inst_VGA/Square_blue_dly_reg[0]/C
Low Pulse Width   Fast    FDRE/C              n/a            0.500         4.632       4.132      SLICE_X74Y104    Inst_VGA/Square_blue_dly_reg[0]/C
Low Pulse Width   Slow    FDRE/C              n/a            0.500         4.632       4.132      SLICE_X69Y104    Inst_VGA/Square_blue_dly_reg[1]/C
Low Pulse Width   Fast    FDRE/C              n/a            0.500         4.632       4.132      SLICE_X69Y104    Inst_VGA/Square_blue_dly_reg[1]/C
Low Pulse Width   Slow    FDRE/C              n/a            0.500         4.632       4.132      SLICE_X74Y104    Inst_VGA/Square_blue_dly_reg[2]/C
Low Pulse Width   Fast    FDRE/C              n/a            0.500         4.632       4.132      SLICE_X74Y104    Inst_VGA/Square_blue_dly_reg[2]/C
Low Pulse Width   Slow    FDRE/C              n/a            0.500         4.632       4.132      SLICE_X71Y104    Inst_VGA/Square_blue_dly_reg[3]/C
Low Pulse Width   Fast    FDRE/C              n/a            0.500         4.632       4.132      SLICE_X71Y104    Inst_VGA/Square_blue_dly_reg[3]/C
Low Pulse Width   Slow    FDRE/C              n/a            0.500         4.632       4.132      SLICE_X69Y104    Inst_VGA/Square_green_dly_reg[0]/C
Low Pulse Width   Fast    FDRE/C              n/a            0.500         4.632       4.132      SLICE_X69Y104    Inst_VGA/Square_green_dly_reg[0]/C
High Pulse Width  Slow    FDRE/C              n/a            0.500         4.632       4.132      SLICE_X74Y104    Inst_VGA/Square_blue_dly_reg[0]/C
High Pulse Width  Fast    FDRE/C              n/a            0.500         4.632       4.132      SLICE_X74Y104    Inst_VGA/Square_blue_dly_reg[0]/C
High Pulse Width  Slow    FDRE/C              n/a            0.500         4.632       4.132      SLICE_X69Y104    Inst_VGA/Square_blue_dly_reg[1]/C
High Pulse Width  Fast    FDRE/C              n/a            0.500         4.632       4.132      SLICE_X69Y104    Inst_VGA/Square_blue_dly_reg[1]/C
High Pulse Width  Slow    FDRE/C              n/a            0.500         4.632       4.132      SLICE_X74Y104    Inst_VGA/Square_blue_dly_reg[2]/C
High Pulse Width  Fast    FDRE/C              n/a            0.500         4.632       4.132      SLICE_X74Y104    Inst_VGA/Square_blue_dly_reg[2]/C
High Pulse Width  Slow    FDRE/C              n/a            0.500         4.632       4.132      SLICE_X71Y104    Inst_VGA/Square_blue_dly_reg[3]/C
High Pulse Width  Fast    FDRE/C              n/a            0.500         4.632       4.132      SLICE_X71Y104    Inst_VGA/Square_blue_dly_reg[3]/C
High Pulse Width  Slow    FDRE/C              n/a            0.500         4.632       4.132      SLICE_X69Y104    Inst_VGA/Square_green_dly_reg[0]/C
High Pulse Width  Fast    FDRE/C              n/a            0.500         4.632       4.132      SLICE_X69Y104    Inst_VGA/Square_green_dly_reg[0]/C



---------------------------------------------------------------------------------------------------
From Clock:  clkfbout_ClkGen_1
  To Clock:  clkfbout_ClkGen_1

Setup :           NA  Failing Endpoints,  Worst Slack           NA  ,  Total Violation           NA
Hold  :           NA  Failing Endpoints,  Worst Slack           NA  ,  Total Violation           NA
PW    :            0  Failing Endpoints,  Worst Slack        7.845ns,  Total Violation        0.000ns
---------------------------------------------------------------------------------------------------


Pulse Width Checks
--------------------------------------------------------------------------------------
Clock Name:         clkfbout_ClkGen_1
Waveform(ns):       { 0.000 5.000 }
Period(ns):         10.000
Sources:            { Inst_ClkGen/inst/mmcm_adv_inst/CLKFBOUT }

Check Type  Corner  Lib Pin              Reference Pin  Required(ns)  Actual(ns)  Slack(ns)  Location         Pin
Min Period  n/a     BUFG/I               n/a            2.155         10.000      7.845      BUFGCTRL_X0Y17   Inst_ClkGen/inst/clkf_buf/I
Min Period  n/a     MMCME2_ADV/CLKFBOUT  n/a            1.249         10.000      8.751      MMCME2_ADV_X1Y2  Inst_ClkGen/inst/mmcm_adv_inst/CLKFBOUT
Min Period  n/a     MMCME2_ADV/CLKFBIN   n/a            1.249         10.000      8.751      MMCME2_ADV_X1Y2  Inst_ClkGen/inst/mmcm_adv_inst/CLKFBIN
Max Period  n/a     MMCME2_ADV/CLKFBIN   n/a            100.000       10.000      90.000     MMCME2_ADV_X1Y2  Inst_ClkGen/inst/mmcm_adv_inst/CLKFBIN
Max Period  n/a     MMCME2_ADV/CLKFBOUT  n/a            213.360       10.000      203.360    MMCME2_ADV_X1Y2  Inst_ClkGen/inst/mmcm_adv_inst/CLKFBOUT



---------------------------------------------------------------------------------------------------
From Clock:  clk_100MHz_o_ClkGen_1
  To Clock:  clk_100MHz_o_ClkGen

Setup :            0  Failing Endpoints,  Worst Slack        0.098ns,  Total Violation        0.000ns
Hold  :            0  Failing Endpoints,  Worst Slack        0.069ns,  Total Violation        0.000ns
---------------------------------------------------------------------------------------------------


Max Delay Paths
--------------------------------------------------------------------------------------
Slack (MET) :             0.098ns  (required time - arrival time)
  Source:                 Inst_VGA/Inst_OverlayCtrl/addr_cntr_reg_reg_rep_rep[1]_rep/C
                            (rising edge-triggered cell FDRE clocked by clk_100MHz_o_ClkGen_1  {rise@0.000ns fall@4.632ns period=9.263ns})
  Destination:            Inst_VGA/Inst_OverlayCtrl/data_dummy_reg[0]/D
                            (rising edge-triggered cell FDRE clocked by clk_100MHz_o_ClkGen  {rise@0.000ns fall@4.632ns period=9.263ns})
  Path Group:             clk_100MHz_o_ClkGen
  Path Type:              Setup (Max at Slow Process Corner)
  Requirement:            9.263ns  (clk_100MHz_o_ClkGen rise@9.263ns - clk_100MHz_o_ClkGen_1 rise@0.000ns)
  Data Path Delay:        9.090ns  (logic 2.479ns (27.271%)  route 6.611ns (72.729%))
  Logic Levels:           10  (LUT3=1 LUT4=2 LUT5=1 LUT6=5 MUXF7=1)
  Clock Path Skew:        -0.039ns (DCD - SCD + CPR)
    Destination Clock Delay (DCD):    -1.452ns = ( 7.811 - 9.263 ) 
    Source Clock Delay      (SCD):    -0.853ns
    Clock Pessimism Removal (CPR):    0.560ns
  Clock Uncertainty:      0.067ns  ((TSJ^2 + DJ^2)^1/2) / 2 + PE
    Total System Jitter     (TSJ):    0.071ns
    Discrete Jitter          (DJ):    0.115ns
    Phase Error              (PE):    0.000ns
  Clock Domain Crossing:  Inter clock paths are considered valid unless explicitly excluded by timing constraints such as set_clock_groups or set_false_path.

    Location             Delay type                Incr(ns)  Path(ns)    Netlist Resource(s)
  -------------------------------------------------------------------    -------------------
                         (clock clk_100MHz_o_ClkGen_1 rise edge)
                                                      0.000     0.000 r  
    E3                                                0.000     0.000 r  clk_i (IN)
                         net (fo=0)                   0.000     0.000    Inst_ClkGen/inst/clk_100MHz_i
    E3                   IBUF (Prop_ibuf_I_O)         1.482     1.482 r  Inst_ClkGen/inst/clkin1_ibufg/O
                         net (fo=1, routed)           1.233     2.715    Inst_ClkGen/inst/clk_100MHz_i_ClkGen
    MMCME2_ADV_X1Y2      MMCME2_ADV (Prop_mmcme2_adv_CLKIN1_CLKOUT0)
                                                     -7.070    -4.355 r  Inst_ClkGen/inst/mmcm_adv_inst/CLKOUT0
                         net (fo=1, routed)           1.719    -2.636    Inst_ClkGen/inst/clk_100MHz_o_ClkGen
    BUFGCTRL_X0Y16       BUFG (Prop_bufg_I_O)         0.096    -2.540 r  Inst_ClkGen/inst/clkout1_buf/O
                         net (fo=358, routed)         1.687    -0.853    Inst_VGA/Inst_OverlayCtrl/clk_100MHz_o
    SLICE_X78Y126        FDRE                                         r  Inst_VGA/Inst_OverlayCtrl/addr_cntr_reg_reg_rep_rep[1]_rep/C
  -------------------------------------------------------------------    -------------------
    SLICE_X78Y126        FDRE (Prop_fdre_C_Q)         0.518    -0.335 r  Inst_VGA/Inst_OverlayCtrl/addr_cntr_reg_reg_rep_rep[1]_rep/Q
                         net (fo=91, routed)          1.053     0.718    Inst_VGA/Inst_OverlayCtrl/addr_cntr_reg_reg_rep_rep[1]_rep_n_0
    SLICE_X78Y126        LUT4 (Prop_lut4_I2_O)        0.150     0.868 r  Inst_VGA/Inst_OverlayCtrl/p_0_out_inferred__2/data_dummy[0]_i_1314/O
                         net (fo=16, routed)          0.517     1.385    Inst_VGA/Inst_OverlayCtrl/p_0_out_inferred__2/data_dummy[0]_i_1314_n_0
    SLICE_X78Y125        LUT6 (Prop_lut6_I3_O)        0.328     1.713 r  Inst_VGA/Inst_OverlayCtrl/p_0_out_inferred__2/data_dummy[0]_i_685/O
                         net (fo=41, routed)          1.052     2.765    Inst_VGA/Inst_OverlayCtrl/p_0_out_inferred__2/data_dummy[0]_i_685_n_0
    SLICE_X78Y129        LUT4 (Prop_lut4_I2_O)        0.148     2.913 r  Inst_VGA/Inst_OverlayCtrl/p_0_out_inferred__2/data_dummy[0]_i_898/O
                         net (fo=1, routed)           0.718     3.631    Inst_VGA/Inst_OverlayCtrl/p_0_out_inferred__2/data_dummy[0]_i_898_n_0
    SLICE_X78Y129        LUT5 (Prop_lut5_I4_O)        0.328     3.959 r  Inst_VGA/Inst_OverlayCtrl/p_0_out_inferred__2/data_dummy[0]_i_423/O
                         net (fo=1, routed)           0.953     4.912    Inst_VGA/Inst_OverlayCtrl/p_0_out_inferred__2/data_dummy[0]_i_423_n_0
    SLICE_X74Y129        LUT6 (Prop_lut6_I0_O)        0.124     5.036 r  Inst_VGA/Inst_OverlayCtrl/p_0_out_inferred__2/data_dummy[0]_i_143/O
                         net (fo=1, routed)           0.858     5.895    Inst_VGA/Inst_OverlayCtrl/p_0_out_inferred__2/data_dummy[0]_i_143_n_0
    SLICE_X74Y129        LUT6 (Prop_lut6_I3_O)        0.124     6.019 r  Inst_VGA/Inst_OverlayCtrl/p_0_out_inferred__2/data_dummy[0]_i_44/O
                         net (fo=1, routed)           0.448     6.466    Inst_VGA/Inst_OverlayCtrl/p_0_out_inferred__2/data_dummy[0]_i_44_n_0
    SLICE_X73Y129        LUT3 (Prop_lut3_I2_O)        0.124     6.590 r  Inst_VGA/Inst_OverlayCtrl/p_0_out_inferred__2/data_dummy[0]_i_15/O
                         net (fo=1, routed)           0.434     7.024    Inst_VGA/Inst_OverlayCtrl/p_0_out_inferred__2/data_dummy[0]_i_15_n_0
    SLICE_X73Y130        LUT6 (Prop_lut6_I5_O)        0.124     7.148 r  Inst_VGA/Inst_OverlayCtrl/p_0_out_inferred__2/data_dummy[0]_i_5/O
                         net (fo=1, routed)           0.000     7.148    Inst_VGA/Inst_OverlayCtrl/p_0_out_inferred__2/data_dummy[0]_i_5_n_0
    SLICE_X73Y130        MUXF7 (Prop_muxf7_I0_O)      0.212     7.360 r  Inst_VGA/Inst_OverlayCtrl/data_dummy_reg[0]_i_2/O
                         net (fo=1, routed)           0.578     7.938    Inst_VGA/Inst_OverlayCtrl/data_dummy_reg[0]_i_2_n_0
    SLICE_X73Y131        LUT6 (Prop_lut6_I0_O)        0.299     8.237 r  Inst_VGA/Inst_OverlayCtrl/data_dummy[0]_i_1/O
                         net (fo=1, routed)           0.000     8.237    Inst_VGA/Inst_OverlayCtrl/data_dummy[0]_i_1_n_0
    SLICE_X73Y131        FDRE                                         r  Inst_VGA/Inst_OverlayCtrl/data_dummy_reg[0]/D
  -------------------------------------------------------------------    -------------------

                         (clock clk_100MHz_o_ClkGen rise edge)
                                                      9.263     9.263 r  
    E3                                                0.000     9.263 r  clk_i (IN)
                         net (fo=0)                   0.000     9.263    Inst_ClkGen/inst/clk_100MHz_i
    E3                   IBUF (Prop_ibuf_I_O)         1.411    10.674 r  Inst_ClkGen/inst/clkin1_ibufg/O
                         net (fo=1, routed)           1.162    11.836    Inst_ClkGen/inst/clk_100MHz_i_ClkGen
    MMCME2_ADV_X1Y2      MMCME2_ADV (Prop_mmcme2_adv_CLKIN1_CLKOUT0)
                                                     -7.324     4.512 r  Inst_ClkGen/inst/mmcm_adv_inst/CLKOUT0
                         net (fo=1, routed)           1.639     6.152    Inst_ClkGen/inst/clk_100MHz_o_ClkGen
    BUFGCTRL_X0Y16       BUFG (Prop_bufg_I_O)         0.091     6.243 r  Inst_ClkGen/inst/clkout1_buf/O
                         net (fo=358, routed)         1.569     7.811    Inst_VGA/Inst_OverlayCtrl/clk_100MHz_o
    SLICE_X73Y131        FDRE                                         r  Inst_VGA/Inst_OverlayCtrl/data_dummy_reg[0]/C
                         clock pessimism              0.560     8.371    
                         clock uncertainty           -0.067     8.304    
    SLICE_X73Y131        FDRE (Setup_fdre_C_D)        0.032     8.336    Inst_VGA/Inst_OverlayCtrl/data_dummy_reg[0]
  -------------------------------------------------------------------
                         required time                          8.336    
                         arrival time                          -8.237    
  -------------------------------------------------------------------
                         slack                                  0.098    

Slack (MET) :             1.872ns  (required time - arrival time)
  Source:                 Inst_VGA/Inst_LogoDisplay/Inst_BRAM_1/U0/inst_blk_mem_gen/gnbram.gnativebmg.native_blk_mem_gen/valid.cstr/has_mux_a.A/no_softecc_sel_reg.ce_pri.sel_pipe_reg[1]/C
                            (rising edge-triggered cell FDRE clocked by clk_100MHz_o_ClkGen_1  {rise@0.000ns fall@4.632ns period=9.263ns})
  Destination:            Inst_VGA/logo_blue_dly_reg[3]/D
                            (rising edge-triggered cell FDRE clocked by clk_100MHz_o_ClkGen  {rise@0.000ns fall@4.632ns period=9.263ns})
  Path Group:             clk_100MHz_o_ClkGen
  Path Type:              Setup (Max at Slow Process Corner)
  Requirement:            9.263ns  (clk_100MHz_o_ClkGen rise@9.263ns - clk_100MHz_o_ClkGen_1 rise@0.000ns)
  Data Path Delay:        7.298ns  (logic 1.148ns (15.730%)  route 6.150ns (84.270%))
  Logic Levels:           3  (LUT5=1 LUT6=1 MUXF7=1)
  Clock Path Skew:        -0.105ns (DCD - SCD + CPR)
    Destination Clock Delay (DCD):    -1.508ns = ( 7.755 - 9.263 ) 
    Source Clock Delay      (SCD):    -0.923ns
    Clock Pessimism Removal (CPR):    0.480ns
  Clock Uncertainty:      0.067ns  ((TSJ^2 + DJ^2)^1/2) / 2 + PE
    Total System Jitter     (TSJ):    0.071ns
    Discrete Jitter          (DJ):    0.115ns
    Phase Error              (PE):    0.000ns
  Clock Domain Crossing:  Inter clock paths are considered valid unless explicitly excluded by timing constraints such as set_clock_groups or set_false_path.

    Location             Delay type                Incr(ns)  Path(ns)    Netlist Resource(s)
  -------------------------------------------------------------------    -------------------
                         (clock clk_100MHz_o_ClkGen_1 rise edge)
                                                      0.000     0.000 r  
    E3                                                0.000     0.000 r  clk_i (IN)
                         net (fo=0)                   0.000     0.000    Inst_ClkGen/inst/clk_100MHz_i
    E3                   IBUF (Prop_ibuf_I_O)         1.482     1.482 r  Inst_ClkGen/inst/clkin1_ibufg/O
                         net (fo=1, routed)           1.233     2.715    Inst_ClkGen/inst/clk_100MHz_i_ClkGen
    MMCME2_ADV_X1Y2      MMCME2_ADV (Prop_mmcme2_adv_CLKIN1_CLKOUT0)
                                                     -7.070    -4.355 r  Inst_ClkGen/inst/mmcm_adv_inst/CLKOUT0
                         net (fo=1, routed)           1.719    -2.636    Inst_ClkGen/inst/clk_100MHz_o_ClkGen
    BUFGCTRL_X0Y16       BUFG (Prop_bufg_I_O)         0.096    -2.540 r  Inst_ClkGen/inst/clkout1_buf/O
                         net (fo=358, routed)         1.617    -0.923    Inst_VGA/Inst_LogoDisplay/Inst_BRAM_1/U0/inst_blk_mem_gen/gnbram.gnativebmg.native_blk_mem_gen/valid.cstr/has_mux_a.A/clka
    SLICE_X66Y104        FDRE                                         r  Inst_VGA/Inst_LogoDisplay/Inst_BRAM_1/U0/inst_blk_mem_gen/gnbram.gnativebmg.native_blk_mem_gen/valid.cstr/has_mux_a.A/no_softecc_sel_reg.ce_pri.sel_pipe_reg[1]/C
  -------------------------------------------------------------------    -------------------
    SLICE_X66Y104        FDRE (Prop_fdre_C_Q)         0.518    -0.405 r  Inst_VGA/Inst_LogoDisplay/Inst_BRAM_1/U0/inst_blk_mem_gen/gnbram.gnativebmg.native_blk_mem_gen/valid.cstr/has_mux_a.A/no_softecc_sel_reg.ce_pri.sel_pipe_reg[1]/Q
                         net (fo=54, routed)          3.810     3.404    Inst_VGA/Inst_LogoDisplay/Inst_BRAM_1/U0/inst_blk_mem_gen/gnbram.gnativebmg.native_blk_mem_gen/valid.cstr/has_mux_a.A/sel_pipe[1]
    SLICE_X62Y65         LUT6 (Prop_lut6_I2_O)        0.124     3.528 r  Inst_VGA/Inst_LogoDisplay/Inst_BRAM_1/U0/inst_blk_mem_gen/gnbram.gnativebmg.native_blk_mem_gen/valid.cstr/has_mux_a.A/douta[3]_INST_0_i_4/O
                         net (fo=1, routed)           0.000     3.528    Inst_VGA/Inst_LogoDisplay/Inst_BRAM_1/U0/inst_blk_mem_gen/gnbram.gnativebmg.native_blk_mem_gen/valid.cstr/has_mux_a.A/douta[3]_INST_0_i_4_n_0
    SLICE_X62Y65         MUXF7 (Prop_muxf7_I0_O)      0.209     3.737 r  Inst_VGA/Inst_LogoDisplay/Inst_BRAM_1/U0/inst_blk_mem_gen/gnbram.gnativebmg.native_blk_mem_gen/valid.cstr/has_mux_a.A/douta[3]_INST_0_i_1/O
                         net (fo=1, routed)           2.341     6.078    Inst_VGA/Inst_LogoDisplay/Inst_BRAM_1/U0/inst_blk_mem_gen/gnbram.gnativebmg.native_blk_mem_gen/valid.cstr/has_mux_a.A/douta[3]_INST_0_i_1_n_0
    SLICE_X70Y96         LUT5 (Prop_lut5_I0_O)        0.297     6.375 r  Inst_VGA/Inst_LogoDisplay/Inst_BRAM_1/U0/inst_blk_mem_gen/gnbram.gnativebmg.native_blk_mem_gen/valid.cstr/has_mux_a.A/douta[3]_INST_0/O
                         net (fo=1, routed)           0.000     6.375    Inst_VGA/logo_blue[3]
    SLICE_X70Y96         FDRE                                         r  Inst_VGA/logo_blue_dly_reg[3]/D
  -------------------------------------------------------------------    -------------------

                         (clock clk_100MHz_o_ClkGen rise edge)
                                                      9.263     9.263 r  
    E3                                                0.000     9.263 r  clk_i (IN)
                         net (fo=0)                   0.000     9.263    Inst_ClkGen/inst/clk_100MHz_i
    E3                   IBUF (Prop_ibuf_I_O)         1.411    10.674 r  Inst_ClkGen/inst/clkin1_ibufg/O
                         net (fo=1, routed)           1.162    11.836    Inst_ClkGen/inst/clk_100MHz_i_ClkGen
    MMCME2_ADV_X1Y2      MMCME2_ADV (Prop_mmcme2_adv_CLKIN1_CLKOUT0)
                                                     -7.324     4.512 r  Inst_ClkGen/inst/mmcm_adv_inst/CLKOUT0
                         net (fo=1, routed)           1.639     6.152    Inst_ClkGen/inst/clk_100MHz_o_ClkGen
    BUFGCTRL_X0Y16       BUFG (Prop_bufg_I_O)         0.091     6.243 r  Inst_ClkGen/inst/clkout1_buf/O
                         net (fo=358, routed)         1.512     7.755    Inst_VGA/clk_100MHz_o
    SLICE_X70Y96         FDRE                                         r  Inst_VGA/logo_blue_dly_reg[3]/C
                         clock pessimism              0.480     8.235    
                         clock uncertainty           -0.067     8.168    
    SLICE_X70Y96         FDRE (Setup_fdre_C_D)        0.079     8.247    Inst_VGA/logo_blue_dly_reg[3]
  -------------------------------------------------------------------
                         required time                          8.247    
                         arrival time                          -6.375    
  -------------------------------------------------------------------
                         slack                                  1.872    

Slack (MET) :             2.111ns  (required time - arrival time)
  Source:                 Inst_VGA/Inst_LogoDisplay/Inst_BRAM_1/U0/inst_blk_mem_gen/gnbram.gnativebmg.native_blk_mem_gen/valid.cstr/has_mux_a.A/no_softecc_sel_reg.ce_pri.sel_pipe_reg[0]/C
                            (rising edge-triggered cell FDRE clocked by clk_100MHz_o_ClkGen_1  {rise@0.000ns fall@4.632ns period=9.263ns})
  Destination:            Inst_VGA/logo_green_dly_reg[3]/D
                            (rising edge-triggered cell FDRE clocked by clk_100MHz_o_ClkGen  {rise@0.000ns fall@4.632ns period=9.263ns})
  Path Group:             clk_100MHz_o_ClkGen
  Path Type:              Setup (Max at Slow Process Corner)
  Requirement:            9.263ns  (clk_100MHz_o_ClkGen rise@9.263ns - clk_100MHz_o_ClkGen_1 rise@0.000ns)
  Data Path Delay:        7.094ns  (logic 1.153ns (16.253%)  route 5.941ns (83.747%))
  Logic Levels:           3  (LUT5=2 MUXF7=1)
  Clock Path Skew:        -0.022ns (DCD - SCD + CPR)
    Destination Clock Delay (DCD):    -1.425ns = ( 7.838 - 9.263 ) 
    Source Clock Delay      (SCD):    -0.923ns
    Clock Pessimism Removal (CPR):    0.480ns
  Clock Uncertainty:      0.067ns  ((TSJ^2 + DJ^2)^1/2) / 2 + PE
    Total System Jitter     (TSJ):    0.071ns
    Discrete Jitter          (DJ):    0.115ns
    Phase Error              (PE):    0.000ns
  Clock Domain Crossing:  Inter clock paths are considered valid unless explicitly excluded by timing constraints such as set_clock_groups or set_false_path.

    Location             Delay type                Incr(ns)  Path(ns)    Netlist Resource(s)
  -------------------------------------------------------------------    -------------------
                         (clock clk_100MHz_o_ClkGen_1 rise edge)
                                                      0.000     0.000 r  
    E3                                                0.000     0.000 r  clk_i (IN)
                         net (fo=0)                   0.000     0.000    Inst_ClkGen/inst/clk_100MHz_i
    E3                   IBUF (Prop_ibuf_I_O)         1.482     1.482 r  Inst_ClkGen/inst/clkin1_ibufg/O
                         net (fo=1, routed)           1.233     2.715    Inst_ClkGen/inst/clk_100MHz_i_ClkGen
    MMCME2_ADV_X1Y2      MMCME2_ADV (Prop_mmcme2_adv_CLKIN1_CLKOUT0)
                                                     -7.070    -4.355 r  Inst_ClkGen/inst/mmcm_adv_inst/CLKOUT0
                         net (fo=1, routed)           1.719    -2.636    Inst_ClkGen/inst/clk_100MHz_o_ClkGen
    BUFGCTRL_X0Y16       BUFG (Prop_bufg_I_O)         0.096    -2.540 r  Inst_ClkGen/inst/clkout1_buf/O
                         net (fo=358, routed)         1.617    -0.923    Inst_VGA/Inst_LogoDisplay/Inst_BRAM_1/U0/inst_blk_mem_gen/gnbram.gnativebmg.native_blk_mem_gen/valid.cstr/has_mux_a.A/clka
    SLICE_X66Y104        FDRE                                         r  Inst_VGA/Inst_LogoDisplay/Inst_BRAM_1/U0/inst_blk_mem_gen/gnbram.gnativebmg.native_blk_mem_gen/valid.cstr/has_mux_a.A/no_softecc_sel_reg.ce_pri.sel_pipe_reg[0]/C
  -------------------------------------------------------------------    -------------------
    SLICE_X66Y104        FDRE (Prop_fdre_C_Q)         0.518    -0.405 r  Inst_VGA/Inst_LogoDisplay/Inst_BRAM_1/U0/inst_blk_mem_gen/gnbram.gnativebmg.native_blk_mem_gen/valid.cstr/has_mux_a.A/no_softecc_sel_reg.ce_pri.sel_pipe_reg[0]/Q
                         net (fo=54, routed)          3.830     3.425    Inst_VGA/Inst_LogoDisplay/Inst_BRAM_1/U0/inst_blk_mem_gen/gnbram.gnativebmg.native_blk_mem_gen/valid.cstr/has_mux_a.A/sel_pipe[0]
    SLICE_X62Y66         LUT5 (Prop_lut5_I3_O)        0.124     3.549 r  Inst_VGA/Inst_LogoDisplay/Inst_BRAM_1/U0/inst_blk_mem_gen/gnbram.gnativebmg.native_blk_mem_gen/valid.cstr/has_mux_a.A/douta[7]_INST_0_i_5/O
                         net (fo=1, routed)           0.000     3.549    Inst_VGA/Inst_LogoDisplay/Inst_BRAM_1/U0/inst_blk_mem_gen/gnbram.gnativebmg.native_blk_mem_gen/valid.cstr/has_mux_a.A/douta[7]_INST_0_i_5_n_0
    SLICE_X62Y66         MUXF7 (Prop_muxf7_I1_O)      0.214     3.763 r  Inst_VGA/Inst_LogoDisplay/Inst_BRAM_1/U0/inst_blk_mem_gen/gnbram.gnativebmg.native_blk_mem_gen/valid.cstr/has_mux_a.A/douta[7]_INST_0_i_1/O
                         net (fo=1, routed)           2.111     5.874    Inst_VGA/Inst_LogoDisplay/Inst_BRAM_1/U0/inst_blk_mem_gen/gnbram.gnativebmg.native_blk_mem_gen/valid.cstr/has_mux_a.A/douta[7]_INST_0_i_1_n_0
    SLICE_X72Y95         LUT5 (Prop_lut5_I0_O)        0.297     6.171 r  Inst_VGA/Inst_LogoDisplay/Inst_BRAM_1/U0/inst_blk_mem_gen/gnbram.gnativebmg.native_blk_mem_gen/valid.cstr/has_mux_a.A/douta[7]_INST_0/O
                         net (fo=1, routed)           0.000     6.171    Inst_VGA/logo_green[3]
    SLICE_X72Y95         FDRE                                         r  Inst_VGA/logo_green_dly_reg[3]/D
  -------------------------------------------------------------------    -------------------

                         (clock clk_100MHz_o_ClkGen rise edge)
                                                      9.263     9.263 r  
    E3                                                0.000     9.263 r  clk_i (IN)
                         net (fo=0)                   0.000     9.263    Inst_ClkGen/inst/clk_100MHz_i
    E3                   IBUF (Prop_ibuf_I_O)         1.411    10.674 r  Inst_ClkGen/inst/clkin1_ibufg/O
                         net (fo=1, routed)           1.162    11.836    Inst_ClkGen/inst/clk_100MHz_i_ClkGen
    MMCME2_ADV_X1Y2      MMCME2_ADV (Prop_mmcme2_adv_CLKIN1_CLKOUT0)
                                                     -7.324     4.512 r  Inst_ClkGen/inst/mmcm_adv_inst/CLKOUT0
                         net (fo=1, routed)           1.639     6.152    Inst_ClkGen/inst/clk_100MHz_o_ClkGen
    BUFGCTRL_X0Y16       BUFG (Prop_bufg_I_O)         0.091     6.243 r  Inst_ClkGen/inst/clkout1_buf/O
                         net (fo=358, routed)         1.595     7.838    Inst_VGA/clk_100MHz_o
    SLICE_X72Y95         FDRE                                         r  Inst_VGA/logo_green_dly_reg[3]/C
                         clock pessimism              0.480     8.318    
                         clock uncertainty           -0.067     8.251    
    SLICE_X72Y95         FDRE (Setup_fdre_C_D)        0.031     8.282    Inst_VGA/logo_green_dly_reg[3]
  -------------------------------------------------------------------
                         required time                          8.282    
                         arrival time                          -6.171    
  -------------------------------------------------------------------
                         slack                                  2.111    

Slack (MET) :             2.248ns  (required time - arrival time)
  Source:                 Inst_VGA/h_cntr_reg_dly_reg[9]/C
                            (rising edge-triggered cell FDRE clocked by clk_100MHz_o_ClkGen_1  {rise@0.000ns fall@4.632ns period=9.263ns})
  Destination:            Inst_VGA/Inst_OverlayCtrl/addr_cntr_reg_reg_rep_rep_rep[2]__2/R
                            (rising edge-triggered cell FDRE clocked by clk_100MHz_o_ClkGen  {rise@0.000ns fall@4.632ns period=9.263ns})
  Path Group:             clk_100MHz_o_ClkGen
  Path Type:              Setup (Max at Slow Process Corner)
  Requirement:            9.263ns  (clk_100MHz_o_ClkGen rise@9.263ns - clk_100MHz_o_ClkGen_1 rise@0.000ns)
  Data Path Delay:        6.458ns  (logic 1.552ns (24.031%)  route 4.906ns (75.969%))
  Logic Levels:           4  (CARRY4=1 LUT2=1 LUT5=1 LUT6=1)
  Clock Path Skew:        -0.061ns (DCD - SCD + CPR)
    Destination Clock Delay (DCD):    -1.545ns = ( 7.718 - 9.263 ) 
    Source Clock Delay      (SCD):    -0.924ns
    Clock Pessimism Removal (CPR):    0.560ns
  Clock Uncertainty:      0.067ns  ((TSJ^2 + DJ^2)^1/2) / 2 + PE
    Total System Jitter     (TSJ):    0.071ns
    Discrete Jitter          (DJ):    0.115ns
    Phase Error              (PE):    0.000ns
  Clock Domain Crossing:  Inter clock paths are considered valid unless explicitly excluded by timing constraints such as set_clock_groups or set_false_path.

    Location             Delay type                Incr(ns)  Path(ns)    Netlist Resource(s)
  -------------------------------------------------------------------    -------------------
                         (clock clk_100MHz_o_ClkGen_1 rise edge)
                                                      0.000     0.000 r  
    E3                                                0.000     0.000 r  clk_i (IN)
                         net (fo=0)                   0.000     0.000    Inst_ClkGen/inst/clk_100MHz_i
    E3                   IBUF (Prop_ibuf_I_O)         1.482     1.482 r  Inst_ClkGen/inst/clkin1_ibufg/O
                         net (fo=1, routed)           1.233     2.715    Inst_ClkGen/inst/clk_100MHz_i_ClkGen
    MMCME2_ADV_X1Y2      MMCME2_ADV (Prop_mmcme2_adv_CLKIN1_CLKOUT0)
                                                     -7.070    -4.355 r  Inst_ClkGen/inst/mmcm_adv_inst/CLKOUT0
                         net (fo=1, routed)           1.719    -2.636    Inst_ClkGen/inst/clk_100MHz_o_ClkGen
    BUFGCTRL_X0Y16       BUFG (Prop_bufg_I_O)         0.096    -2.540 r  Inst_ClkGen/inst/clkout1_buf/O
                         net (fo=358, routed)         1.616    -0.924    Inst_VGA/clk_100MHz_o
    SLICE_X66Y108        FDRE                                         r  Inst_VGA/h_cntr_reg_dly_reg[9]/C
  -------------------------------------------------------------------    -------------------
    SLICE_X66Y108        FDRE (Prop_fdre_C_Q)         0.518    -0.406 f  Inst_VGA/h_cntr_reg_dly_reg[9]/Q
                         net (fo=10, routed)          0.825     0.419    Inst_VGA/Inst_OverlayCtrl/Q[1]
    SLICE_X68Y108        LUT2 (Prop_lut2_I1_O)        0.124     0.543 r  Inst_VGA/Inst_OverlayCtrl/addr_cntr_reg_rep_rep_rep[17]_i_11/O
                         net (fo=1, routed)           0.000     0.543    Inst_VGA/Inst_OverlayCtrl/addr_cntr_reg_rep_rep_rep[17]_i_11_n_0
    SLICE_X68Y108        CARRY4 (Prop_carry4_S[0]_CO[1])
                                                      0.457     1.000 r  Inst_VGA/Inst_OverlayCtrl/addr_cntr_reg_reg_rep_rep_rep[17]_i_8/CO[1]
                         net (fo=3, routed)           1.809     2.809    Inst_VGA/Inst_OverlayCtrl/CO[0]
    SLICE_X75Y125        LUT6 (Prop_lut6_I1_O)        0.329     3.138 r  Inst_VGA/Inst_OverlayCtrl/addr_cntr_reg_rep_rep_rep[17]_i_6/O
                         net (fo=1, routed)           0.502     3.640    Inst_VGA/Inst_OverlayCtrl/addr_cntr_reg_rep_rep_rep[17]_i_6_n_0
    SLICE_X75Y126        LUT5 (Prop_lut5_I2_O)        0.124     3.764 r  Inst_VGA/Inst_OverlayCtrl/addr_cntr_reg_rep_rep_rep[17]_i_1/O
                         net (fo=145, routed)         1.771     5.534    Inst_VGA/Inst_OverlayCtrl/addr_cntr_reg_rep_rep_rep[17]_i_1_n_0
    SLICE_X61Y125        FDRE                                         r  Inst_VGA/Inst_OverlayCtrl/addr_cntr_reg_reg_rep_rep_rep[2]__2/R
  -------------------------------------------------------------------    -------------------

                         (clock clk_100MHz_o_ClkGen rise edge)
                                                      9.263     9.263 r  
    E3                                                0.000     9.263 r  clk_i (IN)
                         net (fo=0)                   0.000     9.263    Inst_ClkGen/inst/clk_100MHz_i
    E3                   IBUF (Prop_ibuf_I_O)         1.411    10.674 r  Inst_ClkGen/inst/clkin1_ibufg/O
                         net (fo=1, routed)           1.162    11.836    Inst_ClkGen/inst/clk_100MHz_i_ClkGen
    MMCME2_ADV_X1Y2      MMCME2_ADV (Prop_mmcme2_adv_CLKIN1_CLKOUT0)
                                                     -7.324     4.512 r  Inst_ClkGen/inst/mmcm_adv_inst/CLKOUT0
                         net (fo=1, routed)           1.639     6.152    Inst_ClkGen/inst/clk_100MHz_o_ClkGen
    BUFGCTRL_X0Y16       BUFG (Prop_bufg_I_O)         0.091     6.243 r  Inst_ClkGen/inst/clkout1_buf/O
                         net (fo=358, routed)         1.476     7.718    Inst_VGA/Inst_OverlayCtrl/clk_100MHz_o
    SLICE_X61Y125        FDRE                                         r  Inst_VGA/Inst_OverlayCtrl/addr_cntr_reg_reg_rep_rep_rep[2]__2/C
                         clock pessimism              0.560     8.278    
                         clock uncertainty           -0.067     8.211    
    SLICE_X61Y125        FDRE (Setup_fdre_C_R)       -0.429     7.782    Inst_VGA/Inst_OverlayCtrl/addr_cntr_reg_reg_rep_rep_rep[2]__2
  -------------------------------------------------------------------
                         required time                          7.782    
                         arrival time                          -5.534    
  -------------------------------------------------------------------
                         slack                                  2.248    

Slack (MET) :             2.248ns  (required time - arrival time)
  Source:                 Inst_VGA/h_cntr_reg_dly_reg[9]/C
                            (rising edge-triggered cell FDRE clocked by clk_100MHz_o_ClkGen_1  {rise@0.000ns fall@4.632ns period=9.263ns})
  Destination:            Inst_VGA/Inst_OverlayCtrl/addr_cntr_reg_reg_rep_rep_rep[3]__2/R
                            (rising edge-triggered cell FDRE clocked by clk_100MHz_o_ClkGen  {rise@0.000ns fall@4.632ns period=9.263ns})
  Path Group:             clk_100MHz_o_ClkGen
  Path Type:              Setup (Max at Slow Process Corner)
  Requirement:            9.263ns  (clk_100MHz_o_ClkGen rise@9.263ns - clk_100MHz_o_ClkGen_1 rise@0.000ns)
  Data Path Delay:        6.458ns  (logic 1.552ns (24.031%)  route 4.906ns (75.969%))
  Logic Levels:           4  (CARRY4=1 LUT2=1 LUT5=1 LUT6=1)
  Clock Path Skew:        -0.061ns (DCD - SCD + CPR)
    Destination Clock Delay (DCD):    -1.545ns = ( 7.718 - 9.263 ) 
    Source Clock Delay      (SCD):    -0.924ns
    Clock Pessimism Removal (CPR):    0.560ns
  Clock Uncertainty:      0.067ns  ((TSJ^2 + DJ^2)^1/2) / 2 + PE
    Total System Jitter     (TSJ):    0.071ns
    Discrete Jitter          (DJ):    0.115ns
    Phase Error              (PE):    0.000ns
  Clock Domain Crossing:  Inter clock paths are considered valid unless explicitly excluded by timing constraints such as set_clock_groups or set_false_path.

    Location             Delay type                Incr(ns)  Path(ns)    Netlist Resource(s)
  -------------------------------------------------------------------    -------------------
                         (clock clk_100MHz_o_ClkGen_1 rise edge)
                                                      0.000     0.000 r  
    E3                                                0.000     0.000 r  clk_i (IN)
                         net (fo=0)                   0.000     0.000    Inst_ClkGen/inst/clk_100MHz_i
    E3                   IBUF (Prop_ibuf_I_O)         1.482     1.482 r  Inst_ClkGen/inst/clkin1_ibufg/O
                         net (fo=1, routed)           1.233     2.715    Inst_ClkGen/inst/clk_100MHz_i_ClkGen
    MMCME2_ADV_X1Y2      MMCME2_ADV (Prop_mmcme2_adv_CLKIN1_CLKOUT0)
                                                     -7.070    -4.355 r  Inst_ClkGen/inst/mmcm_adv_inst/CLKOUT0
                         net (fo=1, routed)           1.719    -2.636    Inst_ClkGen/inst/clk_100MHz_o_ClkGen
    BUFGCTRL_X0Y16       BUFG (Prop_bufg_I_O)         0.096    -2.540 r  Inst_ClkGen/inst/clkout1_buf/O
                         net (fo=358, routed)         1.616    -0.924    Inst_VGA/clk_100MHz_o
    SLICE_X66Y108        FDRE                                         r  Inst_VGA/h_cntr_reg_dly_reg[9]/C
  -------------------------------------------------------------------    -------------------
    SLICE_X66Y108        FDRE (Prop_fdre_C_Q)         0.518    -0.406 f  Inst_VGA/h_cntr_reg_dly_reg[9]/Q
                         net (fo=10, routed)          0.825     0.419    Inst_VGA/Inst_OverlayCtrl/Q[1]
    SLICE_X68Y108        LUT2 (Prop_lut2_I1_O)        0.124     0.543 r  Inst_VGA/Inst_OverlayCtrl/addr_cntr_reg_rep_rep_rep[17]_i_11/O
                         net (fo=1, routed)           0.000     0.543    Inst_VGA/Inst_OverlayCtrl/addr_cntr_reg_rep_rep_rep[17]_i_11_n_0
    SLICE_X68Y108        CARRY4 (Prop_carry4_S[0]_CO[1])
                                                      0.457     1.000 r  Inst_VGA/Inst_OverlayCtrl/addr_cntr_reg_reg_rep_rep_rep[17]_i_8/CO[1]
                         net (fo=3, routed)           1.809     2.809    Inst_VGA/Inst_OverlayCtrl/CO[0]
    SLICE_X75Y125        LUT6 (Prop_lut6_I1_O)        0.329     3.138 r  Inst_VGA/Inst_OverlayCtrl/addr_cntr_reg_rep_rep_rep[17]_i_6/O
                         net (fo=1, routed)           0.502     3.640    Inst_VGA/Inst_OverlayCtrl/addr_cntr_reg_rep_rep_rep[17]_i_6_n_0
    SLICE_X75Y126        LUT5 (Prop_lut5_I2_O)        0.124     3.764 r  Inst_VGA/Inst_OverlayCtrl/addr_cntr_reg_rep_rep_rep[17]_i_1/O
                         net (fo=145, routed)         1.771     5.534    Inst_VGA/Inst_OverlayCtrl/addr_cntr_reg_rep_rep_rep[17]_i_1_n_0
    SLICE_X61Y125        FDRE                                         r  Inst_VGA/Inst_OverlayCtrl/addr_cntr_reg_reg_rep_rep_rep[3]__2/R
  -------------------------------------------------------------------    -------------------

                         (clock clk_100MHz_o_ClkGen rise edge)
                                                      9.263     9.263 r  
    E3                                                0.000     9.263 r  clk_i (IN)
                         net (fo=0)                   0.000     9.263    Inst_ClkGen/inst/clk_100MHz_i
    E3                   IBUF (Prop_ibuf_I_O)         1.411    10.674 r  Inst_ClkGen/inst/clkin1_ibufg/O
                         net (fo=1, routed)           1.162    11.836    Inst_ClkGen/inst/clk_100MHz_i_ClkGen
    MMCME2_ADV_X1Y2      MMCME2_ADV (Prop_mmcme2_adv_CLKIN1_CLKOUT0)
                                                     -7.324     4.512 r  Inst_ClkGen/inst/mmcm_adv_inst/CLKOUT0
                         net (fo=1, routed)           1.639     6.152    Inst_ClkGen/inst/clk_100MHz_o_ClkGen
    BUFGCTRL_X0Y16       BUFG (Prop_bufg_I_O)         0.091     6.243 r  Inst_ClkGen/inst/clkout1_buf/O
                         net (fo=358, routed)         1.476     7.718    Inst_VGA/Inst_OverlayCtrl/clk_100MHz_o
    SLICE_X61Y125        FDRE                                         r  Inst_VGA/Inst_OverlayCtrl/addr_cntr_reg_reg_rep_rep_rep[3]__2/C
                         clock pessimism              0.560     8.278    
                         clock uncertainty           -0.067     8.211    
    SLICE_X61Y125        FDRE (Setup_fdre_C_R)       -0.429     7.782    Inst_VGA/Inst_OverlayCtrl/addr_cntr_reg_reg_rep_rep_rep[3]__2
  -------------------------------------------------------------------
                         required time                          7.782    
                         arrival time                          -5.534    
  -------------------------------------------------------------------
                         slack                                  2.248    

Slack (MET) :             2.279ns  (required time - arrival time)
  Source:                 Inst_VGA/h_cntr_reg_dly_reg[9]/C
                            (rising edge-triggered cell FDRE clocked by clk_100MHz_o_ClkGen_1  {rise@0.000ns fall@4.632ns period=9.263ns})
  Destination:            Inst_VGA/Inst_OverlayCtrl/addr_cntr_reg_reg_rep_rep_rep[0]_rep/R
                            (rising edge-triggered cell FDRE clocked by clk_100MHz_o_ClkGen  {rise@0.000ns fall@4.632ns period=9.263ns})
  Path Group:             clk_100MHz_o_ClkGen
  Path Type:              Setup (Max at Slow Process Corner)
  Requirement:            9.263ns  (clk_100MHz_o_ClkGen rise@9.263ns - clk_100MHz_o_ClkGen_1 rise@0.000ns)
  Data Path Delay:        6.445ns  (logic 1.552ns (24.083%)  route 4.893ns (75.917%))
  Logic Levels:           4  (CARRY4=1 LUT2=1 LUT5=1 LUT6=1)
  Clock Path Skew:        -0.043ns (DCD - SCD + CPR)
    Destination Clock Delay (DCD):    -1.527ns = ( 7.736 - 9.263 ) 
    Source Clock Delay      (SCD):    -0.924ns
    Clock Pessimism Removal (CPR):    0.560ns
  Clock Uncertainty:      0.067ns  ((TSJ^2 + DJ^2)^1/2) / 2 + PE
    Total System Jitter     (TSJ):    0.071ns
    Discrete Jitter          (DJ):    0.115ns
    Phase Error              (PE):    0.000ns
  Clock Domain Crossing:  Inter clock paths are considered valid unless explicitly excluded by timing constraints such as set_clock_groups or set_false_path.

    Location             Delay type                Incr(ns)  Path(ns)    Netlist Resource(s)
  -------------------------------------------------------------------    -------------------
                         (clock clk_100MHz_o_ClkGen_1 rise edge)
                                                      0.000     0.000 r  
    E3                                                0.000     0.000 r  clk_i (IN)
                         net (fo=0)                   0.000     0.000    Inst_ClkGen/inst/clk_100MHz_i
    E3                   IBUF (Prop_ibuf_I_O)         1.482     1.482 r  Inst_ClkGen/inst/clkin1_ibufg/O
                         net (fo=1, routed)           1.233     2.715    Inst_ClkGen/inst/clk_100MHz_i_ClkGen
    MMCME2_ADV_X1Y2      MMCME2_ADV (Prop_mmcme2_adv_CLKIN1_CLKOUT0)
                                                     -7.070    -4.355 r  Inst_ClkGen/inst/mmcm_adv_inst/CLKOUT0
                         net (fo=1, routed)           1.719    -2.636    Inst_ClkGen/inst/clk_100MHz_o_ClkGen
    BUFGCTRL_X0Y16       BUFG (Prop_bufg_I_O)         0.096    -2.540 r  Inst_ClkGen/inst/clkout1_buf/O
                         net (fo=358, routed)         1.616    -0.924    Inst_VGA/clk_100MHz_o
    SLICE_X66Y108        FDRE                                         r  Inst_VGA/h_cntr_reg_dly_reg[9]/C
  -------------------------------------------------------------------    -------------------
    SLICE_X66Y108        FDRE (Prop_fdre_C_Q)         0.518    -0.406 f  Inst_VGA/h_cntr_reg_dly_reg[9]/Q
                         net (fo=10, routed)          0.825     0.419    Inst_VGA/Inst_OverlayCtrl/Q[1]
    SLICE_X68Y108        LUT2 (Prop_lut2_I1_O)        0.124     0.543 r  Inst_VGA/Inst_OverlayCtrl/addr_cntr_reg_rep_rep_rep[17]_i_11/O
                         net (fo=1, routed)           0.000     0.543    Inst_VGA/Inst_OverlayCtrl/addr_cntr_reg_rep_rep_rep[17]_i_11_n_0
    SLICE_X68Y108        CARRY4 (Prop_carry4_S[0]_CO[1])
                                                      0.457     1.000 r  Inst_VGA/Inst_OverlayCtrl/addr_cntr_reg_reg_rep_rep_rep[17]_i_8/CO[1]
                         net (fo=3, routed)           1.809     2.809    Inst_VGA/Inst_OverlayCtrl/CO[0]
    SLICE_X75Y125        LUT6 (Prop_lut6_I1_O)        0.329     3.138 r  Inst_VGA/Inst_OverlayCtrl/addr_cntr_reg_rep_rep_rep[17]_i_6/O
                         net (fo=1, routed)           0.502     3.640    Inst_VGA/Inst_OverlayCtrl/addr_cntr_reg_rep_rep_rep[17]_i_6_n_0
    SLICE_X75Y126        LUT5 (Prop_lut5_I2_O)        0.124     3.764 r  Inst_VGA/Inst_OverlayCtrl/addr_cntr_reg_rep_rep_rep[17]_i_1/O
                         net (fo=145, routed)         1.757     5.520    Inst_VGA/Inst_OverlayCtrl/addr_cntr_reg_rep_rep_rep[17]_i_1_n_0
    SLICE_X69Y139        FDRE                                         r  Inst_VGA/Inst_OverlayCtrl/addr_cntr_reg_reg_rep_rep_rep[0]_rep/R
  -------------------------------------------------------------------    -------------------

                         (clock clk_100MHz_o_ClkGen rise edge)
                                                      9.263     9.263 r  
    E3                                                0.000     9.263 r  clk_i (IN)
                         net (fo=0)                   0.000     9.263    Inst_ClkGen/inst/clk_100MHz_i
    E3                   IBUF (Prop_ibuf_I_O)         1.411    10.674 r  Inst_ClkGen/inst/clkin1_ibufg/O
                         net (fo=1, routed)           1.162    11.836    Inst_ClkGen/inst/clk_100MHz_i_ClkGen
    MMCME2_ADV_X1Y2      MMCME2_ADV (Prop_mmcme2_adv_CLKIN1_CLKOUT0)
                                                     -7.324     4.512 r  Inst_ClkGen/inst/mmcm_adv_inst/CLKOUT0
                         net (fo=1, routed)           1.639     6.152    Inst_ClkGen/inst/clk_100MHz_o_ClkGen
    BUFGCTRL_X0Y16       BUFG (Prop_bufg_I_O)         0.091     6.243 r  Inst_ClkGen/inst/clkout1_buf/O
                         net (fo=358, routed)         1.494     7.736    Inst_VGA/Inst_OverlayCtrl/clk_100MHz_o
    SLICE_X69Y139        FDRE                                         r  Inst_VGA/Inst_OverlayCtrl/addr_cntr_reg_reg_rep_rep_rep[0]_rep/C
                         clock pessimism              0.560     8.296    
                         clock uncertainty           -0.067     8.229    
    SLICE_X69Y139        FDRE (Setup_fdre_C_R)       -0.429     7.800    Inst_VGA/Inst_OverlayCtrl/addr_cntr_reg_reg_rep_rep_rep[0]_rep
  -------------------------------------------------------------------
                         required time                          7.800    
                         arrival time                          -5.520    
  -------------------------------------------------------------------
                         slack                                  2.279    

Slack (MET) :             2.378ns  (required time - arrival time)
  Source:                 Inst_VGA/h_cntr_reg_dly_reg[9]/C
                            (rising edge-triggered cell FDRE clocked by clk_100MHz_o_ClkGen_1  {rise@0.000ns fall@4.632ns period=9.263ns})
  Destination:            Inst_VGA/Inst_OverlayCtrl/addr_cntr_reg_reg_rep_rep_rep[17]__2/R
                            (rising edge-triggered cell FDRE clocked by clk_100MHz_o_ClkGen  {rise@0.000ns fall@4.632ns period=9.263ns})
  Path Group:             clk_100MHz_o_ClkGen
  Path Type:              Setup (Max at Slow Process Corner)
  Requirement:            9.263ns  (clk_100MHz_o_ClkGen rise@9.263ns - clk_100MHz_o_ClkGen_1 rise@0.000ns)
  Data Path Delay:        6.242ns  (logic 1.552ns (24.865%)  route 4.690ns (75.135%))
  Logic Levels:           4  (CARRY4=1 LUT2=1 LUT5=1 LUT6=1)
  Clock Path Skew:        -0.052ns (DCD - SCD + CPR)
    Destination Clock Delay (DCD):    -1.536ns = ( 7.727 - 9.263 ) 
    Source Clock Delay      (SCD):    -0.924ns
    Clock Pessimism Removal (CPR):    0.560ns
  Clock Uncertainty:      0.067ns  ((TSJ^2 + DJ^2)^1/2) / 2 + PE
    Total System Jitter     (TSJ):    0.071ns
    Discrete Jitter          (DJ):    0.115ns
    Phase Error              (PE):    0.000ns
  Clock Domain Crossing:  Inter clock paths are considered valid unless explicitly excluded by timing constraints such as set_clock_groups or set_false_path.

    Location             Delay type                Incr(ns)  Path(ns)    Netlist Resource(s)
  -------------------------------------------------------------------    -------------------
                         (clock clk_100MHz_o_ClkGen_1 rise edge)
                                                      0.000     0.000 r  
    E3                                                0.000     0.000 r  clk_i (IN)
                         net (fo=0)                   0.000     0.000    Inst_ClkGen/inst/clk_100MHz_i
    E3                   IBUF (Prop_ibuf_I_O)         1.482     1.482 r  Inst_ClkGen/inst/clkin1_ibufg/O
                         net (fo=1, routed)           1.233     2.715    Inst_ClkGen/inst/clk_100MHz_i_ClkGen
    MMCME2_ADV_X1Y2      MMCME2_ADV (Prop_mmcme2_adv_CLKIN1_CLKOUT0)
                                                     -7.070    -4.355 r  Inst_ClkGen/inst/mmcm_adv_inst/CLKOUT0
                         net (fo=1, routed)           1.719    -2.636    Inst_ClkGen/inst/clk_100MHz_o_ClkGen
    BUFGCTRL_X0Y16       BUFG (Prop_bufg_I_O)         0.096    -2.540 r  Inst_ClkGen/inst/clkout1_buf/O
                         net (fo=358, routed)         1.616    -0.924    Inst_VGA/clk_100MHz_o
    SLICE_X66Y108        FDRE                                         r  Inst_VGA/h_cntr_reg_dly_reg[9]/C
  -------------------------------------------------------------------    -------------------
    SLICE_X66Y108        FDRE (Prop_fdre_C_Q)         0.518    -0.406 f  Inst_VGA/h_cntr_reg_dly_reg[9]/Q
                         net (fo=10, routed)          0.825     0.419    Inst_VGA/Inst_OverlayCtrl/Q[1]
    SLICE_X68Y108        LUT2 (Prop_lut2_I1_O)        0.124     0.543 r  Inst_VGA/Inst_OverlayCtrl/addr_cntr_reg_rep_rep_rep[17]_i_11/O
                         net (fo=1, routed)           0.000     0.543    Inst_VGA/Inst_OverlayCtrl/addr_cntr_reg_rep_rep_rep[17]_i_11_n_0
    SLICE_X68Y108        CARRY4 (Prop_carry4_S[0]_CO[1])
                                                      0.457     1.000 r  Inst_VGA/Inst_OverlayCtrl/addr_cntr_reg_reg_rep_rep_rep[17]_i_8/CO[1]
                         net (fo=3, routed)           1.809     2.809    Inst_VGA/Inst_OverlayCtrl/CO[0]
    SLICE_X75Y125        LUT6 (Prop_lut6_I1_O)        0.329     3.138 r  Inst_VGA/Inst_OverlayCtrl/addr_cntr_reg_rep_rep_rep[17]_i_6/O
                         net (fo=1, routed)           0.502     3.640    Inst_VGA/Inst_OverlayCtrl/addr_cntr_reg_rep_rep_rep[17]_i_6_n_0
    SLICE_X75Y126        LUT5 (Prop_lut5_I2_O)        0.124     3.764 r  Inst_VGA/Inst_OverlayCtrl/addr_cntr_reg_rep_rep_rep[17]_i_1/O
                         net (fo=145, routed)         1.554     5.318    Inst_VGA/Inst_OverlayCtrl/addr_cntr_reg_rep_rep_rep[17]_i_1_n_0
    SLICE_X70Y129        FDRE                                         r  Inst_VGA/Inst_OverlayCtrl/addr_cntr_reg_reg_rep_rep_rep[17]__2/R
  -------------------------------------------------------------------    -------------------

                         (clock clk_100MHz_o_ClkGen rise edge)
                                                      9.263     9.263 r  
    E3                                                0.000     9.263 r  clk_i (IN)
                         net (fo=0)                   0.000     9.263    Inst_ClkGen/inst/clk_100MHz_i
    E3                   IBUF (Prop_ibuf_I_O)         1.411    10.674 r  Inst_ClkGen/inst/clkin1_ibufg/O
                         net (fo=1, routed)           1.162    11.836    Inst_ClkGen/inst/clk_100MHz_i_ClkGen
    MMCME2_ADV_X1Y2      MMCME2_ADV (Prop_mmcme2_adv_CLKIN1_CLKOUT0)
                                                     -7.324     4.512 r  Inst_ClkGen/inst/mmcm_adv_inst/CLKOUT0
                         net (fo=1, routed)           1.639     6.152    Inst_ClkGen/inst/clk_100MHz_o_ClkGen
    BUFGCTRL_X0Y16       BUFG (Prop_bufg_I_O)         0.091     6.243 r  Inst_ClkGen/inst/clkout1_buf/O
                         net (fo=358, routed)         1.485     7.727    Inst_VGA/Inst_OverlayCtrl/clk_100MHz_o
    SLICE_X70Y129        FDRE                                         r  Inst_VGA/Inst_OverlayCtrl/addr_cntr_reg_reg_rep_rep_rep[17]__2/C
                         clock pessimism              0.560     8.287    
                         clock uncertainty           -0.067     8.220    
    SLICE_X70Y129        FDRE (Setup_fdre_C_R)       -0.524     7.696    Inst_VGA/Inst_OverlayCtrl/addr_cntr_reg_reg_rep_rep_rep[17]__2
  -------------------------------------------------------------------
                         required time                          7.696    
                         arrival time                          -5.318    
  -------------------------------------------------------------------
                         slack                                  2.378    

Slack (MET) :             2.378ns  (required time - arrival time)
  Source:                 Inst_VGA/h_cntr_reg_dly_reg[9]/C
                            (rising edge-triggered cell FDRE clocked by clk_100MHz_o_ClkGen_1  {rise@0.000ns fall@4.632ns period=9.263ns})
  Destination:            Inst_VGA/Inst_OverlayCtrl/addr_cntr_reg_reg_rep_rep_rep[9]__0/R
                            (rising edge-triggered cell FDRE clocked by clk_100MHz_o_ClkGen  {rise@0.000ns fall@4.632ns period=9.263ns})
  Path Group:             clk_100MHz_o_ClkGen
  Path Type:              Setup (Max at Slow Process Corner)
  Requirement:            9.263ns  (clk_100MHz_o_ClkGen rise@9.263ns - clk_100MHz_o_ClkGen_1 rise@0.000ns)
  Data Path Delay:        6.242ns  (logic 1.552ns (24.865%)  route 4.690ns (75.135%))
  Logic Levels:           4  (CARRY4=1 LUT2=1 LUT5=1 LUT6=1)
  Clock Path Skew:        -0.052ns (DCD - SCD + CPR)
    Destination Clock Delay (DCD):    -1.536ns = ( 7.727 - 9.263 ) 
    Source Clock Delay      (SCD):    -0.924ns
    Clock Pessimism Removal (CPR):    0.560ns
  Clock Uncertainty:      0.067ns  ((TSJ^2 + DJ^2)^1/2) / 2 + PE
    Total System Jitter     (TSJ):    0.071ns
    Discrete Jitter          (DJ):    0.115ns
    Phase Error              (PE):    0.000ns
  Clock Domain Crossing:  Inter clock paths are considered valid unless explicitly excluded by timing constraints such as set_clock_groups or set_false_path.

    Location             Delay type                Incr(ns)  Path(ns)    Netlist Resource(s)
  -------------------------------------------------------------------    -------------------
                         (clock clk_100MHz_o_ClkGen_1 rise edge)
                                                      0.000     0.000 r  
    E3                                                0.000     0.000 r  clk_i (IN)
                         net (fo=0)                   0.000     0.000    Inst_ClkGen/inst/clk_100MHz_i
    E3                   IBUF (Prop_ibuf_I_O)         1.482     1.482 r  Inst_ClkGen/inst/clkin1_ibufg/O
                         net (fo=1, routed)           1.233     2.715    Inst_ClkGen/inst/clk_100MHz_i_ClkGen
    MMCME2_ADV_X1Y2      MMCME2_ADV (Prop_mmcme2_adv_CLKIN1_CLKOUT0)
                                                     -7.070    -4.355 r  Inst_ClkGen/inst/mmcm_adv_inst/CLKOUT0
                         net (fo=1, routed)           1.719    -2.636    Inst_ClkGen/inst/clk_100MHz_o_ClkGen
    BUFGCTRL_X0Y16       BUFG (Prop_bufg_I_O)         0.096    -2.540 r  Inst_ClkGen/inst/clkout1_buf/O
                         net (fo=358, routed)         1.616    -0.924    Inst_VGA/clk_100MHz_o
    SLICE_X66Y108        FDRE                                         r  Inst_VGA/h_cntr_reg_dly_reg[9]/C
  -------------------------------------------------------------------    -------------------
    SLICE_X66Y108        FDRE (Prop_fdre_C_Q)         0.518    -0.406 f  Inst_VGA/h_cntr_reg_dly_reg[9]/Q
                         net (fo=10, routed)          0.825     0.419    Inst_VGA/Inst_OverlayCtrl/Q[1]
    SLICE_X68Y108        LUT2 (Prop_lut2_I1_O)        0.124     0.543 r  Inst_VGA/Inst_OverlayCtrl/addr_cntr_reg_rep_rep_rep[17]_i_11/O
                         net (fo=1, routed)           0.000     0.543    Inst_VGA/Inst_OverlayCtrl/addr_cntr_reg_rep_rep_rep[17]_i_11_n_0
    SLICE_X68Y108        CARRY4 (Prop_carry4_S[0]_CO[1])
                                                      0.457     1.000 r  Inst_VGA/Inst_OverlayCtrl/addr_cntr_reg_reg_rep_rep_rep[17]_i_8/CO[1]
                         net (fo=3, routed)           1.809     2.809    Inst_VGA/Inst_OverlayCtrl/CO[0]
    SLICE_X75Y125        LUT6 (Prop_lut6_I1_O)        0.329     3.138 r  Inst_VGA/Inst_OverlayCtrl/addr_cntr_reg_rep_rep_rep[17]_i_6/O
                         net (fo=1, routed)           0.502     3.640    Inst_VGA/Inst_OverlayCtrl/addr_cntr_reg_rep_rep_rep[17]_i_6_n_0
    SLICE_X75Y126        LUT5 (Prop_lut5_I2_O)        0.124     3.764 r  Inst_VGA/Inst_OverlayCtrl/addr_cntr_reg_rep_rep_rep[17]_i_1/O
                         net (fo=145, routed)         1.554     5.318    Inst_VGA/Inst_OverlayCtrl/addr_cntr_reg_rep_rep_rep[17]_i_1_n_0
    SLICE_X70Y129        FDRE                                         r  Inst_VGA/Inst_OverlayCtrl/addr_cntr_reg_reg_rep_rep_rep[9]__0/R
  -------------------------------------------------------------------    -------------------

                         (clock clk_100MHz_o_ClkGen rise edge)
                                                      9.263     9.263 r  
    E3                                                0.000     9.263 r  clk_i (IN)
                         net (fo=0)                   0.000     9.263    Inst_ClkGen/inst/clk_100MHz_i
    E3                   IBUF (Prop_ibuf_I_O)         1.411    10.674 r  Inst_ClkGen/inst/clkin1_ibufg/O
                         net (fo=1, routed)           1.162    11.836    Inst_ClkGen/inst/clk_100MHz_i_ClkGen
    MMCME2_ADV_X1Y2      MMCME2_ADV (Prop_mmcme2_adv_CLKIN1_CLKOUT0)
                                                     -7.324     4.512 r  Inst_ClkGen/inst/mmcm_adv_inst/CLKOUT0
                         net (fo=1, routed)           1.639     6.152    Inst_ClkGen/inst/clk_100MHz_o_ClkGen
    BUFGCTRL_X0Y16       BUFG (Prop_bufg_I_O)         0.091     6.243 r  Inst_ClkGen/inst/clkout1_buf/O
                         net (fo=358, routed)         1.485     7.727    Inst_VGA/Inst_OverlayCtrl/clk_100MHz_o
    SLICE_X70Y129        FDRE                                         r  Inst_VGA/Inst_OverlayCtrl/addr_cntr_reg_reg_rep_rep_rep[9]__0/C
                         clock pessimism              0.560     8.287    
                         clock uncertainty           -0.067     8.220    
    SLICE_X70Y129        FDRE (Setup_fdre_C_R)       -0.524     7.696    Inst_VGA/Inst_OverlayCtrl/addr_cntr_reg_reg_rep_rep_rep[9]__0
  -------------------------------------------------------------------
                         required time                          7.696    
                         arrival time                          -5.318    
  -------------------------------------------------------------------
                         slack                                  2.378    

Slack (MET) :             2.378ns  (required time - arrival time)
  Source:                 Inst_VGA/h_cntr_reg_dly_reg[9]/C
                            (rising edge-triggered cell FDRE clocked by clk_100MHz_o_ClkGen_1  {rise@0.000ns fall@4.632ns period=9.263ns})
  Destination:            Inst_VGA/Inst_OverlayCtrl/addr_cntr_reg_reg_rep_rep_rep[9]__1/R
                            (rising edge-triggered cell FDRE clocked by clk_100MHz_o_ClkGen  {rise@0.000ns fall@4.632ns period=9.263ns})
  Path Group:             clk_100MHz_o_ClkGen
  Path Type:              Setup (Max at Slow Process Corner)
  Requirement:            9.263ns  (clk_100MHz_o_ClkGen rise@9.263ns - clk_100MHz_o_ClkGen_1 rise@0.000ns)
  Data Path Delay:        6.242ns  (logic 1.552ns (24.865%)  route 4.690ns (75.135%))
  Logic Levels:           4  (CARRY4=1 LUT2=1 LUT5=1 LUT6=1)
  Clock Path Skew:        -0.052ns (DCD - SCD + CPR)
    Destination Clock Delay (DCD):    -1.536ns = ( 7.727 - 9.263 ) 
    Source Clock Delay      (SCD):    -0.924ns
    Clock Pessimism Removal (CPR):    0.560ns
  Clock Uncertainty:      0.067ns  ((TSJ^2 + DJ^2)^1/2) / 2 + PE
    Total System Jitter     (TSJ):    0.071ns
    Discrete Jitter          (DJ):    0.115ns
    Phase Error              (PE):    0.000ns
  Clock Domain Crossing:  Inter clock paths are considered valid unless explicitly excluded by timing constraints such as set_clock_groups or set_false_path.

    Location             Delay type                Incr(ns)  Path(ns)    Netlist Resource(s)
  -------------------------------------------------------------------    -------------------
                         (clock clk_100MHz_o_ClkGen_1 rise edge)
                                                      0.000     0.000 r  
    E3                                                0.000     0.000 r  clk_i (IN)
                         net (fo=0)                   0.000     0.000    Inst_ClkGen/inst/clk_100MHz_i
    E3                   IBUF (Prop_ibuf_I_O)         1.482     1.482 r  Inst_ClkGen/inst/clkin1_ibufg/O
                         net (fo=1, routed)           1.233     2.715    Inst_ClkGen/inst/clk_100MHz_i_ClkGen
    MMCME2_ADV_X1Y2      MMCME2_ADV (Prop_mmcme2_adv_CLKIN1_CLKOUT0)
                                                     -7.070    -4.355 r  Inst_ClkGen/inst/mmcm_adv_inst/CLKOUT0
                         net (fo=1, routed)           1.719    -2.636    Inst_ClkGen/inst/clk_100MHz_o_ClkGen
    BUFGCTRL_X0Y16       BUFG (Prop_bufg_I_O)         0.096    -2.540 r  Inst_ClkGen/inst/clkout1_buf/O
                         net (fo=358, routed)         1.616    -0.924    Inst_VGA/clk_100MHz_o
    SLICE_X66Y108        FDRE                                         r  Inst_VGA/h_cntr_reg_dly_reg[9]/C
  -------------------------------------------------------------------    -------------------
    SLICE_X66Y108        FDRE (Prop_fdre_C_Q)         0.518    -0.406 f  Inst_VGA/h_cntr_reg_dly_reg[9]/Q
                         net (fo=10, routed)          0.825     0.419    Inst_VGA/Inst_OverlayCtrl/Q[1]
    SLICE_X68Y108        LUT2 (Prop_lut2_I1_O)        0.124     0.543 r  Inst_VGA/Inst_OverlayCtrl/addr_cntr_reg_rep_rep_rep[17]_i_11/O
                         net (fo=1, routed)           0.000     0.543    Inst_VGA/Inst_OverlayCtrl/addr_cntr_reg_rep_rep_rep[17]_i_11_n_0
    SLICE_X68Y108        CARRY4 (Prop_carry4_S[0]_CO[1])
                                                      0.457     1.000 r  Inst_VGA/Inst_OverlayCtrl/addr_cntr_reg_reg_rep_rep_rep[17]_i_8/CO[1]
                         net (fo=3, routed)           1.809     2.809    Inst_VGA/Inst_OverlayCtrl/CO[0]
    SLICE_X75Y125        LUT6 (Prop_lut6_I1_O)        0.329     3.138 r  Inst_VGA/Inst_OverlayCtrl/addr_cntr_reg_rep_rep_rep[17]_i_6/O
                         net (fo=1, routed)           0.502     3.640    Inst_VGA/Inst_OverlayCtrl/addr_cntr_reg_rep_rep_rep[17]_i_6_n_0
    SLICE_X75Y126        LUT5 (Prop_lut5_I2_O)        0.124     3.764 r  Inst_VGA/Inst_OverlayCtrl/addr_cntr_reg_rep_rep_rep[17]_i_1/O
                         net (fo=145, routed)         1.554     5.318    Inst_VGA/Inst_OverlayCtrl/addr_cntr_reg_rep_rep_rep[17]_i_1_n_0
    SLICE_X70Y129        FDRE                                         r  Inst_VGA/Inst_OverlayCtrl/addr_cntr_reg_reg_rep_rep_rep[9]__1/R
  -------------------------------------------------------------------    -------------------

                         (clock clk_100MHz_o_ClkGen rise edge)
                                                      9.263     9.263 r  
    E3                                                0.000     9.263 r  clk_i (IN)
                         net (fo=0)                   0.000     9.263    Inst_ClkGen/inst/clk_100MHz_i
    E3                   IBUF (Prop_ibuf_I_O)         1.411    10.674 r  Inst_ClkGen/inst/clkin1_ibufg/O
                         net (fo=1, routed)           1.162    11.836    Inst_ClkGen/inst/clk_100MHz_i_ClkGen
    MMCME2_ADV_X1Y2      MMCME2_ADV (Prop_mmcme2_adv_CLKIN1_CLKOUT0)
                                                     -7.324     4.512 r  Inst_ClkGen/inst/mmcm_adv_inst/CLKOUT0
                         net (fo=1, routed)           1.639     6.152    Inst_ClkGen/inst/clk_100MHz_o_ClkGen
    BUFGCTRL_X0Y16       BUFG (Prop_bufg_I_O)         0.091     6.243 r  Inst_ClkGen/inst/clkout1_buf/O
                         net (fo=358, routed)         1.485     7.727    Inst_VGA/Inst_OverlayCtrl/clk_100MHz_o
    SLICE_X70Y129        FDRE                                         r  Inst_VGA/Inst_OverlayCtrl/addr_cntr_reg_reg_rep_rep_rep[9]__1/C
                         clock pessimism              0.560     8.287    
                         clock uncertainty           -0.067     8.220    
    SLICE_X70Y129        FDRE (Setup_fdre_C_R)       -0.524     7.696    Inst_VGA/Inst_OverlayCtrl/addr_cntr_reg_reg_rep_rep_rep[9]__1
  -------------------------------------------------------------------
                         required time                          7.696    
                         arrival time                          -5.318    
  -------------------------------------------------------------------
                         slack                                  2.378    

Slack (MET) :             2.378ns  (required time - arrival time)
  Source:                 Inst_VGA/h_cntr_reg_dly_reg[9]/C
                            (rising edge-triggered cell FDRE clocked by clk_100MHz_o_ClkGen_1  {rise@0.000ns fall@4.632ns period=9.263ns})
  Destination:            Inst_VGA/Inst_OverlayCtrl/addr_cntr_reg_reg_rep_rep_rep[9]__2/R
                            (rising edge-triggered cell FDRE clocked by clk_100MHz_o_ClkGen  {rise@0.000ns fall@4.632ns period=9.263ns})
  Path Group:             clk_100MHz_o_ClkGen
  Path Type:              Setup (Max at Slow Process Corner)
  Requirement:            9.263ns  (clk_100MHz_o_ClkGen rise@9.263ns - clk_100MHz_o_ClkGen_1 rise@0.000ns)
  Data Path Delay:        6.242ns  (logic 1.552ns (24.865%)  route 4.690ns (75.135%))
  Logic Levels:           4  (CARRY4=1 LUT2=1 LUT5=1 LUT6=1)
  Clock Path Skew:        -0.052ns (DCD - SCD + CPR)
    Destination Clock Delay (DCD):    -1.536ns = ( 7.727 - 9.263 ) 
    Source Clock Delay      (SCD):    -0.924ns
    Clock Pessimism Removal (CPR):    0.560ns
  Clock Uncertainty:      0.067ns  ((TSJ^2 + DJ^2)^1/2) / 2 + PE
    Total System Jitter     (TSJ):    0.071ns
    Discrete Jitter          (DJ):    0.115ns
    Phase Error              (PE):    0.000ns
  Clock Domain Crossing:  Inter clock paths are considered valid unless explicitly excluded by timing constraints such as set_clock_groups or set_false_path.

    Location             Delay type                Incr(ns)  Path(ns)    Netlist Resource(s)
  -------------------------------------------------------------------    -------------------
                         (clock clk_100MHz_o_ClkGen_1 rise edge)
                                                      0.000     0.000 r  
    E3                                                0.000     0.000 r  clk_i (IN)
                         net (fo=0)                   0.000     0.000    Inst_ClkGen/inst/clk_100MHz_i
    E3                   IBUF (Prop_ibuf_I_O)         1.482     1.482 r  Inst_ClkGen/inst/clkin1_ibufg/O
                         net (fo=1, routed)           1.233     2.715    Inst_ClkGen/inst/clk_100MHz_i_ClkGen
    MMCME2_ADV_X1Y2      MMCME2_ADV (Prop_mmcme2_adv_CLKIN1_CLKOUT0)
                                                     -7.070    -4.355 r  Inst_ClkGen/inst/mmcm_adv_inst/CLKOUT0
                         net (fo=1, routed)           1.719    -2.636    Inst_ClkGen/inst/clk_100MHz_o_ClkGen
    BUFGCTRL_X0Y16       BUFG (Prop_bufg_I_O)         0.096    -2.540 r  Inst_ClkGen/inst/clkout1_buf/O
                         net (fo=358, routed)         1.616    -0.924    Inst_VGA/clk_100MHz_o
    SLICE_X66Y108        FDRE                                         r  Inst_VGA/h_cntr_reg_dly_reg[9]/C
  -------------------------------------------------------------------    -------------------
    SLICE_X66Y108        FDRE (Prop_fdre_C_Q)         0.518    -0.406 f  Inst_VGA/h_cntr_reg_dly_reg[9]/Q
                         net (fo=10, routed)          0.825     0.419    Inst_VGA/Inst_OverlayCtrl/Q[1]
    SLICE_X68Y108        LUT2 (Prop_lut2_I1_O)        0.124     0.543 r  Inst_VGA/Inst_OverlayCtrl/addr_cntr_reg_rep_rep_rep[17]_i_11/O
                         net (fo=1, routed)           0.000     0.543    Inst_VGA/Inst_OverlayCtrl/addr_cntr_reg_rep_rep_rep[17]_i_11_n_0
    SLICE_X68Y108        CARRY4 (Prop_carry4_S[0]_CO[1])
                                                      0.457     1.000 r  Inst_VGA/Inst_OverlayCtrl/addr_cntr_reg_reg_rep_rep_rep[17]_i_8/CO[1]
                         net (fo=3, routed)           1.809     2.809    Inst_VGA/Inst_OverlayCtrl/CO[0]
    SLICE_X75Y125        LUT6 (Prop_lut6_I1_O)        0.329     3.138 r  Inst_VGA/Inst_OverlayCtrl/addr_cntr_reg_rep_rep_rep[17]_i_6/O
                         net (fo=1, routed)           0.502     3.640    Inst_VGA/Inst_OverlayCtrl/addr_cntr_reg_rep_rep_rep[17]_i_6_n_0
    SLICE_X75Y126        LUT5 (Prop_lut5_I2_O)        0.124     3.764 r  Inst_VGA/Inst_OverlayCtrl/addr_cntr_reg_rep_rep_rep[17]_i_1/O
                         net (fo=145, routed)         1.554     5.318    Inst_VGA/Inst_OverlayCtrl/addr_cntr_reg_rep_rep_rep[17]_i_1_n_0
    SLICE_X70Y129        FDRE                                         r  Inst_VGA/Inst_OverlayCtrl/addr_cntr_reg_reg_rep_rep_rep[9]__2/R
  -------------------------------------------------------------------    -------------------

                         (clock clk_100MHz_o_ClkGen rise edge)
                                                      9.263     9.263 r  
    E3                                                0.000     9.263 r  clk_i (IN)
                         net (fo=0)                   0.000     9.263    Inst_ClkGen/inst/clk_100MHz_i
    E3                   IBUF (Prop_ibuf_I_O)         1.411    10.674 r  Inst_ClkGen/inst/clkin1_ibufg/O
                         net (fo=1, routed)           1.162    11.836    Inst_ClkGen/inst/clk_100MHz_i_ClkGen
    MMCME2_ADV_X1Y2      MMCME2_ADV (Prop_mmcme2_adv_CLKIN1_CLKOUT0)
                                                     -7.324     4.512 r  Inst_ClkGen/inst/mmcm_adv_inst/CLKOUT0
                         net (fo=1, routed)           1.639     6.152    Inst_ClkGen/inst/clk_100MHz_o_ClkGen
    BUFGCTRL_X0Y16       BUFG (Prop_bufg_I_O)         0.091     6.243 r  Inst_ClkGen/inst/clkout1_buf/O
                         net (fo=358, routed)         1.485     7.727    Inst_VGA/Inst_OverlayCtrl/clk_100MHz_o
    SLICE_X70Y129        FDRE                                         r  Inst_VGA/Inst_OverlayCtrl/addr_cntr_reg_reg_rep_rep_rep[9]__2/C
                         clock pessimism              0.560     8.287    
                         clock uncertainty           -0.067     8.220    
    SLICE_X70Y129        FDRE (Setup_fdre_C_R)       -0.524     7.696    Inst_VGA/Inst_OverlayCtrl/addr_cntr_reg_reg_rep_rep_rep[9]__2
  -------------------------------------------------------------------
                         required time                          7.696    
                         arrival time                          -5.318    
  -------------------------------------------------------------------
                         slack                                  2.378    





Min Delay Paths
--------------------------------------------------------------------------------------
Slack (MET) :             0.069ns  (arrival time - required time)
  Source:                 Inst_VGA/Inst_LogoDisplay/addr_reg_reg[4]/C
                            (rising edge-triggered cell FDRE clocked by clk_100MHz_o_ClkGen_1  {rise@0.000ns fall@4.632ns period=9.263ns})
  Destination:            Inst_VGA/Inst_LogoDisplay/Inst_BRAM_1/U0/inst_blk_mem_gen/gnbram.gnativebmg.native_blk_mem_gen/valid.cstr/ramloop[18].ram.r/prim_init.ram/DEVICE_7SERIES.NO_BMM_INFO.SP.SIMPLE_PRIM36.ram/ADDRARDADDR[7]
                            (rising edge-triggered cell RAMB36E1 clocked by clk_100MHz_o_ClkGen  {rise@0.000ns fall@4.632ns period=9.263ns})
  Path Group:             clk_100MHz_o_ClkGen
  Path Type:              Hold (Min at Fast Process Corner)
  Requirement:            0.000ns  (clk_100MHz_o_ClkGen rise@0.000ns - clk_100MHz_o_ClkGen_1 rise@0.000ns)
  Data Path Delay:        0.426ns  (logic 0.164ns (38.461%)  route 0.262ns (61.539%))
  Logic Levels:           0  
  Clock Path Skew:        0.107ns (DCD - SCD - CPR)
    Destination Clock Delay (DCD):    -0.770ns
    Source Clock Delay      (SCD):    -0.602ns
    Clock Pessimism Removal (CPR):    -0.275ns
  Clock Uncertainty:      0.067ns  ((TSJ^2 + DJ^2)^1/2) / 2 + PE
    Total System Jitter     (TSJ):    0.071ns
    Discrete Jitter          (DJ):    0.115ns
    Phase Error              (PE):    0.000ns
  Clock Domain Crossing:  Inter clock paths are considered valid unless explicitly excluded by timing constraints such as set_clock_groups or set_false_path.

    Location             Delay type                Incr(ns)  Path(ns)    Netlist Resource(s)
  -------------------------------------------------------------------    -------------------
                         (clock clk_100MHz_o_ClkGen_1 rise edge)
                                                      0.000     0.000 r  
    E3                                                0.000     0.000 r  clk_i (IN)
                         net (fo=0)                   0.000     0.000    Inst_ClkGen/inst/clk_100MHz_i
    E3                   IBUF (Prop_ibuf_I_O)         0.250     0.250 r  Inst_ClkGen/inst/clkin1_ibufg/O
                         net (fo=1, routed)           0.440     0.690    Inst_ClkGen/inst/clk_100MHz_i_ClkGen
    MMCME2_ADV_X1Y2      MMCME2_ADV (Prop_mmcme2_adv_CLKIN1_CLKOUT0)
                                                     -2.379    -1.689 r  Inst_ClkGen/inst/mmcm_adv_inst/CLKOUT0
                         net (fo=1, routed)           0.499    -1.190    Inst_ClkGen/inst/clk_100MHz_o_ClkGen
    BUFGCTRL_X0Y16       BUFG (Prop_bufg_I_O)         0.026    -1.164 r  Inst_ClkGen/inst/clkout1_buf/O
                         net (fo=358, routed)         0.562    -0.602    Inst_VGA/Inst_LogoDisplay/clk_100MHz_o
    SLICE_X70Y104        FDRE                                         r  Inst_VGA/Inst_LogoDisplay/addr_reg_reg[4]/C
  -------------------------------------------------------------------    -------------------
    SLICE_X70Y104        FDRE (Prop_fdre_C_Q)         0.164    -0.438 r  Inst_VGA/Inst_LogoDisplay/addr_reg_reg[4]/Q
                         net (fo=33, routed)          0.262    -0.176    Inst_VGA/Inst_LogoDisplay/Inst_BRAM_1/U0/inst_blk_mem_gen/gnbram.gnativebmg.native_blk_mem_gen/valid.cstr/ramloop[18].ram.r/prim_init.ram/addra[4]
    RAMB36_X2Y20         RAMB36E1                                     r  Inst_VGA/Inst_LogoDisplay/Inst_BRAM_1/U0/inst_blk_mem_gen/gnbram.gnativebmg.native_blk_mem_gen/valid.cstr/ramloop[18].ram.r/prim_init.ram/DEVICE_7SERIES.NO_BMM_INFO.SP.SIMPLE_PRIM36.ram/ADDRARDADDR[7]
  -------------------------------------------------------------------    -------------------

                         (clock clk_100MHz_o_ClkGen rise edge)
                                                      0.000     0.000 r  
    E3                                                0.000     0.000 r  clk_i (IN)
                         net (fo=0)                   0.000     0.000    Inst_ClkGen/inst/clk_100MHz_i
    E3                   IBUF (Prop_ibuf_I_O)         0.438     0.438 r  Inst_ClkGen/inst/clkin1_ibufg/O
                         net (fo=1, routed)           0.480     0.918    Inst_ClkGen/inst/clk_100MHz_i_ClkGen
    MMCME2_ADV_X1Y2      MMCME2_ADV (Prop_mmcme2_adv_CLKIN1_CLKOUT0)
                                                     -3.163    -2.245 r  Inst_ClkGen/inst/mmcm_adv_inst/CLKOUT0
                         net (fo=1, routed)           0.544    -1.702    Inst_ClkGen/inst/clk_100MHz_o_ClkGen
    BUFGCTRL_X0Y16       BUFG (Prop_bufg_I_O)         0.029    -1.673 r  Inst_ClkGen/inst/clkout1_buf/O
                         net (fo=358, routed)         0.903    -0.770    Inst_VGA/Inst_LogoDisplay/Inst_BRAM_1/U0/inst_blk_mem_gen/gnbram.gnativebmg.native_blk_mem_gen/valid.cstr/ramloop[18].ram.r/prim_init.ram/clka
    RAMB36_X2Y20         RAMB36E1                                     r  Inst_VGA/Inst_LogoDisplay/Inst_BRAM_1/U0/inst_blk_mem_gen/gnbram.gnativebmg.native_blk_mem_gen/valid.cstr/ramloop[18].ram.r/prim_init.ram/DEVICE_7SERIES.NO_BMM_INFO.SP.SIMPLE_PRIM36.ram/CLKARDCLK
                         clock pessimism              0.275    -0.495    
                         clock uncertainty            0.067    -0.427    
    RAMB36_X2Y20         RAMB36E1 (Hold_ramb36e1_CLKARDCLK_ADDRARDADDR[7])
                                                      0.183    -0.244    Inst_VGA/Inst_LogoDisplay/Inst_BRAM_1/U0/inst_blk_mem_gen/gnbram.gnativebmg.native_blk_mem_gen/valid.cstr/ramloop[18].ram.r/prim_init.ram/DEVICE_7SERIES.NO_BMM_INFO.SP.SIMPLE_PRIM36.ram
  -------------------------------------------------------------------
                         required time                          0.244    
                         arrival time                          -0.176    
  -------------------------------------------------------------------
                         slack                                  0.069    

Slack (MET) :             0.092ns  (arrival time - required time)
  Source:                 Inst_VGA/h_sync_reg_reg/C
                            (rising edge-triggered cell FDRE clocked by clk_100MHz_o_ClkGen_1  {rise@0.000ns fall@4.632ns period=9.263ns})
  Destination:            Inst_VGA/h_sync_reg_dly_reg/D
                            (rising edge-triggered cell FDRE clocked by clk_100MHz_o_ClkGen  {rise@0.000ns fall@4.632ns period=9.263ns})
  Path Group:             clk_100MHz_o_ClkGen
  Path Type:              Hold (Min at Fast Process Corner)
  Requirement:            0.000ns  (clk_100MHz_o_ClkGen rise@0.000ns - clk_100MHz_o_ClkGen_1 rise@0.000ns)
  Data Path Delay:        0.220ns  (logic 0.164ns (74.580%)  route 0.056ns (25.420%))
  Logic Levels:           0  
  Clock Path Skew:        0.000ns (DCD - SCD - CPR)
    Destination Clock Delay (DCD):    -0.841ns
    Source Clock Delay      (SCD):    -0.603ns
    Clock Pessimism Removal (CPR):    -0.238ns
  Clock Uncertainty:      0.067ns  ((TSJ^2 + DJ^2)^1/2) / 2 + PE
    Total System Jitter     (TSJ):    0.071ns
    Discrete Jitter          (DJ):    0.115ns
    Phase Error              (PE):    0.000ns
  Clock Domain Crossing:  Inter clock paths are considered valid unless explicitly excluded by timing constraints such as set_clock_groups or set_false_path.

    Location             Delay type                Incr(ns)  Path(ns)    Netlist Resource(s)
  -------------------------------------------------------------------    -------------------
                         (clock clk_100MHz_o_ClkGen_1 rise edge)
                                                      0.000     0.000 r  
    E3                                                0.000     0.000 r  clk_i (IN)
                         net (fo=0)                   0.000     0.000    Inst_ClkGen/inst/clk_100MHz_i
    E3                   IBUF (Prop_ibuf_I_O)         0.250     0.250 r  Inst_ClkGen/inst/clkin1_ibufg/O
                         net (fo=1, routed)           0.440     0.690    Inst_ClkGen/inst/clk_100MHz_i_ClkGen
    MMCME2_ADV_X1Y2      MMCME2_ADV (Prop_mmcme2_adv_CLKIN1_CLKOUT0)
                                                     -2.379    -1.689 r  Inst_ClkGen/inst/mmcm_adv_inst/CLKOUT0
                         net (fo=1, routed)           0.499    -1.190    Inst_ClkGen/inst/clk_100MHz_o_ClkGen
    BUFGCTRL_X0Y16       BUFG (Prop_bufg_I_O)         0.026    -1.164 r  Inst_ClkGen/inst/clkout1_buf/O
                         net (fo=358, routed)         0.561    -0.603    Inst_VGA/clk_100MHz_o
    SLICE_X62Y108        FDRE                                         r  Inst_VGA/h_sync_reg_reg/C
  -------------------------------------------------------------------    -------------------
    SLICE_X62Y108        FDRE (Prop_fdre_C_Q)         0.164    -0.439 r  Inst_VGA/h_sync_reg_reg/Q
                         net (fo=1, routed)           0.056    -0.383    Inst_VGA/h_sync_reg
    SLICE_X62Y108        FDRE                                         r  Inst_VGA/h_sync_reg_dly_reg/D
  -------------------------------------------------------------------    -------------------

                         (clock clk_100MHz_o_ClkGen rise edge)
                                                      0.000     0.000 r  
    E3                                                0.000     0.000 r  clk_i (IN)
                         net (fo=0)                   0.000     0.000    Inst_ClkGen/inst/clk_100MHz_i
    E3                   IBUF (Prop_ibuf_I_O)         0.438     0.438 r  Inst_ClkGen/inst/clkin1_ibufg/O
                         net (fo=1, routed)           0.480     0.918    Inst_ClkGen/inst/clk_100MHz_i_ClkGen
    MMCME2_ADV_X1Y2      MMCME2_ADV (Prop_mmcme2_adv_CLKIN1_CLKOUT0)
                                                     -3.163    -2.245 r  Inst_ClkGen/inst/mmcm_adv_inst/CLKOUT0
                         net (fo=1, routed)           0.544    -1.702    Inst_ClkGen/inst/clk_100MHz_o_ClkGen
    BUFGCTRL_X0Y16       BUFG (Prop_bufg_I_O)         0.029    -1.673 r  Inst_ClkGen/inst/clkout1_buf/O
                         net (fo=358, routed)         0.831    -0.841    Inst_VGA/clk_100MHz_o
    SLICE_X62Y108        FDRE                                         r  Inst_VGA/h_sync_reg_dly_reg/C
                         clock pessimism              0.238    -0.603    
                         clock uncertainty            0.067    -0.536    
    SLICE_X62Y108        FDRE (Hold_fdre_C_D)         0.060    -0.476    Inst_VGA/h_sync_reg_dly_reg
  -------------------------------------------------------------------
                         required time                          0.476    
                         arrival time                          -0.383    
  -------------------------------------------------------------------
                         slack                                  0.092    

Slack (MET) :             0.101ns  (arrival time - required time)
  Source:                 Inst_VGA/logo_red_dly_reg[2]/C
                            (rising edge-triggered cell FDRE clocked by clk_100MHz_o_ClkGen_1  {rise@0.000ns fall@4.632ns period=9.263ns})
  Destination:            Inst_VGA/vga_red_reg_reg[2]/D
                            (rising edge-triggered cell FDRE clocked by clk_100MHz_o_ClkGen  {rise@0.000ns fall@4.632ns period=9.263ns})
  Path Group:             clk_100MHz_o_ClkGen
  Path Type:              Hold (Min at Fast Process Corner)
  Requirement:            0.000ns  (clk_100MHz_o_ClkGen rise@0.000ns - clk_100MHz_o_ClkGen_1 rise@0.000ns)
  Data Path Delay:        0.526ns  (logic 0.186ns (35.357%)  route 0.340ns (64.643%))
  Logic Levels:           1  (LUT5=1)
  Clock Path Skew:        0.266ns (DCD - SCD - CPR)
    Destination Clock Delay (DCD):    -0.812ns
    Source Clock Delay      (SCD):    -0.569ns
    Clock Pessimism Removal (CPR):    -0.509ns
  Clock Uncertainty:      0.067ns  ((TSJ^2 + DJ^2)^1/2) / 2 + PE
    Total System Jitter     (TSJ):    0.071ns
    Discrete Jitter          (DJ):    0.115ns
    Phase Error              (PE):    0.000ns
  Clock Domain Crossing:  Inter clock paths are considered valid unless explicitly excluded by timing constraints such as set_clock_groups or set_false_path.

    Location             Delay type                Incr(ns)  Path(ns)    Netlist Resource(s)
  -------------------------------------------------------------------    -------------------
                         (clock clk_100MHz_o_ClkGen_1 rise edge)
                                                      0.000     0.000 r  
    E3                                                0.000     0.000 r  clk_i (IN)
                         net (fo=0)                   0.000     0.000    Inst_ClkGen/inst/clk_100MHz_i
    E3                   IBUF (Prop_ibuf_I_O)         0.250     0.250 r  Inst_ClkGen/inst/clkin1_ibufg/O
                         net (fo=1, routed)           0.440     0.690    Inst_ClkGen/inst/clk_100MHz_i_ClkGen
    MMCME2_ADV_X1Y2      MMCME2_ADV (Prop_mmcme2_adv_CLKIN1_CLKOUT0)
                                                     -2.379    -1.689 r  Inst_ClkGen/inst/mmcm_adv_inst/CLKOUT0
                         net (fo=1, routed)           0.499    -1.190    Inst_ClkGen/inst/clk_100MHz_o_ClkGen
    BUFGCTRL_X0Y16       BUFG (Prop_bufg_I_O)         0.026    -1.164 r  Inst_ClkGen/inst/clkout1_buf/O
                         net (fo=358, routed)         0.595    -0.569    Inst_VGA/clk_100MHz_o
    SLICE_X72Y95         FDRE                                         r  Inst_VGA/logo_red_dly_reg[2]/C
  -------------------------------------------------------------------    -------------------
    SLICE_X72Y95         FDRE (Prop_fdre_C_Q)         0.141    -0.428 r  Inst_VGA/logo_red_dly_reg[2]/Q
                         net (fo=1, routed)           0.340    -0.088    Inst_VGA/logo_red_dly[2]
    SLICE_X73Y104        LUT5 (Prop_lut5_I3_O)        0.045    -0.043 r  Inst_VGA/vga_red_reg[2]_i_1/O
                         net (fo=1, routed)           0.000    -0.043    Inst_VGA/vga_red__11[2]
    SLICE_X73Y104        FDRE                                         r  Inst_VGA/vga_red_reg_reg[2]/D
  -------------------------------------------------------------------    -------------------

                         (clock clk_100MHz_o_ClkGen rise edge)
                                                      0.000     0.000 r  
    E3                                                0.000     0.000 r  clk_i (IN)
                         net (fo=0)                   0.000     0.000    Inst_ClkGen/inst/clk_100MHz_i
    E3                   IBUF (Prop_ibuf_I_O)         0.438     0.438 r  Inst_ClkGen/inst/clkin1_ibufg/O
                         net (fo=1, routed)           0.480     0.918    Inst_ClkGen/inst/clk_100MHz_i_ClkGen
    MMCME2_ADV_X1Y2      MMCME2_ADV (Prop_mmcme2_adv_CLKIN1_CLKOUT0)
                                                     -3.163    -2.245 r  Inst_ClkGen/inst/mmcm_adv_inst/CLKOUT0
                         net (fo=1, routed)           0.544    -1.702    Inst_ClkGen/inst/clk_100MHz_o_ClkGen
    BUFGCTRL_X0Y16       BUFG (Prop_bufg_I_O)         0.029    -1.673 r  Inst_ClkGen/inst/clkout1_buf/O
                         net (fo=358, routed)         0.860    -0.812    Inst_VGA/clk_100MHz_o
    SLICE_X73Y104        FDRE                                         r  Inst_VGA/vga_red_reg_reg[2]/C
                         clock pessimism              0.509    -0.303    
                         clock uncertainty            0.067    -0.236    
    SLICE_X73Y104        FDRE (Hold_fdre_C_D)         0.092    -0.144    Inst_VGA/vga_red_reg_reg[2]
  -------------------------------------------------------------------
                         required time                          0.144    
                         arrival time                          -0.043    
  -------------------------------------------------------------------
                         slack                                  0.101    

Slack (MET) :             0.104ns  (arrival time - required time)
  Source:                 Inst_VGA/Inst_SquareShapeDisplay/douta_reg[11]/C
                            (rising edge-triggered cell FDRE clocked by clk_100MHz_o_ClkGen_1  {rise@0.000ns fall@4.632ns period=9.263ns})
  Destination:            Inst_VGA/Square_red_dly_reg[3]/D
                            (rising edge-triggered cell FDRE clocked by clk_100MHz_o_ClkGen  {rise@0.000ns fall@4.632ns period=9.263ns})
  Path Group:             clk_100MHz_o_ClkGen
  Path Type:              Hold (Min at Fast Process Corner)
  Requirement:            0.000ns  (clk_100MHz_o_ClkGen rise@0.000ns - clk_100MHz_o_ClkGen_1 rise@0.000ns)
  Data Path Delay:        0.265ns  (logic 0.141ns (53.180%)  route 0.124ns (46.820%))
  Logic Levels:           0  
  Clock Path Skew:        0.016ns (DCD - SCD - CPR)
    Destination Clock Delay (DCD):    -0.839ns
    Source Clock Delay      (SCD):    -0.602ns
    Clock Pessimism Removal (CPR):    -0.253ns
  Clock Uncertainty:      0.067ns  ((TSJ^2 + DJ^2)^1/2) / 2 + PE
    Total System Jitter     (TSJ):    0.071ns
    Discrete Jitter          (DJ):    0.115ns
    Phase Error              (PE):    0.000ns
  Clock Domain Crossing:  Inter clock paths are considered valid unless explicitly excluded by timing constraints such as set_clock_groups or set_false_path.

    Location             Delay type                Incr(ns)  Path(ns)    Netlist Resource(s)
  -------------------------------------------------------------------    -------------------
                         (clock clk_100MHz_o_ClkGen_1 rise edge)
                                                      0.000     0.000 r  
    E3                                                0.000     0.000 r  clk_i (IN)
                         net (fo=0)                   0.000     0.000    Inst_ClkGen/inst/clk_100MHz_i
    E3                   IBUF (Prop_ibuf_I_O)         0.250     0.250 r  Inst_ClkGen/inst/clkin1_ibufg/O
                         net (fo=1, routed)           0.440     0.690    Inst_ClkGen/inst/clk_100MHz_i_ClkGen
    MMCME2_ADV_X1Y2      MMCME2_ADV (Prop_mmcme2_adv_CLKIN1_CLKOUT0)
                                                     -2.379    -1.689 r  Inst_ClkGen/inst/mmcm_adv_inst/CLKOUT0
                         net (fo=1, routed)           0.499    -1.190    Inst_ClkGen/inst/clk_100MHz_o_ClkGen
    BUFGCTRL_X0Y16       BUFG (Prop_bufg_I_O)         0.026    -1.164 r  Inst_ClkGen/inst/clkout1_buf/O
                         net (fo=358, routed)         0.562    -0.602    Inst_VGA/Inst_SquareShapeDisplay/clk_100MHz_o
    SLICE_X71Y103        FDRE                                         r  Inst_VGA/Inst_SquareShapeDisplay/douta_reg[11]/C
  -------------------------------------------------------------------    -------------------
    SLICE_X71Y103        FDRE (Prop_fdre_C_Q)         0.141    -0.461 r  Inst_VGA/Inst_SquareShapeDisplay/douta_reg[11]/Q
                         net (fo=2, routed)           0.124    -0.337    Inst_VGA/Square_red[3]
    SLICE_X71Y104        FDRE                                         r  Inst_VGA/Square_red_dly_reg[3]/D
  -------------------------------------------------------------------    -------------------

                         (clock clk_100MHz_o_ClkGen rise edge)
                                                      0.000     0.000 r  
    E3                                                0.000     0.000 r  clk_i (IN)
                         net (fo=0)                   0.000     0.000    Inst_ClkGen/inst/clk_100MHz_i
    E3                   IBUF (Prop_ibuf_I_O)         0.438     0.438 r  Inst_ClkGen/inst/clkin1_ibufg/O
                         net (fo=1, routed)           0.480     0.918    Inst_ClkGen/inst/clk_100MHz_i_ClkGen
    MMCME2_ADV_X1Y2      MMCME2_ADV (Prop_mmcme2_adv_CLKIN1_CLKOUT0)
                                                     -3.163    -2.245 r  Inst_ClkGen/inst/mmcm_adv_inst/CLKOUT0
                         net (fo=1, routed)           0.544    -1.702    Inst_ClkGen/inst/clk_100MHz_o_ClkGen
    BUFGCTRL_X0Y16       BUFG (Prop_bufg_I_O)         0.029    -1.673 r  Inst_ClkGen/inst/clkout1_buf/O
                         net (fo=358, routed)         0.834    -0.839    Inst_VGA/clk_100MHz_o
    SLICE_X71Y104        FDRE                                         r  Inst_VGA/Square_red_dly_reg[3]/C
                         clock pessimism              0.253    -0.586    
                         clock uncertainty            0.067    -0.519    
    SLICE_X71Y104        FDRE (Hold_fdre_C_D)         0.078    -0.441    Inst_VGA/Square_red_dly_reg[3]
  -------------------------------------------------------------------
                         required time                          0.441    
                         arrival time                          -0.337    
  -------------------------------------------------------------------
                         slack                                  0.104    

Slack (MET) :             0.107ns  (arrival time - required time)
  Source:                 Inst_VGA/Inst_SquareShapeDisplay/douta_reg[8]/C
                            (rising edge-triggered cell FDRE clocked by clk_100MHz_o_ClkGen_1  {rise@0.000ns fall@4.632ns period=9.263ns})
  Destination:            Inst_VGA/Square_red_dly_reg[0]/D
                            (rising edge-triggered cell FDRE clocked by clk_100MHz_o_ClkGen  {rise@0.000ns fall@4.632ns period=9.263ns})
  Path Group:             clk_100MHz_o_ClkGen
  Path Type:              Hold (Min at Fast Process Corner)
  Requirement:            0.000ns  (clk_100MHz_o_ClkGen rise@0.000ns - clk_100MHz_o_ClkGen_1 rise@0.000ns)
  Data Path Delay:        0.265ns  (logic 0.141ns (53.180%)  route 0.124ns (46.820%))
  Logic Levels:           0  
  Clock Path Skew:        0.016ns (DCD - SCD - CPR)
    Destination Clock Delay (DCD):    -0.839ns
    Source Clock Delay      (SCD):    -0.602ns
    Clock Pessimism Removal (CPR):    -0.253ns
  Clock Uncertainty:      0.067ns  ((TSJ^2 + DJ^2)^1/2) / 2 + PE
    Total System Jitter     (TSJ):    0.071ns
    Discrete Jitter          (DJ):    0.115ns
    Phase Error              (PE):    0.000ns
  Clock Domain Crossing:  Inter clock paths are considered valid unless explicitly excluded by timing constraints such as set_clock_groups or set_false_path.

    Location             Delay type                Incr(ns)  Path(ns)    Netlist Resource(s)
  -------------------------------------------------------------------    -------------------
                         (clock clk_100MHz_o_ClkGen_1 rise edge)
                                                      0.000     0.000 r  
    E3                                                0.000     0.000 r  clk_i (IN)
                         net (fo=0)                   0.000     0.000    Inst_ClkGen/inst/clk_100MHz_i
    E3                   IBUF (Prop_ibuf_I_O)         0.250     0.250 r  Inst_ClkGen/inst/clkin1_ibufg/O
                         net (fo=1, routed)           0.440     0.690    Inst_ClkGen/inst/clk_100MHz_i_ClkGen
    MMCME2_ADV_X1Y2      MMCME2_ADV (Prop_mmcme2_adv_CLKIN1_CLKOUT0)
                                                     -2.379    -1.689 r  Inst_ClkGen/inst/mmcm_adv_inst/CLKOUT0
                         net (fo=1, routed)           0.499    -1.190    Inst_ClkGen/inst/clk_100MHz_o_ClkGen
    BUFGCTRL_X0Y16       BUFG (Prop_bufg_I_O)         0.026    -1.164 r  Inst_ClkGen/inst/clkout1_buf/O
                         net (fo=358, routed)         0.562    -0.602    Inst_VGA/Inst_SquareShapeDisplay/clk_100MHz_o
    SLICE_X71Y103        FDRE                                         r  Inst_VGA/Inst_SquareShapeDisplay/douta_reg[8]/C
  -------------------------------------------------------------------    -------------------
    SLICE_X71Y103        FDRE (Prop_fdre_C_Q)         0.141    -0.461 r  Inst_VGA/Inst_SquareShapeDisplay/douta_reg[8]/Q
                         net (fo=2, routed)           0.124    -0.337    Inst_VGA/Square_red[0]
    SLICE_X71Y104        FDRE                                         r  Inst_VGA/Square_red_dly_reg[0]/D
  -------------------------------------------------------------------    -------------------

                         (clock clk_100MHz_o_ClkGen rise edge)
                                                      0.000     0.000 r  
    E3                                                0.000     0.000 r  clk_i (IN)
                         net (fo=0)                   0.000     0.000    Inst_ClkGen/inst/clk_100MHz_i
    E3                   IBUF (Prop_ibuf_I_O)         0.438     0.438 r  Inst_ClkGen/inst/clkin1_ibufg/O
                         net (fo=1, routed)           0.480     0.918    Inst_ClkGen/inst/clk_100MHz_i_ClkGen
    MMCME2_ADV_X1Y2      MMCME2_ADV (Prop_mmcme2_adv_CLKIN1_CLKOUT0)
                                                     -3.163    -2.245 r  Inst_ClkGen/inst/mmcm_adv_inst/CLKOUT0
                         net (fo=1, routed)           0.544    -1.702    Inst_ClkGen/inst/clk_100MHz_o_ClkGen
    BUFGCTRL_X0Y16       BUFG (Prop_bufg_I_O)         0.029    -1.673 r  Inst_ClkGen/inst/clkout1_buf/O
                         net (fo=358, routed)         0.834    -0.839    Inst_VGA/clk_100MHz_o
    SLICE_X71Y104        FDRE                                         r  Inst_VGA/Square_red_dly_reg[0]/C
                         clock pessimism              0.253    -0.586    
                         clock uncertainty            0.067    -0.519    
    SLICE_X71Y104        FDRE (Hold_fdre_C_D)         0.075    -0.444    Inst_VGA/Square_red_dly_reg[0]
  -------------------------------------------------------------------
                         required time                          0.444    
                         arrival time                          -0.337    
  -------------------------------------------------------------------
                         slack                                  0.107    

Slack (MET) :             0.123ns  (arrival time - required time)
  Source:                 Inst_VGA/Inst_LogoDisplay/addr_reg_reg[5]/C
                            (rising edge-triggered cell FDRE clocked by clk_100MHz_o_ClkGen_1  {rise@0.000ns fall@4.632ns period=9.263ns})
  Destination:            Inst_VGA/Inst_LogoDisplay/Inst_BRAM_1/U0/inst_blk_mem_gen/gnbram.gnativebmg.native_blk_mem_gen/valid.cstr/ramloop[1].ram.r/prim_init.ram/DEVICE_7SERIES.NO_BMM_INFO.SP.SIMPLE_PRIM36.ram/ADDRARDADDR[5]
                            (rising edge-triggered cell RAMB36E1 clocked by clk_100MHz_o_ClkGen  {rise@0.000ns fall@4.632ns period=9.263ns})
  Path Group:             clk_100MHz_o_ClkGen
  Path Type:              Hold (Min at Fast Process Corner)
  Requirement:            0.000ns  (clk_100MHz_o_ClkGen rise@0.000ns - clk_100MHz_o_ClkGen_1 rise@0.000ns)
  Data Path Delay:        0.694ns  (logic 0.164ns (23.626%)  route 0.530ns (76.374%))
  Logic Levels:           0  
  Clock Path Skew:        0.320ns (DCD - SCD - CPR)
    Destination Clock Delay (DCD):    -0.791ns
    Source Clock Delay      (SCD):    -0.602ns
    Clock Pessimism Removal (CPR):    -0.509ns
  Clock Uncertainty:      0.067ns  ((TSJ^2 + DJ^2)^1/2) / 2 + PE
    Total System Jitter     (TSJ):    0.071ns
    Discrete Jitter          (DJ):    0.115ns
    Phase Error              (PE):    0.000ns
  Clock Domain Crossing:  Inter clock paths are considered valid unless explicitly excluded by timing constraints such as set_clock_groups or set_false_path.

    Location             Delay type                Incr(ns)  Path(ns)    Netlist Resource(s)
  -------------------------------------------------------------------    -------------------
                         (clock clk_100MHz_o_ClkGen_1 rise edge)
                                                      0.000     0.000 r  
    E3                                                0.000     0.000 r  clk_i (IN)
                         net (fo=0)                   0.000     0.000    Inst_ClkGen/inst/clk_100MHz_i
    E3                   IBUF (Prop_ibuf_I_O)         0.250     0.250 r  Inst_ClkGen/inst/clkin1_ibufg/O
                         net (fo=1, routed)           0.440     0.690    Inst_ClkGen/inst/clk_100MHz_i_ClkGen
    MMCME2_ADV_X1Y2      MMCME2_ADV (Prop_mmcme2_adv_CLKIN1_CLKOUT0)
                                                     -2.379    -1.689 r  Inst_ClkGen/inst/mmcm_adv_inst/CLKOUT0
                         net (fo=1, routed)           0.499    -1.190    Inst_ClkGen/inst/clk_100MHz_o_ClkGen
    BUFGCTRL_X0Y16       BUFG (Prop_bufg_I_O)         0.026    -1.164 r  Inst_ClkGen/inst/clkout1_buf/O
                         net (fo=358, routed)         0.562    -0.602    Inst_VGA/Inst_LogoDisplay/clk_100MHz_o
    SLICE_X70Y104        FDRE                                         r  Inst_VGA/Inst_LogoDisplay/addr_reg_reg[5]/C
  -------------------------------------------------------------------    -------------------
    SLICE_X70Y104        FDRE (Prop_fdre_C_Q)         0.164    -0.438 r  Inst_VGA/Inst_LogoDisplay/addr_reg_reg[5]/Q
                         net (fo=33, routed)          0.530     0.092    Inst_VGA/Inst_LogoDisplay/Inst_BRAM_1/U0/inst_blk_mem_gen/gnbram.gnativebmg.native_blk_mem_gen/valid.cstr/ramloop[1].ram.r/prim_init.ram/addra[5]
    RAMB36_X1Y19         RAMB36E1                                     r  Inst_VGA/Inst_LogoDisplay/Inst_BRAM_1/U0/inst_blk_mem_gen/gnbram.gnativebmg.native_blk_mem_gen/valid.cstr/ramloop[1].ram.r/prim_init.ram/DEVICE_7SERIES.NO_BMM_INFO.SP.SIMPLE_PRIM36.ram/ADDRARDADDR[5]
  -------------------------------------------------------------------    -------------------

                         (clock clk_100MHz_o_ClkGen rise edge)
                                                      0.000     0.000 r  
    E3                                                0.000     0.000 r  clk_i (IN)
                         net (fo=0)                   0.000     0.000    Inst_ClkGen/inst/clk_100MHz_i
    E3                   IBUF (Prop_ibuf_I_O)         0.438     0.438 r  Inst_ClkGen/inst/clkin1_ibufg/O
                         net (fo=1, routed)           0.480     0.918    Inst_ClkGen/inst/clk_100MHz_i_ClkGen
    MMCME2_ADV_X1Y2      MMCME2_ADV (Prop_mmcme2_adv_CLKIN1_CLKOUT0)
                                                     -3.163    -2.245 r  Inst_ClkGen/inst/mmcm_adv_inst/CLKOUT0
                         net (fo=1, routed)           0.544    -1.702    Inst_ClkGen/inst/clk_100MHz_o_ClkGen
    BUFGCTRL_X0Y16       BUFG (Prop_bufg_I_O)         0.029    -1.673 r  Inst_ClkGen/inst/clkout1_buf/O
                         net (fo=358, routed)         0.882    -0.791    Inst_VGA/Inst_LogoDisplay/Inst_BRAM_1/U0/inst_blk_mem_gen/gnbram.gnativebmg.native_blk_mem_gen/valid.cstr/ramloop[1].ram.r/prim_init.ram/clka
    RAMB36_X1Y19         RAMB36E1                                     r  Inst_VGA/Inst_LogoDisplay/Inst_BRAM_1/U0/inst_blk_mem_gen/gnbram.gnativebmg.native_blk_mem_gen/valid.cstr/ramloop[1].ram.r/prim_init.ram/DEVICE_7SERIES.NO_BMM_INFO.SP.SIMPLE_PRIM36.ram/CLKARDCLK
                         clock pessimism              0.509    -0.282    
                         clock uncertainty            0.067    -0.214    
    RAMB36_X1Y19         RAMB36E1 (Hold_ramb36e1_CLKARDCLK_ADDRARDADDR[5])
                                                      0.183    -0.031    Inst_VGA/Inst_LogoDisplay/Inst_BRAM_1/U0/inst_blk_mem_gen/gnbram.gnativebmg.native_blk_mem_gen/valid.cstr/ramloop[1].ram.r/prim_init.ram/DEVICE_7SERIES.NO_BMM_INFO.SP.SIMPLE_PRIM36.ram
  -------------------------------------------------------------------
                         required time                          0.031    
                         arrival time                           0.092    
  -------------------------------------------------------------------
                         slack                                  0.123    

Slack (MET) :             0.131ns  (arrival time - required time)
  Source:                 Inst_VGA/logo_blue_dly_reg[1]/C
                            (rising edge-triggered cell FDRE clocked by clk_100MHz_o_ClkGen_1  {rise@0.000ns fall@4.632ns period=9.263ns})
  Destination:            Inst_VGA/vga_blue_reg_reg[1]/D
                            (rising edge-triggered cell FDRE clocked by clk_100MHz_o_ClkGen  {rise@0.000ns fall@4.632ns period=9.263ns})
  Path Group:             clk_100MHz_o_ClkGen
  Path Type:              Hold (Min at Fast Process Corner)
  Requirement:            0.000ns  (clk_100MHz_o_ClkGen rise@0.000ns - clk_100MHz_o_ClkGen_1 rise@0.000ns)
  Data Path Delay:        0.555ns  (logic 0.186ns (33.521%)  route 0.369ns (66.479%))
  Logic Levels:           1  (LUT5=1)
  Clock Path Skew:        0.266ns (DCD - SCD - CPR)
    Destination Clock Delay (DCD):    -0.812ns
    Source Clock Delay      (SCD):    -0.569ns
    Clock Pessimism Removal (CPR):    -0.509ns
  Clock Uncertainty:      0.067ns  ((TSJ^2 + DJ^2)^1/2) / 2 + PE
    Total System Jitter     (TSJ):    0.071ns
    Discrete Jitter          (DJ):    0.115ns
    Phase Error              (PE):    0.000ns
  Clock Domain Crossing:  Inter clock paths are considered valid unless explicitly excluded by timing constraints such as set_clock_groups or set_false_path.

    Location             Delay type                Incr(ns)  Path(ns)    Netlist Resource(s)
  -------------------------------------------------------------------    -------------------
                         (clock clk_100MHz_o_ClkGen_1 rise edge)
                                                      0.000     0.000 r  
    E3                                                0.000     0.000 r  clk_i (IN)
                         net (fo=0)                   0.000     0.000    Inst_ClkGen/inst/clk_100MHz_i
    E3                   IBUF (Prop_ibuf_I_O)         0.250     0.250 r  Inst_ClkGen/inst/clkin1_ibufg/O
                         net (fo=1, routed)           0.440     0.690    Inst_ClkGen/inst/clk_100MHz_i_ClkGen
    MMCME2_ADV_X1Y2      MMCME2_ADV (Prop_mmcme2_adv_CLKIN1_CLKOUT0)
                                                     -2.379    -1.689 r  Inst_ClkGen/inst/mmcm_adv_inst/CLKOUT0
                         net (fo=1, routed)           0.499    -1.190    Inst_ClkGen/inst/clk_100MHz_o_ClkGen
    BUFGCTRL_X0Y16       BUFG (Prop_bufg_I_O)         0.026    -1.164 r  Inst_ClkGen/inst/clkout1_buf/O
                         net (fo=358, routed)         0.595    -0.569    Inst_VGA/clk_100MHz_o
    SLICE_X72Y96         FDRE                                         r  Inst_VGA/logo_blue_dly_reg[1]/C
  -------------------------------------------------------------------    -------------------
    SLICE_X72Y96         FDRE (Prop_fdre_C_Q)         0.141    -0.428 r  Inst_VGA/logo_blue_dly_reg[1]/Q
                         net (fo=1, routed)           0.369    -0.059    Inst_VGA/logo_blue_dly[1]
    SLICE_X72Y104        LUT5 (Prop_lut5_I3_O)        0.045    -0.014 r  Inst_VGA/vga_blue_reg[1]_i_1/O
                         net (fo=1, routed)           0.000    -0.014    Inst_VGA/vga_blue__11[1]
    SLICE_X72Y104        FDRE                                         r  Inst_VGA/vga_blue_reg_reg[1]/D
  -------------------------------------------------------------------    -------------------

                         (clock clk_100MHz_o_ClkGen rise edge)
                                                      0.000     0.000 r  
    E3                                                0.000     0.000 r  clk_i (IN)
                         net (fo=0)                   0.000     0.000    Inst_ClkGen/inst/clk_100MHz_i
    E3                   IBUF (Prop_ibuf_I_O)         0.438     0.438 r  Inst_ClkGen/inst/clkin1_ibufg/O
                         net (fo=1, routed)           0.480     0.918    Inst_ClkGen/inst/clk_100MHz_i_ClkGen
    MMCME2_ADV_X1Y2      MMCME2_ADV (Prop_mmcme2_adv_CLKIN1_CLKOUT0)
                                                     -3.163    -2.245 r  Inst_ClkGen/inst/mmcm_adv_inst/CLKOUT0
                         net (fo=1, routed)           0.544    -1.702    Inst_ClkGen/inst/clk_100MHz_o_ClkGen
    BUFGCTRL_X0Y16       BUFG (Prop_bufg_I_O)         0.029    -1.673 r  Inst_ClkGen/inst/clkout1_buf/O
                         net (fo=358, routed)         0.860    -0.812    Inst_VGA/clk_100MHz_o
    SLICE_X72Y104        FDRE                                         r  Inst_VGA/vga_blue_reg_reg[1]/C
                         clock pessimism              0.509    -0.303    
                         clock uncertainty            0.067    -0.236    
    SLICE_X72Y104        FDRE (Hold_fdre_C_D)         0.091    -0.145    Inst_VGA/vga_blue_reg_reg[1]
  -------------------------------------------------------------------
                         required time                          0.145    
                         arrival time                          -0.014    
  -------------------------------------------------------------------
                         slack                                  0.131    

Slack (MET) :             0.141ns  (arrival time - required time)
  Source:                 Inst_VGA/logo_green_dly_reg[0]/C
                            (rising edge-triggered cell FDRE clocked by clk_100MHz_o_ClkGen_1  {rise@0.000ns fall@4.632ns period=9.263ns})
  Destination:            Inst_VGA/vga_green_reg_reg[0]/D
                            (rising edge-triggered cell FDRE clocked by clk_100MHz_o_ClkGen  {rise@0.000ns fall@4.632ns period=9.263ns})
  Path Group:             clk_100MHz_o_ClkGen
  Path Type:              Hold (Min at Fast Process Corner)
  Requirement:            0.000ns  (clk_100MHz_o_ClkGen rise@0.000ns - clk_100MHz_o_ClkGen_1 rise@0.000ns)
  Data Path Delay:        0.566ns  (logic 0.209ns (36.949%)  route 0.357ns (63.051%))
  Logic Levels:           1  (LUT5=1)
  Clock Path Skew:        0.266ns (DCD - SCD - CPR)
    Destination Clock Delay (DCD):    -0.839ns
    Source Clock Delay      (SCD):    -0.596ns
    Clock Pessimism Removal (CPR):    -0.509ns
  Clock Uncertainty:      0.067ns  ((TSJ^2 + DJ^2)^1/2) / 2 + PE
    Total System Jitter     (TSJ):    0.071ns
    Discrete Jitter          (DJ):    0.115ns
    Phase Error              (PE):    0.000ns
  Clock Domain Crossing:  Inter clock paths are considered valid unless explicitly excluded by timing constraints such as set_clock_groups or set_false_path.

    Location             Delay type                Incr(ns)  Path(ns)    Netlist Resource(s)
  -------------------------------------------------------------------    -------------------
                         (clock clk_100MHz_o_ClkGen_1 rise edge)
                                                      0.000     0.000 r  
    E3                                                0.000     0.000 r  clk_i (IN)
                         net (fo=0)                   0.000     0.000    Inst_ClkGen/inst/clk_100MHz_i
    E3                   IBUF (Prop_ibuf_I_O)         0.250     0.250 r  Inst_ClkGen/inst/clkin1_ibufg/O
                         net (fo=1, routed)           0.440     0.690    Inst_ClkGen/inst/clk_100MHz_i_ClkGen
    MMCME2_ADV_X1Y2      MMCME2_ADV (Prop_mmcme2_adv_CLKIN1_CLKOUT0)
                                                     -2.379    -1.689 r  Inst_ClkGen/inst/mmcm_adv_inst/CLKOUT0
                         net (fo=1, routed)           0.499    -1.190    Inst_ClkGen/inst/clk_100MHz_o_ClkGen
    BUFGCTRL_X0Y16       BUFG (Prop_bufg_I_O)         0.026    -1.164 r  Inst_ClkGen/inst/clkout1_buf/O
                         net (fo=358, routed)         0.568    -0.596    Inst_VGA/clk_100MHz_o
    SLICE_X70Y96         FDRE                                         r  Inst_VGA/logo_green_dly_reg[0]/C
  -------------------------------------------------------------------    -------------------
    SLICE_X70Y96         FDRE (Prop_fdre_C_Q)         0.164    -0.432 r  Inst_VGA/logo_green_dly_reg[0]/Q
                         net (fo=1, routed)           0.357    -0.076    Inst_VGA/logo_green_dly[0]
    SLICE_X71Y105        LUT5 (Prop_lut5_I3_O)        0.045    -0.031 r  Inst_VGA/vga_green_reg[0]_i_1/O
                         net (fo=1, routed)           0.000    -0.031    Inst_VGA/vga_green__11[0]
    SLICE_X71Y105        FDRE                                         r  Inst_VGA/vga_green_reg_reg[0]/D
  -------------------------------------------------------------------    -------------------

                         (clock clk_100MHz_o_ClkGen rise edge)
                                                      0.000     0.000 r  
    E3                                                0.000     0.000 r  clk_i (IN)
                         net (fo=0)                   0.000     0.000    Inst_ClkGen/inst/clk_100MHz_i
    E3                   IBUF (Prop_ibuf_I_O)         0.438     0.438 r  Inst_ClkGen/inst/clkin1_ibufg/O
                         net (fo=1, routed)           0.480     0.918    Inst_ClkGen/inst/clk_100MHz_i_ClkGen
    MMCME2_ADV_X1Y2      MMCME2_ADV (Prop_mmcme2_adv_CLKIN1_CLKOUT0)
                                                     -3.163    -2.245 r  Inst_ClkGen/inst/mmcm_adv_inst/CLKOUT0
                         net (fo=1, routed)           0.544    -1.702    Inst_ClkGen/inst/clk_100MHz_o_ClkGen
    BUFGCTRL_X0Y16       BUFG (Prop_bufg_I_O)         0.029    -1.673 r  Inst_ClkGen/inst/clkout1_buf/O
                         net (fo=358, routed)         0.834    -0.839    Inst_VGA/clk_100MHz_o
    SLICE_X71Y105        FDRE                                         r  Inst_VGA/vga_green_reg_reg[0]/C
                         clock pessimism              0.509    -0.330    
                         clock uncertainty            0.067    -0.263    
    SLICE_X71Y105        FDRE (Hold_fdre_C_D)         0.091    -0.172    Inst_VGA/vga_green_reg_reg[0]
  -------------------------------------------------------------------
                         required time                          0.172    
                         arrival time                          -0.031    
  -------------------------------------------------------------------
                         slack                                  0.141    

Slack (MET) :             0.143ns  (arrival time - required time)
  Source:                 Inst_VGA/Inst_LogoDisplay/addr_reg_reg[10]/C
                            (rising edge-triggered cell FDRE clocked by clk_100MHz_o_ClkGen_1  {rise@0.000ns fall@4.632ns period=9.263ns})
  Destination:            Inst_VGA/Inst_LogoDisplay/Inst_BRAM_1/U0/inst_blk_mem_gen/gnbram.gnativebmg.native_blk_mem_gen/valid.cstr/ramloop[21].ram.r/prim_init.ram/DEVICE_7SERIES.NO_BMM_INFO.SP.SIMPLE_PRIM36.ram/ADDRARDADDR[13]
                            (rising edge-triggered cell RAMB36E1 clocked by clk_100MHz_o_ClkGen  {rise@0.000ns fall@4.632ns period=9.263ns})
  Path Group:             clk_100MHz_o_ClkGen
  Path Type:              Hold (Min at Fast Process Corner)
  Requirement:            0.000ns  (clk_100MHz_o_ClkGen rise@0.000ns - clk_100MHz_o_ClkGen_1 rise@0.000ns)
  Data Path Delay:        0.500ns  (logic 0.164ns (32.786%)  route 0.336ns (67.214%))
  Logic Levels:           0  
  Clock Path Skew:        0.106ns (DCD - SCD - CPR)
    Destination Clock Delay (DCD):    -0.771ns
    Source Clock Delay      (SCD):    -0.602ns
    Clock Pessimism Removal (CPR):    -0.275ns
  Clock Uncertainty:      0.067ns  ((TSJ^2 + DJ^2)^1/2) / 2 + PE
    Total System Jitter     (TSJ):    0.071ns
    Discrete Jitter          (DJ):    0.115ns
    Phase Error              (PE):    0.000ns
  Clock Domain Crossing:  Inter clock paths are considered valid unless explicitly excluded by timing constraints such as set_clock_groups or set_false_path.

    Location             Delay type                Incr(ns)  Path(ns)    Netlist Resource(s)
  -------------------------------------------------------------------    -------------------
                         (clock clk_100MHz_o_ClkGen_1 rise edge)
                                                      0.000     0.000 r  
    E3                                                0.000     0.000 r  clk_i (IN)
                         net (fo=0)                   0.000     0.000    Inst_ClkGen/inst/clk_100MHz_i
    E3                   IBUF (Prop_ibuf_I_O)         0.250     0.250 r  Inst_ClkGen/inst/clkin1_ibufg/O
                         net (fo=1, routed)           0.440     0.690    Inst_ClkGen/inst/clk_100MHz_i_ClkGen
    MMCME2_ADV_X1Y2      MMCME2_ADV (Prop_mmcme2_adv_CLKIN1_CLKOUT0)
                                                     -2.379    -1.689 r  Inst_ClkGen/inst/mmcm_adv_inst/CLKOUT0
                         net (fo=1, routed)           0.499    -1.190    Inst_ClkGen/inst/clk_100MHz_o_ClkGen
    BUFGCTRL_X0Y16       BUFG (Prop_bufg_I_O)         0.026    -1.164 r  Inst_ClkGen/inst/clkout1_buf/O
                         net (fo=358, routed)         0.562    -0.602    Inst_VGA/Inst_LogoDisplay/clk_100MHz_o
    SLICE_X70Y105        FDRE                                         r  Inst_VGA/Inst_LogoDisplay/addr_reg_reg[10]/C
  -------------------------------------------------------------------    -------------------
    SLICE_X70Y105        FDRE (Prop_fdre_C_Q)         0.164    -0.438 r  Inst_VGA/Inst_LogoDisplay/addr_reg_reg[10]/Q
                         net (fo=33, routed)          0.336    -0.102    Inst_VGA/Inst_LogoDisplay/Inst_BRAM_1/U0/inst_blk_mem_gen/gnbram.gnativebmg.native_blk_mem_gen/valid.cstr/ramloop[21].ram.r/prim_init.ram/addra[10]
    RAMB36_X2Y21         RAMB36E1                                     r  Inst_VGA/Inst_LogoDisplay/Inst_BRAM_1/U0/inst_blk_mem_gen/gnbram.gnativebmg.native_blk_mem_gen/valid.cstr/ramloop[21].ram.r/prim_init.ram/DEVICE_7SERIES.NO_BMM_INFO.SP.SIMPLE_PRIM36.ram/ADDRARDADDR[13]
  -------------------------------------------------------------------    -------------------

                         (clock clk_100MHz_o_ClkGen rise edge)
                                                      0.000     0.000 r  
    E3                                                0.000     0.000 r  clk_i (IN)
                         net (fo=0)                   0.000     0.000    Inst_ClkGen/inst/clk_100MHz_i
    E3                   IBUF (Prop_ibuf_I_O)         0.438     0.438 r  Inst_ClkGen/inst/clkin1_ibufg/O
                         net (fo=1, routed)           0.480     0.918    Inst_ClkGen/inst/clk_100MHz_i_ClkGen
    MMCME2_ADV_X1Y2      MMCME2_ADV (Prop_mmcme2_adv_CLKIN1_CLKOUT0)
                                                     -3.163    -2.245 r  Inst_ClkGen/inst/mmcm_adv_inst/CLKOUT0
                         net (fo=1, routed)           0.544    -1.702    Inst_ClkGen/inst/clk_100MHz_o_ClkGen
    BUFGCTRL_X0Y16       BUFG (Prop_bufg_I_O)         0.029    -1.673 r  Inst_ClkGen/inst/clkout1_buf/O
                         net (fo=358, routed)         0.902    -0.771    Inst_VGA/Inst_LogoDisplay/Inst_BRAM_1/U0/inst_blk_mem_gen/gnbram.gnativebmg.native_blk_mem_gen/valid.cstr/ramloop[21].ram.r/prim_init.ram/clka
    RAMB36_X2Y21         RAMB36E1                                     r  Inst_VGA/Inst_LogoDisplay/Inst_BRAM_1/U0/inst_blk_mem_gen/gnbram.gnativebmg.native_blk_mem_gen/valid.cstr/ramloop[21].ram.r/prim_init.ram/DEVICE_7SERIES.NO_BMM_INFO.SP.SIMPLE_PRIM36.ram/CLKARDCLK
                         clock pessimism              0.275    -0.496    
                         clock uncertainty            0.067    -0.428    
    RAMB36_X2Y21         RAMB36E1 (Hold_ramb36e1_CLKARDCLK_ADDRARDADDR[13])
                                                      0.183    -0.245    Inst_VGA/Inst_LogoDisplay/Inst_BRAM_1/U0/inst_blk_mem_gen/gnbram.gnativebmg.native_blk_mem_gen/valid.cstr/ramloop[21].ram.r/prim_init.ram/DEVICE_7SERIES.NO_BMM_INFO.SP.SIMPLE_PRIM36.ram
  -------------------------------------------------------------------
                         required time                          0.245    
                         arrival time                          -0.102    
  -------------------------------------------------------------------
                         slack                                  0.143    

Slack (MET) :             0.145ns  (arrival time - required time)
  Source:                 Inst_VGA/Inst_LogoDisplay/addr_reg_reg[10]/C
                            (rising edge-triggered cell FDRE clocked by clk_100MHz_o_ClkGen_1  {rise@0.000ns fall@4.632ns period=9.263ns})
  Destination:            Inst_VGA/Inst_LogoDisplay/Inst_BRAM_1/U0/inst_blk_mem_gen/gnbram.gnativebmg.native_blk_mem_gen/valid.cstr/ramloop[9].ram.r/prim_init.ram/DEVICE_7SERIES.NO_BMM_INFO.SP.SIMPLE_PRIM36.ram/ADDRARDADDR[13]
                            (rising edge-triggered cell RAMB36E1 clocked by clk_100MHz_o_ClkGen  {rise@0.000ns fall@4.632ns period=9.263ns})
  Path Group:             clk_100MHz_o_ClkGen
  Path Type:              Hold (Min at Fast Process Corner)
  Requirement:            0.000ns  (clk_100MHz_o_ClkGen rise@0.000ns - clk_100MHz_o_ClkGen_1 rise@0.000ns)
  Data Path Delay:        0.744ns  (logic 0.164ns (22.057%)  route 0.580ns (77.943%))
  Logic Levels:           0  
  Clock Path Skew:        0.348ns (DCD - SCD - CPR)
    Destination Clock Delay (DCD):    -0.763ns
    Source Clock Delay      (SCD):    -0.602ns
    Clock Pessimism Removal (CPR):    -0.509ns
  Clock Uncertainty:      0.067ns  ((TSJ^2 + DJ^2)^1/2) / 2 + PE
    Total System Jitter     (TSJ):    0.071ns
    Discrete Jitter          (DJ):    0.115ns
    Phase Error              (PE):    0.000ns
  Clock Domain Crossing:  Inter clock paths are considered valid unless explicitly excluded by timing constraints such as set_clock_groups or set_false_path.

    Location             Delay type                Incr(ns)  Path(ns)    Netlist Resource(s)
  -------------------------------------------------------------------    -------------------
                         (clock clk_100MHz_o_ClkGen_1 rise edge)
                                                      0.000     0.000 r  
    E3                                                0.000     0.000 r  clk_i (IN)
                         net (fo=0)                   0.000     0.000    Inst_ClkGen/inst/clk_100MHz_i
    E3                   IBUF (Prop_ibuf_I_O)         0.250     0.250 r  Inst_ClkGen/inst/clkin1_ibufg/O
                         net (fo=1, routed)           0.440     0.690    Inst_ClkGen/inst/clk_100MHz_i_ClkGen
    MMCME2_ADV_X1Y2      MMCME2_ADV (Prop_mmcme2_adv_CLKIN1_CLKOUT0)
                                                     -2.379    -1.689 r  Inst_ClkGen/inst/mmcm_adv_inst/CLKOUT0
                         net (fo=1, routed)           0.499    -1.190    Inst_ClkGen/inst/clk_100MHz_o_ClkGen
    BUFGCTRL_X0Y16       BUFG (Prop_bufg_I_O)         0.026    -1.164 r  Inst_ClkGen/inst/clkout1_buf/O
                         net (fo=358, routed)         0.562    -0.602    Inst_VGA/Inst_LogoDisplay/clk_100MHz_o
    SLICE_X70Y105        FDRE                                         r  Inst_VGA/Inst_LogoDisplay/addr_reg_reg[10]/C
  -------------------------------------------------------------------    -------------------
    SLICE_X70Y105        FDRE (Prop_fdre_C_Q)         0.164    -0.438 r  Inst_VGA/Inst_LogoDisplay/addr_reg_reg[10]/Q
                         net (fo=33, routed)          0.580     0.141    Inst_VGA/Inst_LogoDisplay/Inst_BRAM_1/U0/inst_blk_mem_gen/gnbram.gnativebmg.native_blk_mem_gen/valid.cstr/ramloop[9].ram.r/prim_init.ram/addra[10]
    RAMB36_X2Y19         RAMB36E1                                     r  Inst_VGA/Inst_LogoDisplay/Inst_BRAM_1/U0/inst_blk_mem_gen/gnbram.gnativebmg.native_blk_mem_gen/valid.cstr/ramloop[9].ram.r/prim_init.ram/DEVICE_7SERIES.NO_BMM_INFO.SP.SIMPLE_PRIM36.ram/ADDRARDADDR[13]
  -------------------------------------------------------------------    -------------------

                         (clock clk_100MHz_o_ClkGen rise edge)
                                                      0.000     0.000 r  
    E3                                                0.000     0.000 r  clk_i (IN)
                         net (fo=0)                   0.000     0.000    Inst_ClkGen/inst/clk_100MHz_i
    E3                   IBUF (Prop_ibuf_I_O)         0.438     0.438 r  Inst_ClkGen/inst/clkin1_ibufg/O
                         net (fo=1, routed)           0.480     0.918    Inst_ClkGen/inst/clk_100MHz_i_ClkGen
    MMCME2_ADV_X1Y2      MMCME2_ADV (Prop_mmcme2_adv_CLKIN1_CLKOUT0)
                                                     -3.163    -2.245 r  Inst_ClkGen/inst/mmcm_adv_inst/CLKOUT0
                         net (fo=1, routed)           0.544    -1.702    Inst_ClkGen/inst/clk_100MHz_o_ClkGen
    BUFGCTRL_X0Y16       BUFG (Prop_bufg_I_O)         0.029    -1.673 r  Inst_ClkGen/inst/clkout1_buf/O
                         net (fo=358, routed)         0.910    -0.763    Inst_VGA/Inst_LogoDisplay/Inst_BRAM_1/U0/inst_blk_mem_gen/gnbram.gnativebmg.native_blk_mem_gen/valid.cstr/ramloop[9].ram.r/prim_init.ram/clka
    RAMB36_X2Y19         RAMB36E1                                     r  Inst_VGA/Inst_LogoDisplay/Inst_BRAM_1/U0/inst_blk_mem_gen/gnbram.gnativebmg.native_blk_mem_gen/valid.cstr/ramloop[9].ram.r/prim_init.ram/DEVICE_7SERIES.NO_BMM_INFO.SP.SIMPLE_PRIM36.ram/CLKARDCLK
                         clock pessimism              0.509    -0.254    
                         clock uncertainty            0.067    -0.186    
    RAMB36_X2Y19         RAMB36E1 (Hold_ramb36e1_CLKARDCLK_ADDRARDADDR[13])
                                                      0.183    -0.003    Inst_VGA/Inst_LogoDisplay/Inst_BRAM_1/U0/inst_blk_mem_gen/gnbram.gnativebmg.native_blk_mem_gen/valid.cstr/ramloop[9].ram.r/prim_init.ram/DEVICE_7SERIES.NO_BMM_INFO.SP.SIMPLE_PRIM36.ram
  -------------------------------------------------------------------
                         required time                          0.003    
                         arrival time                           0.141    
  -------------------------------------------------------------------
                         slack                                  0.145    





---------------------------------------------------------------------------------------------------
From Clock:  clk_100MHz_o_ClkGen
  To Clock:  clk_100MHz_o_ClkGen_1

Setup :            0  Failing Endpoints,  Worst Slack        0.098ns,  Total Violation        0.000ns
Hold  :            0  Failing Endpoints,  Worst Slack        0.069ns,  Total Violation        0.000ns
---------------------------------------------------------------------------------------------------


Max Delay Paths
--------------------------------------------------------------------------------------
Slack (MET) :             0.098ns  (required time - arrival time)
  Source:                 Inst_VGA/Inst_OverlayCtrl/addr_cntr_reg_reg_rep_rep[1]_rep/C
                            (rising edge-triggered cell FDRE clocked by clk_100MHz_o_ClkGen  {rise@0.000ns fall@4.632ns period=9.263ns})
  Destination:            Inst_VGA/Inst_OverlayCtrl/data_dummy_reg[0]/D
                            (rising edge-triggered cell FDRE clocked by clk_100MHz_o_ClkGen_1  {rise@0.000ns fall@4.632ns period=9.263ns})
  Path Group:             clk_100MHz_o_ClkGen_1
  Path Type:              Setup (Max at Slow Process Corner)
  Requirement:            9.263ns  (clk_100MHz_o_ClkGen_1 rise@9.263ns - clk_100MHz_o_ClkGen rise@0.000ns)
  Data Path Delay:        9.090ns  (logic 2.479ns (27.271%)  route 6.611ns (72.729%))
  Logic Levels:           10  (LUT3=1 LUT4=2 LUT5=1 LUT6=5 MUXF7=1)
  Clock Path Skew:        -0.039ns (DCD - SCD + CPR)
    Destination Clock Delay (DCD):    -1.452ns = ( 7.811 - 9.263 ) 
    Source Clock Delay      (SCD):    -0.853ns
    Clock Pessimism Removal (CPR):    0.560ns
  Clock Uncertainty:      0.067ns  ((TSJ^2 + DJ^2)^1/2) / 2 + PE
    Total System Jitter     (TSJ):    0.071ns
    Discrete Jitter          (DJ):    0.115ns
    Phase Error              (PE):    0.000ns
  Clock Domain Crossing:  Inter clock paths are considered valid unless explicitly excluded by timing constraints such as set_clock_groups or set_false_path.

    Location             Delay type                Incr(ns)  Path(ns)    Netlist Resource(s)
  -------------------------------------------------------------------    -------------------
                         (clock clk_100MHz_o_ClkGen rise edge)
                                                      0.000     0.000 r  
    E3                                                0.000     0.000 r  clk_i (IN)
                         net (fo=0)                   0.000     0.000    Inst_ClkGen/inst/clk_100MHz_i
    E3                   IBUF (Prop_ibuf_I_O)         1.482     1.482 r  Inst_ClkGen/inst/clkin1_ibufg/O
                         net (fo=1, routed)           1.233     2.715    Inst_ClkGen/inst/clk_100MHz_i_ClkGen
    MMCME2_ADV_X1Y2      MMCME2_ADV (Prop_mmcme2_adv_CLKIN1_CLKOUT0)
                                                     -7.070    -4.355 r  Inst_ClkGen/inst/mmcm_adv_inst/CLKOUT0
                         net (fo=1, routed)           1.719    -2.636    Inst_ClkGen/inst/clk_100MHz_o_ClkGen
    BUFGCTRL_X0Y16       BUFG (Prop_bufg_I_O)         0.096    -2.540 r  Inst_ClkGen/inst/clkout1_buf/O
                         net (fo=358, routed)         1.687    -0.853    Inst_VGA/Inst_OverlayCtrl/clk_100MHz_o
    SLICE_X78Y126        FDRE                                         r  Inst_VGA/Inst_OverlayCtrl/addr_cntr_reg_reg_rep_rep[1]_rep/C
  -------------------------------------------------------------------    -------------------
    SLICE_X78Y126        FDRE (Prop_fdre_C_Q)         0.518    -0.335 r  Inst_VGA/Inst_OverlayCtrl/addr_cntr_reg_reg_rep_rep[1]_rep/Q
                         net (fo=91, routed)          1.053     0.718    Inst_VGA/Inst_OverlayCtrl/addr_cntr_reg_reg_rep_rep[1]_rep_n_0
    SLICE_X78Y126        LUT4 (Prop_lut4_I2_O)        0.150     0.868 r  Inst_VGA/Inst_OverlayCtrl/p_0_out_inferred__2/data_dummy[0]_i_1314/O
                         net (fo=16, routed)          0.517     1.385    Inst_VGA/Inst_OverlayCtrl/p_0_out_inferred__2/data_dummy[0]_i_1314_n_0
    SLICE_X78Y125        LUT6 (Prop_lut6_I3_O)        0.328     1.713 r  Inst_VGA/Inst_OverlayCtrl/p_0_out_inferred__2/data_dummy[0]_i_685/O
                         net (fo=41, routed)          1.052     2.765    Inst_VGA/Inst_OverlayCtrl/p_0_out_inferred__2/data_dummy[0]_i_685_n_0
    SLICE_X78Y129        LUT4 (Prop_lut4_I2_O)        0.148     2.913 r  Inst_VGA/Inst_OverlayCtrl/p_0_out_inferred__2/data_dummy[0]_i_898/O
                         net (fo=1, routed)           0.718     3.631    Inst_VGA/Inst_OverlayCtrl/p_0_out_inferred__2/data_dummy[0]_i_898_n_0
    SLICE_X78Y129        LUT5 (Prop_lut5_I4_O)        0.328     3.959 r  Inst_VGA/Inst_OverlayCtrl/p_0_out_inferred__2/data_dummy[0]_i_423/O
                         net (fo=1, routed)           0.953     4.912    Inst_VGA/Inst_OverlayCtrl/p_0_out_inferred__2/data_dummy[0]_i_423_n_0
    SLICE_X74Y129        LUT6 (Prop_lut6_I0_O)        0.124     5.036 r  Inst_VGA/Inst_OverlayCtrl/p_0_out_inferred__2/data_dummy[0]_i_143/O
                         net (fo=1, routed)           0.858     5.895    Inst_VGA/Inst_OverlayCtrl/p_0_out_inferred__2/data_dummy[0]_i_143_n_0
    SLICE_X74Y129        LUT6 (Prop_lut6_I3_O)        0.124     6.019 r  Inst_VGA/Inst_OverlayCtrl/p_0_out_inferred__2/data_dummy[0]_i_44/O
                         net (fo=1, routed)           0.448     6.466    Inst_VGA/Inst_OverlayCtrl/p_0_out_inferred__2/data_dummy[0]_i_44_n_0
    SLICE_X73Y129        LUT3 (Prop_lut3_I2_O)        0.124     6.590 r  Inst_VGA/Inst_OverlayCtrl/p_0_out_inferred__2/data_dummy[0]_i_15/O
                         net (fo=1, routed)           0.434     7.024    Inst_VGA/Inst_OverlayCtrl/p_0_out_inferred__2/data_dummy[0]_i_15_n_0
    SLICE_X73Y130        LUT6 (Prop_lut6_I5_O)        0.124     7.148 r  Inst_VGA/Inst_OverlayCtrl/p_0_out_inferred__2/data_dummy[0]_i_5/O
                         net (fo=1, routed)           0.000     7.148    Inst_VGA/Inst_OverlayCtrl/p_0_out_inferred__2/data_dummy[0]_i_5_n_0
    SLICE_X73Y130        MUXF7 (Prop_muxf7_I0_O)      0.212     7.360 r  Inst_VGA/Inst_OverlayCtrl/data_dummy_reg[0]_i_2/O
                         net (fo=1, routed)           0.578     7.938    Inst_VGA/Inst_OverlayCtrl/data_dummy_reg[0]_i_2_n_0
    SLICE_X73Y131        LUT6 (Prop_lut6_I0_O)        0.299     8.237 r  Inst_VGA/Inst_OverlayCtrl/data_dummy[0]_i_1/O
                         net (fo=1, routed)           0.000     8.237    Inst_VGA/Inst_OverlayCtrl/data_dummy[0]_i_1_n_0
    SLICE_X73Y131        FDRE                                         r  Inst_VGA/Inst_OverlayCtrl/data_dummy_reg[0]/D
  -------------------------------------------------------------------    -------------------

                         (clock clk_100MHz_o_ClkGen_1 rise edge)
                                                      9.263     9.263 r  
    E3                                                0.000     9.263 r  clk_i (IN)
                         net (fo=0)                   0.000     9.263    Inst_ClkGen/inst/clk_100MHz_i
    E3                   IBUF (Prop_ibuf_I_O)         1.411    10.674 r  Inst_ClkGen/inst/clkin1_ibufg/O
                         net (fo=1, routed)           1.162    11.836    Inst_ClkGen/inst/clk_100MHz_i_ClkGen
    MMCME2_ADV_X1Y2      MMCME2_ADV (Prop_mmcme2_adv_CLKIN1_CLKOUT0)
                                                     -7.324     4.512 r  Inst_ClkGen/inst/mmcm_adv_inst/CLKOUT0
                         net (fo=1, routed)           1.639     6.152    Inst_ClkGen/inst/clk_100MHz_o_ClkGen
    BUFGCTRL_X0Y16       BUFG (Prop_bufg_I_O)         0.091     6.243 r  Inst_ClkGen/inst/clkout1_buf/O
                         net (fo=358, routed)         1.569     7.811    Inst_VGA/Inst_OverlayCtrl/clk_100MHz_o
    SLICE_X73Y131        FDRE                                         r  Inst_VGA/Inst_OverlayCtrl/data_dummy_reg[0]/C
                         clock pessimism              0.560     8.371    
                         clock uncertainty           -0.067     8.304    
    SLICE_X73Y131        FDRE (Setup_fdre_C_D)        0.032     8.336    Inst_VGA/Inst_OverlayCtrl/data_dummy_reg[0]
  -------------------------------------------------------------------
                         required time                          8.336    
                         arrival time                          -8.237    
  -------------------------------------------------------------------
                         slack                                  0.098    

Slack (MET) :             1.872ns  (required time - arrival time)
  Source:                 Inst_VGA/Inst_LogoDisplay/Inst_BRAM_1/U0/inst_blk_mem_gen/gnbram.gnativebmg.native_blk_mem_gen/valid.cstr/has_mux_a.A/no_softecc_sel_reg.ce_pri.sel_pipe_reg[1]/C
                            (rising edge-triggered cell FDRE clocked by clk_100MHz_o_ClkGen  {rise@0.000ns fall@4.632ns period=9.263ns})
  Destination:            Inst_VGA/logo_blue_dly_reg[3]/D
                            (rising edge-triggered cell FDRE clocked by clk_100MHz_o_ClkGen_1  {rise@0.000ns fall@4.632ns period=9.263ns})
  Path Group:             clk_100MHz_o_ClkGen_1
  Path Type:              Setup (Max at Slow Process Corner)
  Requirement:            9.263ns  (clk_100MHz_o_ClkGen_1 rise@9.263ns - clk_100MHz_o_ClkGen rise@0.000ns)
  Data Path Delay:        7.298ns  (logic 1.148ns (15.730%)  route 6.150ns (84.270%))
  Logic Levels:           3  (LUT5=1 LUT6=1 MUXF7=1)
  Clock Path Skew:        -0.105ns (DCD - SCD + CPR)
    Destination Clock Delay (DCD):    -1.508ns = ( 7.755 - 9.263 ) 
    Source Clock Delay      (SCD):    -0.923ns
    Clock Pessimism Removal (CPR):    0.480ns
  Clock Uncertainty:      0.067ns  ((TSJ^2 + DJ^2)^1/2) / 2 + PE
    Total System Jitter     (TSJ):    0.071ns
    Discrete Jitter          (DJ):    0.115ns
    Phase Error              (PE):    0.000ns
  Clock Domain Crossing:  Inter clock paths are considered valid unless explicitly excluded by timing constraints such as set_clock_groups or set_false_path.

    Location             Delay type                Incr(ns)  Path(ns)    Netlist Resource(s)
  -------------------------------------------------------------------    -------------------
                         (clock clk_100MHz_o_ClkGen rise edge)
                                                      0.000     0.000 r  
    E3                                                0.000     0.000 r  clk_i (IN)
                         net (fo=0)                   0.000     0.000    Inst_ClkGen/inst/clk_100MHz_i
    E3                   IBUF (Prop_ibuf_I_O)         1.482     1.482 r  Inst_ClkGen/inst/clkin1_ibufg/O
                         net (fo=1, routed)           1.233     2.715    Inst_ClkGen/inst/clk_100MHz_i_ClkGen
    MMCME2_ADV_X1Y2      MMCME2_ADV (Prop_mmcme2_adv_CLKIN1_CLKOUT0)
                                                     -7.070    -4.355 r  Inst_ClkGen/inst/mmcm_adv_inst/CLKOUT0
                         net (fo=1, routed)           1.719    -2.636    Inst_ClkGen/inst/clk_100MHz_o_ClkGen
    BUFGCTRL_X0Y16       BUFG (Prop_bufg_I_O)         0.096    -2.540 r  Inst_ClkGen/inst/clkout1_buf/O
                         net (fo=358, routed)         1.617    -0.923    Inst_VGA/Inst_LogoDisplay/Inst_BRAM_1/U0/inst_blk_mem_gen/gnbram.gnativebmg.native_blk_mem_gen/valid.cstr/has_mux_a.A/clka
    SLICE_X66Y104        FDRE                                         r  Inst_VGA/Inst_LogoDisplay/Inst_BRAM_1/U0/inst_blk_mem_gen/gnbram.gnativebmg.native_blk_mem_gen/valid.cstr/has_mux_a.A/no_softecc_sel_reg.ce_pri.sel_pipe_reg[1]/C
  -------------------------------------------------------------------    -------------------
    SLICE_X66Y104        FDRE (Prop_fdre_C_Q)         0.518    -0.405 r  Inst_VGA/Inst_LogoDisplay/Inst_BRAM_1/U0/inst_blk_mem_gen/gnbram.gnativebmg.native_blk_mem_gen/valid.cstr/has_mux_a.A/no_softecc_sel_reg.ce_pri.sel_pipe_reg[1]/Q
                         net (fo=54, routed)          3.810     3.404    Inst_VGA/Inst_LogoDisplay/Inst_BRAM_1/U0/inst_blk_mem_gen/gnbram.gnativebmg.native_blk_mem_gen/valid.cstr/has_mux_a.A/sel_pipe[1]
    SLICE_X62Y65         LUT6 (Prop_lut6_I2_O)        0.124     3.528 r  Inst_VGA/Inst_LogoDisplay/Inst_BRAM_1/U0/inst_blk_mem_gen/gnbram.gnativebmg.native_blk_mem_gen/valid.cstr/has_mux_a.A/douta[3]_INST_0_i_4/O
                         net (fo=1, routed)           0.000     3.528    Inst_VGA/Inst_LogoDisplay/Inst_BRAM_1/U0/inst_blk_mem_gen/gnbram.gnativebmg.native_blk_mem_gen/valid.cstr/has_mux_a.A/douta[3]_INST_0_i_4_n_0
    SLICE_X62Y65         MUXF7 (Prop_muxf7_I0_O)      0.209     3.737 r  Inst_VGA/Inst_LogoDisplay/Inst_BRAM_1/U0/inst_blk_mem_gen/gnbram.gnativebmg.native_blk_mem_gen/valid.cstr/has_mux_a.A/douta[3]_INST_0_i_1/O
                         net (fo=1, routed)           2.341     6.078    Inst_VGA/Inst_LogoDisplay/Inst_BRAM_1/U0/inst_blk_mem_gen/gnbram.gnativebmg.native_blk_mem_gen/valid.cstr/has_mux_a.A/douta[3]_INST_0_i_1_n_0
    SLICE_X70Y96         LUT5 (Prop_lut5_I0_O)        0.297     6.375 r  Inst_VGA/Inst_LogoDisplay/Inst_BRAM_1/U0/inst_blk_mem_gen/gnbram.gnativebmg.native_blk_mem_gen/valid.cstr/has_mux_a.A/douta[3]_INST_0/O
                         net (fo=1, routed)           0.000     6.375    Inst_VGA/logo_blue[3]
    SLICE_X70Y96         FDRE                                         r  Inst_VGA/logo_blue_dly_reg[3]/D
  -------------------------------------------------------------------    -------------------

                         (clock clk_100MHz_o_ClkGen_1 rise edge)
                                                      9.263     9.263 r  
    E3                                                0.000     9.263 r  clk_i (IN)
                         net (fo=0)                   0.000     9.263    Inst_ClkGen/inst/clk_100MHz_i
    E3                   IBUF (Prop_ibuf_I_O)         1.411    10.674 r  Inst_ClkGen/inst/clkin1_ibufg/O
                         net (fo=1, routed)           1.162    11.836    Inst_ClkGen/inst/clk_100MHz_i_ClkGen
    MMCME2_ADV_X1Y2      MMCME2_ADV (Prop_mmcme2_adv_CLKIN1_CLKOUT0)
                                                     -7.324     4.512 r  Inst_ClkGen/inst/mmcm_adv_inst/CLKOUT0
                         net (fo=1, routed)           1.639     6.152    Inst_ClkGen/inst/clk_100MHz_o_ClkGen
    BUFGCTRL_X0Y16       BUFG (Prop_bufg_I_O)         0.091     6.243 r  Inst_ClkGen/inst/clkout1_buf/O
                         net (fo=358, routed)         1.512     7.755    Inst_VGA/clk_100MHz_o
    SLICE_X70Y96         FDRE                                         r  Inst_VGA/logo_blue_dly_reg[3]/C
                         clock pessimism              0.480     8.235    
                         clock uncertainty           -0.067     8.168    
    SLICE_X70Y96         FDRE (Setup_fdre_C_D)        0.079     8.247    Inst_VGA/logo_blue_dly_reg[3]
  -------------------------------------------------------------------
                         required time                          8.247    
                         arrival time                          -6.375    
  -------------------------------------------------------------------
                         slack                                  1.872    

Slack (MET) :             2.111ns  (required time - arrival time)
  Source:                 Inst_VGA/Inst_LogoDisplay/Inst_BRAM_1/U0/inst_blk_mem_gen/gnbram.gnativebmg.native_blk_mem_gen/valid.cstr/has_mux_a.A/no_softecc_sel_reg.ce_pri.sel_pipe_reg[0]/C
                            (rising edge-triggered cell FDRE clocked by clk_100MHz_o_ClkGen  {rise@0.000ns fall@4.632ns period=9.263ns})
  Destination:            Inst_VGA/logo_green_dly_reg[3]/D
                            (rising edge-triggered cell FDRE clocked by clk_100MHz_o_ClkGen_1  {rise@0.000ns fall@4.632ns period=9.263ns})
  Path Group:             clk_100MHz_o_ClkGen_1
  Path Type:              Setup (Max at Slow Process Corner)
  Requirement:            9.263ns  (clk_100MHz_o_ClkGen_1 rise@9.263ns - clk_100MHz_o_ClkGen rise@0.000ns)
  Data Path Delay:        7.094ns  (logic 1.153ns (16.253%)  route 5.941ns (83.747%))
  Logic Levels:           3  (LUT5=2 MUXF7=1)
  Clock Path Skew:        -0.022ns (DCD - SCD + CPR)
    Destination Clock Delay (DCD):    -1.425ns = ( 7.838 - 9.263 ) 
    Source Clock Delay      (SCD):    -0.923ns
    Clock Pessimism Removal (CPR):    0.480ns
  Clock Uncertainty:      0.067ns  ((TSJ^2 + DJ^2)^1/2) / 2 + PE
    Total System Jitter     (TSJ):    0.071ns
    Discrete Jitter          (DJ):    0.115ns
    Phase Error              (PE):    0.000ns
  Clock Domain Crossing:  Inter clock paths are considered valid unless explicitly excluded by timing constraints such as set_clock_groups or set_false_path.

    Location             Delay type                Incr(ns)  Path(ns)    Netlist Resource(s)
  -------------------------------------------------------------------    -------------------
                         (clock clk_100MHz_o_ClkGen rise edge)
                                                      0.000     0.000 r  
    E3                                                0.000     0.000 r  clk_i (IN)
                         net (fo=0)                   0.000     0.000    Inst_ClkGen/inst/clk_100MHz_i
    E3                   IBUF (Prop_ibuf_I_O)         1.482     1.482 r  Inst_ClkGen/inst/clkin1_ibufg/O
                         net (fo=1, routed)           1.233     2.715    Inst_ClkGen/inst/clk_100MHz_i_ClkGen
    MMCME2_ADV_X1Y2      MMCME2_ADV (Prop_mmcme2_adv_CLKIN1_CLKOUT0)
                                                     -7.070    -4.355 r  Inst_ClkGen/inst/mmcm_adv_inst/CLKOUT0
                         net (fo=1, routed)           1.719    -2.636    Inst_ClkGen/inst/clk_100MHz_o_ClkGen
    BUFGCTRL_X0Y16       BUFG (Prop_bufg_I_O)         0.096    -2.540 r  Inst_ClkGen/inst/clkout1_buf/O
                         net (fo=358, routed)         1.617    -0.923    Inst_VGA/Inst_LogoDisplay/Inst_BRAM_1/U0/inst_blk_mem_gen/gnbram.gnativebmg.native_blk_mem_gen/valid.cstr/has_mux_a.A/clka
    SLICE_X66Y104        FDRE                                         r  Inst_VGA/Inst_LogoDisplay/Inst_BRAM_1/U0/inst_blk_mem_gen/gnbram.gnativebmg.native_blk_mem_gen/valid.cstr/has_mux_a.A/no_softecc_sel_reg.ce_pri.sel_pipe_reg[0]/C
  -------------------------------------------------------------------    -------------------
    SLICE_X66Y104        FDRE (Prop_fdre_C_Q)         0.518    -0.405 r  Inst_VGA/Inst_LogoDisplay/Inst_BRAM_1/U0/inst_blk_mem_gen/gnbram.gnativebmg.native_blk_mem_gen/valid.cstr/has_mux_a.A/no_softecc_sel_reg.ce_pri.sel_pipe_reg[0]/Q
                         net (fo=54, routed)          3.830     3.425    Inst_VGA/Inst_LogoDisplay/Inst_BRAM_1/U0/inst_blk_mem_gen/gnbram.gnativebmg.native_blk_mem_gen/valid.cstr/has_mux_a.A/sel_pipe[0]
    SLICE_X62Y66         LUT5 (Prop_lut5_I3_O)        0.124     3.549 r  Inst_VGA/Inst_LogoDisplay/Inst_BRAM_1/U0/inst_blk_mem_gen/gnbram.gnativebmg.native_blk_mem_gen/valid.cstr/has_mux_a.A/douta[7]_INST_0_i_5/O
                         net (fo=1, routed)           0.000     3.549    Inst_VGA/Inst_LogoDisplay/Inst_BRAM_1/U0/inst_blk_mem_gen/gnbram.gnativebmg.native_blk_mem_gen/valid.cstr/has_mux_a.A/douta[7]_INST_0_i_5_n_0
    SLICE_X62Y66         MUXF7 (Prop_muxf7_I1_O)      0.214     3.763 r  Inst_VGA/Inst_LogoDisplay/Inst_BRAM_1/U0/inst_blk_mem_gen/gnbram.gnativebmg.native_blk_mem_gen/valid.cstr/has_mux_a.A/douta[7]_INST_0_i_1/O
                         net (fo=1, routed)           2.111     5.874    Inst_VGA/Inst_LogoDisplay/Inst_BRAM_1/U0/inst_blk_mem_gen/gnbram.gnativebmg.native_blk_mem_gen/valid.cstr/has_mux_a.A/douta[7]_INST_0_i_1_n_0
    SLICE_X72Y95         LUT5 (Prop_lut5_I0_O)        0.297     6.171 r  Inst_VGA/Inst_LogoDisplay/Inst_BRAM_1/U0/inst_blk_mem_gen/gnbram.gnativebmg.native_blk_mem_gen/valid.cstr/has_mux_a.A/douta[7]_INST_0/O
                         net (fo=1, routed)           0.000     6.171    Inst_VGA/logo_green[3]
    SLICE_X72Y95         FDRE                                         r  Inst_VGA/logo_green_dly_reg[3]/D
  -------------------------------------------------------------------    -------------------

                         (clock clk_100MHz_o_ClkGen_1 rise edge)
                                                      9.263     9.263 r  
    E3                                                0.000     9.263 r  clk_i (IN)
                         net (fo=0)                   0.000     9.263    Inst_ClkGen/inst/clk_100MHz_i
    E3                   IBUF (Prop_ibuf_I_O)         1.411    10.674 r  Inst_ClkGen/inst/clkin1_ibufg/O
                         net (fo=1, routed)           1.162    11.836    Inst_ClkGen/inst/clk_100MHz_i_ClkGen
    MMCME2_ADV_X1Y2      MMCME2_ADV (Prop_mmcme2_adv_CLKIN1_CLKOUT0)
                                                     -7.324     4.512 r  Inst_ClkGen/inst/mmcm_adv_inst/CLKOUT0
                         net (fo=1, routed)           1.639     6.152    Inst_ClkGen/inst/clk_100MHz_o_ClkGen
    BUFGCTRL_X0Y16       BUFG (Prop_bufg_I_O)         0.091     6.243 r  Inst_ClkGen/inst/clkout1_buf/O
                         net (fo=358, routed)         1.595     7.838    Inst_VGA/clk_100MHz_o
    SLICE_X72Y95         FDRE                                         r  Inst_VGA/logo_green_dly_reg[3]/C
                         clock pessimism              0.480     8.318    
                         clock uncertainty           -0.067     8.251    
    SLICE_X72Y95         FDRE (Setup_fdre_C_D)        0.031     8.282    Inst_VGA/logo_green_dly_reg[3]
  -------------------------------------------------------------------
                         required time                          8.282    
                         arrival time                          -6.171    
  -------------------------------------------------------------------
                         slack                                  2.111    

Slack (MET) :             2.248ns  (required time - arrival time)
  Source:                 Inst_VGA/h_cntr_reg_dly_reg[9]/C
                            (rising edge-triggered cell FDRE clocked by clk_100MHz_o_ClkGen  {rise@0.000ns fall@4.632ns period=9.263ns})
  Destination:            Inst_VGA/Inst_OverlayCtrl/addr_cntr_reg_reg_rep_rep_rep[2]__2/R
                            (rising edge-triggered cell FDRE clocked by clk_100MHz_o_ClkGen_1  {rise@0.000ns fall@4.632ns period=9.263ns})
  Path Group:             clk_100MHz_o_ClkGen_1
  Path Type:              Setup (Max at Slow Process Corner)
  Requirement:            9.263ns  (clk_100MHz_o_ClkGen_1 rise@9.263ns - clk_100MHz_o_ClkGen rise@0.000ns)
  Data Path Delay:        6.458ns  (logic 1.552ns (24.031%)  route 4.906ns (75.969%))
  Logic Levels:           4  (CARRY4=1 LUT2=1 LUT5=1 LUT6=1)
  Clock Path Skew:        -0.061ns (DCD - SCD + CPR)
    Destination Clock Delay (DCD):    -1.545ns = ( 7.718 - 9.263 ) 
    Source Clock Delay      (SCD):    -0.924ns
    Clock Pessimism Removal (CPR):    0.560ns
  Clock Uncertainty:      0.067ns  ((TSJ^2 + DJ^2)^1/2) / 2 + PE
    Total System Jitter     (TSJ):    0.071ns
    Discrete Jitter          (DJ):    0.115ns
    Phase Error              (PE):    0.000ns
  Clock Domain Crossing:  Inter clock paths are considered valid unless explicitly excluded by timing constraints such as set_clock_groups or set_false_path.

    Location             Delay type                Incr(ns)  Path(ns)    Netlist Resource(s)
  -------------------------------------------------------------------    -------------------
                         (clock clk_100MHz_o_ClkGen rise edge)
                                                      0.000     0.000 r  
    E3                                                0.000     0.000 r  clk_i (IN)
                         net (fo=0)                   0.000     0.000    Inst_ClkGen/inst/clk_100MHz_i
    E3                   IBUF (Prop_ibuf_I_O)         1.482     1.482 r  Inst_ClkGen/inst/clkin1_ibufg/O
                         net (fo=1, routed)           1.233     2.715    Inst_ClkGen/inst/clk_100MHz_i_ClkGen
    MMCME2_ADV_X1Y2      MMCME2_ADV (Prop_mmcme2_adv_CLKIN1_CLKOUT0)
                                                     -7.070    -4.355 r  Inst_ClkGen/inst/mmcm_adv_inst/CLKOUT0
                         net (fo=1, routed)           1.719    -2.636    Inst_ClkGen/inst/clk_100MHz_o_ClkGen
    BUFGCTRL_X0Y16       BUFG (Prop_bufg_I_O)         0.096    -2.540 r  Inst_ClkGen/inst/clkout1_buf/O
                         net (fo=358, routed)         1.616    -0.924    Inst_VGA/clk_100MHz_o
    SLICE_X66Y108        FDRE                                         r  Inst_VGA/h_cntr_reg_dly_reg[9]/C
  -------------------------------------------------------------------    -------------------
    SLICE_X66Y108        FDRE (Prop_fdre_C_Q)         0.518    -0.406 f  Inst_VGA/h_cntr_reg_dly_reg[9]/Q
                         net (fo=10, routed)          0.825     0.419    Inst_VGA/Inst_OverlayCtrl/Q[1]
    SLICE_X68Y108        LUT2 (Prop_lut2_I1_O)        0.124     0.543 r  Inst_VGA/Inst_OverlayCtrl/addr_cntr_reg_rep_rep_rep[17]_i_11/O
                         net (fo=1, routed)           0.000     0.543    Inst_VGA/Inst_OverlayCtrl/addr_cntr_reg_rep_rep_rep[17]_i_11_n_0
    SLICE_X68Y108        CARRY4 (Prop_carry4_S[0]_CO[1])
                                                      0.457     1.000 r  Inst_VGA/Inst_OverlayCtrl/addr_cntr_reg_reg_rep_rep_rep[17]_i_8/CO[1]
                         net (fo=3, routed)           1.809     2.809    Inst_VGA/Inst_OverlayCtrl/CO[0]
    SLICE_X75Y125        LUT6 (Prop_lut6_I1_O)        0.329     3.138 r  Inst_VGA/Inst_OverlayCtrl/addr_cntr_reg_rep_rep_rep[17]_i_6/O
                         net (fo=1, routed)           0.502     3.640    Inst_VGA/Inst_OverlayCtrl/addr_cntr_reg_rep_rep_rep[17]_i_6_n_0
    SLICE_X75Y126        LUT5 (Prop_lut5_I2_O)        0.124     3.764 r  Inst_VGA/Inst_OverlayCtrl/addr_cntr_reg_rep_rep_rep[17]_i_1/O
                         net (fo=145, routed)         1.771     5.534    Inst_VGA/Inst_OverlayCtrl/addr_cntr_reg_rep_rep_rep[17]_i_1_n_0
    SLICE_X61Y125        FDRE                                         r  Inst_VGA/Inst_OverlayCtrl/addr_cntr_reg_reg_rep_rep_rep[2]__2/R
  -------------------------------------------------------------------    -------------------

                         (clock clk_100MHz_o_ClkGen_1 rise edge)
                                                      9.263     9.263 r  
    E3                                                0.000     9.263 r  clk_i (IN)
                         net (fo=0)                   0.000     9.263    Inst_ClkGen/inst/clk_100MHz_i
    E3                   IBUF (Prop_ibuf_I_O)         1.411    10.674 r  Inst_ClkGen/inst/clkin1_ibufg/O
                         net (fo=1, routed)           1.162    11.836    Inst_ClkGen/inst/clk_100MHz_i_ClkGen
    MMCME2_ADV_X1Y2      MMCME2_ADV (Prop_mmcme2_adv_CLKIN1_CLKOUT0)
                                                     -7.324     4.512 r  Inst_ClkGen/inst/mmcm_adv_inst/CLKOUT0
                         net (fo=1, routed)           1.639     6.152    Inst_ClkGen/inst/clk_100MHz_o_ClkGen
    BUFGCTRL_X0Y16       BUFG (Prop_bufg_I_O)         0.091     6.243 r  Inst_ClkGen/inst/clkout1_buf/O
                         net (fo=358, routed)         1.476     7.718    Inst_VGA/Inst_OverlayCtrl/clk_100MHz_o
    SLICE_X61Y125        FDRE                                         r  Inst_VGA/Inst_OverlayCtrl/addr_cntr_reg_reg_rep_rep_rep[2]__2/C
                         clock pessimism              0.560     8.278    
                         clock uncertainty           -0.067     8.211    
    SLICE_X61Y125        FDRE (Setup_fdre_C_R)       -0.429     7.782    Inst_VGA/Inst_OverlayCtrl/addr_cntr_reg_reg_rep_rep_rep[2]__2
  -------------------------------------------------------------------
                         required time                          7.782    
                         arrival time                          -5.534    
  -------------------------------------------------------------------
                         slack                                  2.248    

Slack (MET) :             2.248ns  (required time - arrival time)
  Source:                 Inst_VGA/h_cntr_reg_dly_reg[9]/C
                            (rising edge-triggered cell FDRE clocked by clk_100MHz_o_ClkGen  {rise@0.000ns fall@4.632ns period=9.263ns})
  Destination:            Inst_VGA/Inst_OverlayCtrl/addr_cntr_reg_reg_rep_rep_rep[3]__2/R
                            (rising edge-triggered cell FDRE clocked by clk_100MHz_o_ClkGen_1  {rise@0.000ns fall@4.632ns period=9.263ns})
  Path Group:             clk_100MHz_o_ClkGen_1
  Path Type:              Setup (Max at Slow Process Corner)
  Requirement:            9.263ns  (clk_100MHz_o_ClkGen_1 rise@9.263ns - clk_100MHz_o_ClkGen rise@0.000ns)
  Data Path Delay:        6.458ns  (logic 1.552ns (24.031%)  route 4.906ns (75.969%))
  Logic Levels:           4  (CARRY4=1 LUT2=1 LUT5=1 LUT6=1)
  Clock Path Skew:        -0.061ns (DCD - SCD + CPR)
    Destination Clock Delay (DCD):    -1.545ns = ( 7.718 - 9.263 ) 
    Source Clock Delay      (SCD):    -0.924ns
    Clock Pessimism Removal (CPR):    0.560ns
  Clock Uncertainty:      0.067ns  ((TSJ^2 + DJ^2)^1/2) / 2 + PE
    Total System Jitter     (TSJ):    0.071ns
    Discrete Jitter          (DJ):    0.115ns
    Phase Error              (PE):    0.000ns
  Clock Domain Crossing:  Inter clock paths are considered valid unless explicitly excluded by timing constraints such as set_clock_groups or set_false_path.

    Location             Delay type                Incr(ns)  Path(ns)    Netlist Resource(s)
  -------------------------------------------------------------------    -------------------
                         (clock clk_100MHz_o_ClkGen rise edge)
                                                      0.000     0.000 r  
    E3                                                0.000     0.000 r  clk_i (IN)
                         net (fo=0)                   0.000     0.000    Inst_ClkGen/inst/clk_100MHz_i
    E3                   IBUF (Prop_ibuf_I_O)         1.482     1.482 r  Inst_ClkGen/inst/clkin1_ibufg/O
                         net (fo=1, routed)           1.233     2.715    Inst_ClkGen/inst/clk_100MHz_i_ClkGen
    MMCME2_ADV_X1Y2      MMCME2_ADV (Prop_mmcme2_adv_CLKIN1_CLKOUT0)
                                                     -7.070    -4.355 r  Inst_ClkGen/inst/mmcm_adv_inst/CLKOUT0
                         net (fo=1, routed)           1.719    -2.636    Inst_ClkGen/inst/clk_100MHz_o_ClkGen
    BUFGCTRL_X0Y16       BUFG (Prop_bufg_I_O)         0.096    -2.540 r  Inst_ClkGen/inst/clkout1_buf/O
                         net (fo=358, routed)         1.616    -0.924    Inst_VGA/clk_100MHz_o
    SLICE_X66Y108        FDRE                                         r  Inst_VGA/h_cntr_reg_dly_reg[9]/C
  -------------------------------------------------------------------    -------------------
    SLICE_X66Y108        FDRE (Prop_fdre_C_Q)         0.518    -0.406 f  Inst_VGA/h_cntr_reg_dly_reg[9]/Q
                         net (fo=10, routed)          0.825     0.419    Inst_VGA/Inst_OverlayCtrl/Q[1]
    SLICE_X68Y108        LUT2 (Prop_lut2_I1_O)        0.124     0.543 r  Inst_VGA/Inst_OverlayCtrl/addr_cntr_reg_rep_rep_rep[17]_i_11/O
                         net (fo=1, routed)           0.000     0.543    Inst_VGA/Inst_OverlayCtrl/addr_cntr_reg_rep_rep_rep[17]_i_11_n_0
    SLICE_X68Y108        CARRY4 (Prop_carry4_S[0]_CO[1])
                                                      0.457     1.000 r  Inst_VGA/Inst_OverlayCtrl/addr_cntr_reg_reg_rep_rep_rep[17]_i_8/CO[1]
                         net (fo=3, routed)           1.809     2.809    Inst_VGA/Inst_OverlayCtrl/CO[0]
    SLICE_X75Y125        LUT6 (Prop_lut6_I1_O)        0.329     3.138 r  Inst_VGA/Inst_OverlayCtrl/addr_cntr_reg_rep_rep_rep[17]_i_6/O
                         net (fo=1, routed)           0.502     3.640    Inst_VGA/Inst_OverlayCtrl/addr_cntr_reg_rep_rep_rep[17]_i_6_n_0
    SLICE_X75Y126        LUT5 (Prop_lut5_I2_O)        0.124     3.764 r  Inst_VGA/Inst_OverlayCtrl/addr_cntr_reg_rep_rep_rep[17]_i_1/O
                         net (fo=145, routed)         1.771     5.534    Inst_VGA/Inst_OverlayCtrl/addr_cntr_reg_rep_rep_rep[17]_i_1_n_0
    SLICE_X61Y125        FDRE                                         r  Inst_VGA/Inst_OverlayCtrl/addr_cntr_reg_reg_rep_rep_rep[3]__2/R
  -------------------------------------------------------------------    -------------------

                         (clock clk_100MHz_o_ClkGen_1 rise edge)
                                                      9.263     9.263 r  
    E3                                                0.000     9.263 r  clk_i (IN)
                         net (fo=0)                   0.000     9.263    Inst_ClkGen/inst/clk_100MHz_i
    E3                   IBUF (Prop_ibuf_I_O)         1.411    10.674 r  Inst_ClkGen/inst/clkin1_ibufg/O
                         net (fo=1, routed)           1.162    11.836    Inst_ClkGen/inst/clk_100MHz_i_ClkGen
    MMCME2_ADV_X1Y2      MMCME2_ADV (Prop_mmcme2_adv_CLKIN1_CLKOUT0)
                                                     -7.324     4.512 r  Inst_ClkGen/inst/mmcm_adv_inst/CLKOUT0
                         net (fo=1, routed)           1.639     6.152    Inst_ClkGen/inst/clk_100MHz_o_ClkGen
    BUFGCTRL_X0Y16       BUFG (Prop_bufg_I_O)         0.091     6.243 r  Inst_ClkGen/inst/clkout1_buf/O
                         net (fo=358, routed)         1.476     7.718    Inst_VGA/Inst_OverlayCtrl/clk_100MHz_o
    SLICE_X61Y125        FDRE                                         r  Inst_VGA/Inst_OverlayCtrl/addr_cntr_reg_reg_rep_rep_rep[3]__2/C
                         clock pessimism              0.560     8.278    
                         clock uncertainty           -0.067     8.211    
    SLICE_X61Y125        FDRE (Setup_fdre_C_R)       -0.429     7.782    Inst_VGA/Inst_OverlayCtrl/addr_cntr_reg_reg_rep_rep_rep[3]__2
  -------------------------------------------------------------------
                         required time                          7.782    
                         arrival time                          -5.534    
  -------------------------------------------------------------------
                         slack                                  2.248    

Slack (MET) :             2.279ns  (required time - arrival time)
  Source:                 Inst_VGA/h_cntr_reg_dly_reg[9]/C
                            (rising edge-triggered cell FDRE clocked by clk_100MHz_o_ClkGen  {rise@0.000ns fall@4.632ns period=9.263ns})
  Destination:            Inst_VGA/Inst_OverlayCtrl/addr_cntr_reg_reg_rep_rep_rep[0]_rep/R
                            (rising edge-triggered cell FDRE clocked by clk_100MHz_o_ClkGen_1  {rise@0.000ns fall@4.632ns period=9.263ns})
  Path Group:             clk_100MHz_o_ClkGen_1
  Path Type:              Setup (Max at Slow Process Corner)
  Requirement:            9.263ns  (clk_100MHz_o_ClkGen_1 rise@9.263ns - clk_100MHz_o_ClkGen rise@0.000ns)
  Data Path Delay:        6.445ns  (logic 1.552ns (24.083%)  route 4.893ns (75.917%))
  Logic Levels:           4  (CARRY4=1 LUT2=1 LUT5=1 LUT6=1)
  Clock Path Skew:        -0.043ns (DCD - SCD + CPR)
    Destination Clock Delay (DCD):    -1.527ns = ( 7.736 - 9.263 ) 
    Source Clock Delay      (SCD):    -0.924ns
    Clock Pessimism Removal (CPR):    0.560ns
  Clock Uncertainty:      0.067ns  ((TSJ^2 + DJ^2)^1/2) / 2 + PE
    Total System Jitter     (TSJ):    0.071ns
    Discrete Jitter          (DJ):    0.115ns
    Phase Error              (PE):    0.000ns
  Clock Domain Crossing:  Inter clock paths are considered valid unless explicitly excluded by timing constraints such as set_clock_groups or set_false_path.

    Location             Delay type                Incr(ns)  Path(ns)    Netlist Resource(s)
  -------------------------------------------------------------------    -------------------
                         (clock clk_100MHz_o_ClkGen rise edge)
                                                      0.000     0.000 r  
    E3                                                0.000     0.000 r  clk_i (IN)
                         net (fo=0)                   0.000     0.000    Inst_ClkGen/inst/clk_100MHz_i
    E3                   IBUF (Prop_ibuf_I_O)         1.482     1.482 r  Inst_ClkGen/inst/clkin1_ibufg/O
                         net (fo=1, routed)           1.233     2.715    Inst_ClkGen/inst/clk_100MHz_i_ClkGen
    MMCME2_ADV_X1Y2      MMCME2_ADV (Prop_mmcme2_adv_CLKIN1_CLKOUT0)
                                                     -7.070    -4.355 r  Inst_ClkGen/inst/mmcm_adv_inst/CLKOUT0
                         net (fo=1, routed)           1.719    -2.636    Inst_ClkGen/inst/clk_100MHz_o_ClkGen
    BUFGCTRL_X0Y16       BUFG (Prop_bufg_I_O)         0.096    -2.540 r  Inst_ClkGen/inst/clkout1_buf/O
                         net (fo=358, routed)         1.616    -0.924    Inst_VGA/clk_100MHz_o
    SLICE_X66Y108        FDRE                                         r  Inst_VGA/h_cntr_reg_dly_reg[9]/C
  -------------------------------------------------------------------    -------------------
    SLICE_X66Y108        FDRE (Prop_fdre_C_Q)         0.518    -0.406 f  Inst_VGA/h_cntr_reg_dly_reg[9]/Q
                         net (fo=10, routed)          0.825     0.419    Inst_VGA/Inst_OverlayCtrl/Q[1]
    SLICE_X68Y108        LUT2 (Prop_lut2_I1_O)        0.124     0.543 r  Inst_VGA/Inst_OverlayCtrl/addr_cntr_reg_rep_rep_rep[17]_i_11/O
                         net (fo=1, routed)           0.000     0.543    Inst_VGA/Inst_OverlayCtrl/addr_cntr_reg_rep_rep_rep[17]_i_11_n_0
    SLICE_X68Y108        CARRY4 (Prop_carry4_S[0]_CO[1])
                                                      0.457     1.000 r  Inst_VGA/Inst_OverlayCtrl/addr_cntr_reg_reg_rep_rep_rep[17]_i_8/CO[1]
                         net (fo=3, routed)           1.809     2.809    Inst_VGA/Inst_OverlayCtrl/CO[0]
    SLICE_X75Y125        LUT6 (Prop_lut6_I1_O)        0.329     3.138 r  Inst_VGA/Inst_OverlayCtrl/addr_cntr_reg_rep_rep_rep[17]_i_6/O
                         net (fo=1, routed)           0.502     3.640    Inst_VGA/Inst_OverlayCtrl/addr_cntr_reg_rep_rep_rep[17]_i_6_n_0
    SLICE_X75Y126        LUT5 (Prop_lut5_I2_O)        0.124     3.764 r  Inst_VGA/Inst_OverlayCtrl/addr_cntr_reg_rep_rep_rep[17]_i_1/O
                         net (fo=145, routed)         1.757     5.520    Inst_VGA/Inst_OverlayCtrl/addr_cntr_reg_rep_rep_rep[17]_i_1_n_0
    SLICE_X69Y139        FDRE                                         r  Inst_VGA/Inst_OverlayCtrl/addr_cntr_reg_reg_rep_rep_rep[0]_rep/R
  -------------------------------------------------------------------    -------------------

                         (clock clk_100MHz_o_ClkGen_1 rise edge)
                                                      9.263     9.263 r  
    E3                                                0.000     9.263 r  clk_i (IN)
                         net (fo=0)                   0.000     9.263    Inst_ClkGen/inst/clk_100MHz_i
    E3                   IBUF (Prop_ibuf_I_O)         1.411    10.674 r  Inst_ClkGen/inst/clkin1_ibufg/O
                         net (fo=1, routed)           1.162    11.836    Inst_ClkGen/inst/clk_100MHz_i_ClkGen
    MMCME2_ADV_X1Y2      MMCME2_ADV (Prop_mmcme2_adv_CLKIN1_CLKOUT0)
                                                     -7.324     4.512 r  Inst_ClkGen/inst/mmcm_adv_inst/CLKOUT0
                         net (fo=1, routed)           1.639     6.152    Inst_ClkGen/inst/clk_100MHz_o_ClkGen
    BUFGCTRL_X0Y16       BUFG (Prop_bufg_I_O)         0.091     6.243 r  Inst_ClkGen/inst/clkout1_buf/O
                         net (fo=358, routed)         1.494     7.736    Inst_VGA/Inst_OverlayCtrl/clk_100MHz_o
    SLICE_X69Y139        FDRE                                         r  Inst_VGA/Inst_OverlayCtrl/addr_cntr_reg_reg_rep_rep_rep[0]_rep/C
                         clock pessimism              0.560     8.296    
                         clock uncertainty           -0.067     8.229    
    SLICE_X69Y139        FDRE (Setup_fdre_C_R)       -0.429     7.800    Inst_VGA/Inst_OverlayCtrl/addr_cntr_reg_reg_rep_rep_rep[0]_rep
  -------------------------------------------------------------------
                         required time                          7.800    
                         arrival time                          -5.520    
  -------------------------------------------------------------------
                         slack                                  2.279    

Slack (MET) :             2.378ns  (required time - arrival time)
  Source:                 Inst_VGA/h_cntr_reg_dly_reg[9]/C
                            (rising edge-triggered cell FDRE clocked by clk_100MHz_o_ClkGen  {rise@0.000ns fall@4.632ns period=9.263ns})
  Destination:            Inst_VGA/Inst_OverlayCtrl/addr_cntr_reg_reg_rep_rep_rep[17]__2/R
                            (rising edge-triggered cell FDRE clocked by clk_100MHz_o_ClkGen_1  {rise@0.000ns fall@4.632ns period=9.263ns})
  Path Group:             clk_100MHz_o_ClkGen_1
  Path Type:              Setup (Max at Slow Process Corner)
  Requirement:            9.263ns  (clk_100MHz_o_ClkGen_1 rise@9.263ns - clk_100MHz_o_ClkGen rise@0.000ns)
  Data Path Delay:        6.242ns  (logic 1.552ns (24.865%)  route 4.690ns (75.135%))
  Logic Levels:           4  (CARRY4=1 LUT2=1 LUT5=1 LUT6=1)
  Clock Path Skew:        -0.052ns (DCD - SCD + CPR)
    Destination Clock Delay (DCD):    -1.536ns = ( 7.727 - 9.263 ) 
    Source Clock Delay      (SCD):    -0.924ns
    Clock Pessimism Removal (CPR):    0.560ns
  Clock Uncertainty:      0.067ns  ((TSJ^2 + DJ^2)^1/2) / 2 + PE
    Total System Jitter     (TSJ):    0.071ns
    Discrete Jitter          (DJ):    0.115ns
    Phase Error              (PE):    0.000ns
  Clock Domain Crossing:  Inter clock paths are considered valid unless explicitly excluded by timing constraints such as set_clock_groups or set_false_path.

    Location             Delay type                Incr(ns)  Path(ns)    Netlist Resource(s)
  -------------------------------------------------------------------    -------------------
                         (clock clk_100MHz_o_ClkGen rise edge)
                                                      0.000     0.000 r  
    E3                                                0.000     0.000 r  clk_i (IN)
                         net (fo=0)                   0.000     0.000    Inst_ClkGen/inst/clk_100MHz_i
    E3                   IBUF (Prop_ibuf_I_O)         1.482     1.482 r  Inst_ClkGen/inst/clkin1_ibufg/O
                         net (fo=1, routed)           1.233     2.715    Inst_ClkGen/inst/clk_100MHz_i_ClkGen
    MMCME2_ADV_X1Y2      MMCME2_ADV (Prop_mmcme2_adv_CLKIN1_CLKOUT0)
                                                     -7.070    -4.355 r  Inst_ClkGen/inst/mmcm_adv_inst/CLKOUT0
                         net (fo=1, routed)           1.719    -2.636    Inst_ClkGen/inst/clk_100MHz_o_ClkGen
    BUFGCTRL_X0Y16       BUFG (Prop_bufg_I_O)         0.096    -2.540 r  Inst_ClkGen/inst/clkout1_buf/O
                         net (fo=358, routed)         1.616    -0.924    Inst_VGA/clk_100MHz_o
    SLICE_X66Y108        FDRE                                         r  Inst_VGA/h_cntr_reg_dly_reg[9]/C
  -------------------------------------------------------------------    -------------------
    SLICE_X66Y108        FDRE (Prop_fdre_C_Q)         0.518    -0.406 f  Inst_VGA/h_cntr_reg_dly_reg[9]/Q
                         net (fo=10, routed)          0.825     0.419    Inst_VGA/Inst_OverlayCtrl/Q[1]
    SLICE_X68Y108        LUT2 (Prop_lut2_I1_O)        0.124     0.543 r  Inst_VGA/Inst_OverlayCtrl/addr_cntr_reg_rep_rep_rep[17]_i_11/O
                         net (fo=1, routed)           0.000     0.543    Inst_VGA/Inst_OverlayCtrl/addr_cntr_reg_rep_rep_rep[17]_i_11_n_0
    SLICE_X68Y108        CARRY4 (Prop_carry4_S[0]_CO[1])
                                                      0.457     1.000 r  Inst_VGA/Inst_OverlayCtrl/addr_cntr_reg_reg_rep_rep_rep[17]_i_8/CO[1]
                         net (fo=3, routed)           1.809     2.809    Inst_VGA/Inst_OverlayCtrl/CO[0]
    SLICE_X75Y125        LUT6 (Prop_lut6_I1_O)        0.329     3.138 r  Inst_VGA/Inst_OverlayCtrl/addr_cntr_reg_rep_rep_rep[17]_i_6/O
                         net (fo=1, routed)           0.502     3.640    Inst_VGA/Inst_OverlayCtrl/addr_cntr_reg_rep_rep_rep[17]_i_6_n_0
    SLICE_X75Y126        LUT5 (Prop_lut5_I2_O)        0.124     3.764 r  Inst_VGA/Inst_OverlayCtrl/addr_cntr_reg_rep_rep_rep[17]_i_1/O
                         net (fo=145, routed)         1.554     5.318    Inst_VGA/Inst_OverlayCtrl/addr_cntr_reg_rep_rep_rep[17]_i_1_n_0
    SLICE_X70Y129        FDRE                                         r  Inst_VGA/Inst_OverlayCtrl/addr_cntr_reg_reg_rep_rep_rep[17]__2/R
  -------------------------------------------------------------------    -------------------

                         (clock clk_100MHz_o_ClkGen_1 rise edge)
                                                      9.263     9.263 r  
    E3                                                0.000     9.263 r  clk_i (IN)
                         net (fo=0)                   0.000     9.263    Inst_ClkGen/inst/clk_100MHz_i
    E3                   IBUF (Prop_ibuf_I_O)         1.411    10.674 r  Inst_ClkGen/inst/clkin1_ibufg/O
                         net (fo=1, routed)           1.162    11.836    Inst_ClkGen/inst/clk_100MHz_i_ClkGen
    MMCME2_ADV_X1Y2      MMCME2_ADV (Prop_mmcme2_adv_CLKIN1_CLKOUT0)
                                                     -7.324     4.512 r  Inst_ClkGen/inst/mmcm_adv_inst/CLKOUT0
                         net (fo=1, routed)           1.639     6.152    Inst_ClkGen/inst/clk_100MHz_o_ClkGen
    BUFGCTRL_X0Y16       BUFG (Prop_bufg_I_O)         0.091     6.243 r  Inst_ClkGen/inst/clkout1_buf/O
                         net (fo=358, routed)         1.485     7.727    Inst_VGA/Inst_OverlayCtrl/clk_100MHz_o
    SLICE_X70Y129        FDRE                                         r  Inst_VGA/Inst_OverlayCtrl/addr_cntr_reg_reg_rep_rep_rep[17]__2/C
                         clock pessimism              0.560     8.287    
                         clock uncertainty           -0.067     8.220    
    SLICE_X70Y129        FDRE (Setup_fdre_C_R)       -0.524     7.696    Inst_VGA/Inst_OverlayCtrl/addr_cntr_reg_reg_rep_rep_rep[17]__2
  -------------------------------------------------------------------
                         required time                          7.696    
                         arrival time                          -5.318    
  -------------------------------------------------------------------
                         slack                                  2.378    

Slack (MET) :             2.378ns  (required time - arrival time)
  Source:                 Inst_VGA/h_cntr_reg_dly_reg[9]/C
                            (rising edge-triggered cell FDRE clocked by clk_100MHz_o_ClkGen  {rise@0.000ns fall@4.632ns period=9.263ns})
  Destination:            Inst_VGA/Inst_OverlayCtrl/addr_cntr_reg_reg_rep_rep_rep[9]__0/R
                            (rising edge-triggered cell FDRE clocked by clk_100MHz_o_ClkGen_1  {rise@0.000ns fall@4.632ns period=9.263ns})
  Path Group:             clk_100MHz_o_ClkGen_1
  Path Type:              Setup (Max at Slow Process Corner)
  Requirement:            9.263ns  (clk_100MHz_o_ClkGen_1 rise@9.263ns - clk_100MHz_o_ClkGen rise@0.000ns)
  Data Path Delay:        6.242ns  (logic 1.552ns (24.865%)  route 4.690ns (75.135%))
  Logic Levels:           4  (CARRY4=1 LUT2=1 LUT5=1 LUT6=1)
  Clock Path Skew:        -0.052ns (DCD - SCD + CPR)
    Destination Clock Delay (DCD):    -1.536ns = ( 7.727 - 9.263 ) 
    Source Clock Delay      (SCD):    -0.924ns
    Clock Pessimism Removal (CPR):    0.560ns
  Clock Uncertainty:      0.067ns  ((TSJ^2 + DJ^2)^1/2) / 2 + PE
    Total System Jitter     (TSJ):    0.071ns
    Discrete Jitter          (DJ):    0.115ns
    Phase Error              (PE):    0.000ns
  Clock Domain Crossing:  Inter clock paths are considered valid unless explicitly excluded by timing constraints such as set_clock_groups or set_false_path.

    Location             Delay type                Incr(ns)  Path(ns)    Netlist Resource(s)
  -------------------------------------------------------------------    -------------------
                         (clock clk_100MHz_o_ClkGen rise edge)
                                                      0.000     0.000 r  
    E3                                                0.000     0.000 r  clk_i (IN)
                         net (fo=0)                   0.000     0.000    Inst_ClkGen/inst/clk_100MHz_i
    E3                   IBUF (Prop_ibuf_I_O)         1.482     1.482 r  Inst_ClkGen/inst/clkin1_ibufg/O
                         net (fo=1, routed)           1.233     2.715    Inst_ClkGen/inst/clk_100MHz_i_ClkGen
    MMCME2_ADV_X1Y2      MMCME2_ADV (Prop_mmcme2_adv_CLKIN1_CLKOUT0)
                                                     -7.070    -4.355 r  Inst_ClkGen/inst/mmcm_adv_inst/CLKOUT0
                         net (fo=1, routed)           1.719    -2.636    Inst_ClkGen/inst/clk_100MHz_o_ClkGen
    BUFGCTRL_X0Y16       BUFG (Prop_bufg_I_O)         0.096    -2.540 r  Inst_ClkGen/inst/clkout1_buf/O
                         net (fo=358, routed)         1.616    -0.924    Inst_VGA/clk_100MHz_o
    SLICE_X66Y108        FDRE                                         r  Inst_VGA/h_cntr_reg_dly_reg[9]/C
  -------------------------------------------------------------------    -------------------
    SLICE_X66Y108        FDRE (Prop_fdre_C_Q)         0.518    -0.406 f  Inst_VGA/h_cntr_reg_dly_reg[9]/Q
                         net (fo=10, routed)          0.825     0.419    Inst_VGA/Inst_OverlayCtrl/Q[1]
    SLICE_X68Y108        LUT2 (Prop_lut2_I1_O)        0.124     0.543 r  Inst_VGA/Inst_OverlayCtrl/addr_cntr_reg_rep_rep_rep[17]_i_11/O
                         net (fo=1, routed)           0.000     0.543    Inst_VGA/Inst_OverlayCtrl/addr_cntr_reg_rep_rep_rep[17]_i_11_n_0
    SLICE_X68Y108        CARRY4 (Prop_carry4_S[0]_CO[1])
                                                      0.457     1.000 r  Inst_VGA/Inst_OverlayCtrl/addr_cntr_reg_reg_rep_rep_rep[17]_i_8/CO[1]
                         net (fo=3, routed)           1.809     2.809    Inst_VGA/Inst_OverlayCtrl/CO[0]
    SLICE_X75Y125        LUT6 (Prop_lut6_I1_O)        0.329     3.138 r  Inst_VGA/Inst_OverlayCtrl/addr_cntr_reg_rep_rep_rep[17]_i_6/O
                         net (fo=1, routed)           0.502     3.640    Inst_VGA/Inst_OverlayCtrl/addr_cntr_reg_rep_rep_rep[17]_i_6_n_0
    SLICE_X75Y126        LUT5 (Prop_lut5_I2_O)        0.124     3.764 r  Inst_VGA/Inst_OverlayCtrl/addr_cntr_reg_rep_rep_rep[17]_i_1/O
                         net (fo=145, routed)         1.554     5.318    Inst_VGA/Inst_OverlayCtrl/addr_cntr_reg_rep_rep_rep[17]_i_1_n_0
    SLICE_X70Y129        FDRE                                         r  Inst_VGA/Inst_OverlayCtrl/addr_cntr_reg_reg_rep_rep_rep[9]__0/R
  -------------------------------------------------------------------    -------------------

                         (clock clk_100MHz_o_ClkGen_1 rise edge)
                                                      9.263     9.263 r  
    E3                                                0.000     9.263 r  clk_i (IN)
                         net (fo=0)                   0.000     9.263    Inst_ClkGen/inst/clk_100MHz_i
    E3                   IBUF (Prop_ibuf_I_O)         1.411    10.674 r  Inst_ClkGen/inst/clkin1_ibufg/O
                         net (fo=1, routed)           1.162    11.836    Inst_ClkGen/inst/clk_100MHz_i_ClkGen
    MMCME2_ADV_X1Y2      MMCME2_ADV (Prop_mmcme2_adv_CLKIN1_CLKOUT0)
                                                     -7.324     4.512 r  Inst_ClkGen/inst/mmcm_adv_inst/CLKOUT0
                         net (fo=1, routed)           1.639     6.152    Inst_ClkGen/inst/clk_100MHz_o_ClkGen
    BUFGCTRL_X0Y16       BUFG (Prop_bufg_I_O)         0.091     6.243 r  Inst_ClkGen/inst/clkout1_buf/O
                         net (fo=358, routed)         1.485     7.727    Inst_VGA/Inst_OverlayCtrl/clk_100MHz_o
    SLICE_X70Y129        FDRE                                         r  Inst_VGA/Inst_OverlayCtrl/addr_cntr_reg_reg_rep_rep_rep[9]__0/C
                         clock pessimism              0.560     8.287    
                         clock uncertainty           -0.067     8.220    
    SLICE_X70Y129        FDRE (Setup_fdre_C_R)       -0.524     7.696    Inst_VGA/Inst_OverlayCtrl/addr_cntr_reg_reg_rep_rep_rep[9]__0
  -------------------------------------------------------------------
                         required time                          7.696    
                         arrival time                          -5.318    
  -------------------------------------------------------------------
                         slack                                  2.378    

Slack (MET) :             2.378ns  (required time - arrival time)
  Source:                 Inst_VGA/h_cntr_reg_dly_reg[9]/C
                            (rising edge-triggered cell FDRE clocked by clk_100MHz_o_ClkGen  {rise@0.000ns fall@4.632ns period=9.263ns})
  Destination:            Inst_VGA/Inst_OverlayCtrl/addr_cntr_reg_reg_rep_rep_rep[9]__1/R
                            (rising edge-triggered cell FDRE clocked by clk_100MHz_o_ClkGen_1  {rise@0.000ns fall@4.632ns period=9.263ns})
  Path Group:             clk_100MHz_o_ClkGen_1
  Path Type:              Setup (Max at Slow Process Corner)
  Requirement:            9.263ns  (clk_100MHz_o_ClkGen_1 rise@9.263ns - clk_100MHz_o_ClkGen rise@0.000ns)
  Data Path Delay:        6.242ns  (logic 1.552ns (24.865%)  route 4.690ns (75.135%))
  Logic Levels:           4  (CARRY4=1 LUT2=1 LUT5=1 LUT6=1)
  Clock Path Skew:        -0.052ns (DCD - SCD + CPR)
    Destination Clock Delay (DCD):    -1.536ns = ( 7.727 - 9.263 ) 
    Source Clock Delay      (SCD):    -0.924ns
    Clock Pessimism Removal (CPR):    0.560ns
  Clock Uncertainty:      0.067ns  ((TSJ^2 + DJ^2)^1/2) / 2 + PE
    Total System Jitter     (TSJ):    0.071ns
    Discrete Jitter          (DJ):    0.115ns
    Phase Error              (PE):    0.000ns
  Clock Domain Crossing:  Inter clock paths are considered valid unless explicitly excluded by timing constraints such as set_clock_groups or set_false_path.

    Location             Delay type                Incr(ns)  Path(ns)    Netlist Resource(s)
  -------------------------------------------------------------------    -------------------
                         (clock clk_100MHz_o_ClkGen rise edge)
                                                      0.000     0.000 r  
    E3                                                0.000     0.000 r  clk_i (IN)
                         net (fo=0)                   0.000     0.000    Inst_ClkGen/inst/clk_100MHz_i
    E3                   IBUF (Prop_ibuf_I_O)         1.482     1.482 r  Inst_ClkGen/inst/clkin1_ibufg/O
                         net (fo=1, routed)           1.233     2.715    Inst_ClkGen/inst/clk_100MHz_i_ClkGen
    MMCME2_ADV_X1Y2      MMCME2_ADV (Prop_mmcme2_adv_CLKIN1_CLKOUT0)
                                                     -7.070    -4.355 r  Inst_ClkGen/inst/mmcm_adv_inst/CLKOUT0
                         net (fo=1, routed)           1.719    -2.636    Inst_ClkGen/inst/clk_100MHz_o_ClkGen
    BUFGCTRL_X0Y16       BUFG (Prop_bufg_I_O)         0.096    -2.540 r  Inst_ClkGen/inst/clkout1_buf/O
                         net (fo=358, routed)         1.616    -0.924    Inst_VGA/clk_100MHz_o
    SLICE_X66Y108        FDRE                                         r  Inst_VGA/h_cntr_reg_dly_reg[9]/C
  -------------------------------------------------------------------    -------------------
    SLICE_X66Y108        FDRE (Prop_fdre_C_Q)         0.518    -0.406 f  Inst_VGA/h_cntr_reg_dly_reg[9]/Q
                         net (fo=10, routed)          0.825     0.419    Inst_VGA/Inst_OverlayCtrl/Q[1]
    SLICE_X68Y108        LUT2 (Prop_lut2_I1_O)        0.124     0.543 r  Inst_VGA/Inst_OverlayCtrl/addr_cntr_reg_rep_rep_rep[17]_i_11/O
                         net (fo=1, routed)           0.000     0.543    Inst_VGA/Inst_OverlayCtrl/addr_cntr_reg_rep_rep_rep[17]_i_11_n_0
    SLICE_X68Y108        CARRY4 (Prop_carry4_S[0]_CO[1])
                                                      0.457     1.000 r  Inst_VGA/Inst_OverlayCtrl/addr_cntr_reg_reg_rep_rep_rep[17]_i_8/CO[1]
                         net (fo=3, routed)           1.809     2.809    Inst_VGA/Inst_OverlayCtrl/CO[0]
    SLICE_X75Y125        LUT6 (Prop_lut6_I1_O)        0.329     3.138 r  Inst_VGA/Inst_OverlayCtrl/addr_cntr_reg_rep_rep_rep[17]_i_6/O
                         net (fo=1, routed)           0.502     3.640    Inst_VGA/Inst_OverlayCtrl/addr_cntr_reg_rep_rep_rep[17]_i_6_n_0
    SLICE_X75Y126        LUT5 (Prop_lut5_I2_O)        0.124     3.764 r  Inst_VGA/Inst_OverlayCtrl/addr_cntr_reg_rep_rep_rep[17]_i_1/O
                         net (fo=145, routed)         1.554     5.318    Inst_VGA/Inst_OverlayCtrl/addr_cntr_reg_rep_rep_rep[17]_i_1_n_0
    SLICE_X70Y129        FDRE                                         r  Inst_VGA/Inst_OverlayCtrl/addr_cntr_reg_reg_rep_rep_rep[9]__1/R
  -------------------------------------------------------------------    -------------------

                         (clock clk_100MHz_o_ClkGen_1 rise edge)
                                                      9.263     9.263 r  
    E3                                                0.000     9.263 r  clk_i (IN)
                         net (fo=0)                   0.000     9.263    Inst_ClkGen/inst/clk_100MHz_i
    E3                   IBUF (Prop_ibuf_I_O)         1.411    10.674 r  Inst_ClkGen/inst/clkin1_ibufg/O
                         net (fo=1, routed)           1.162    11.836    Inst_ClkGen/inst/clk_100MHz_i_ClkGen
    MMCME2_ADV_X1Y2      MMCME2_ADV (Prop_mmcme2_adv_CLKIN1_CLKOUT0)
                                                     -7.324     4.512 r  Inst_ClkGen/inst/mmcm_adv_inst/CLKOUT0
                         net (fo=1, routed)           1.639     6.152    Inst_ClkGen/inst/clk_100MHz_o_ClkGen
    BUFGCTRL_X0Y16       BUFG (Prop_bufg_I_O)         0.091     6.243 r  Inst_ClkGen/inst/clkout1_buf/O
                         net (fo=358, routed)         1.485     7.727    Inst_VGA/Inst_OverlayCtrl/clk_100MHz_o
    SLICE_X70Y129        FDRE                                         r  Inst_VGA/Inst_OverlayCtrl/addr_cntr_reg_reg_rep_rep_rep[9]__1/C
                         clock pessimism              0.560     8.287    
                         clock uncertainty           -0.067     8.220    
    SLICE_X70Y129        FDRE (Setup_fdre_C_R)       -0.524     7.696    Inst_VGA/Inst_OverlayCtrl/addr_cntr_reg_reg_rep_rep_rep[9]__1
  -------------------------------------------------------------------
                         required time                          7.696    
                         arrival time                          -5.318    
  -------------------------------------------------------------------
                         slack                                  2.378    

Slack (MET) :             2.378ns  (required time - arrival time)
  Source:                 Inst_VGA/h_cntr_reg_dly_reg[9]/C
                            (rising edge-triggered cell FDRE clocked by clk_100MHz_o_ClkGen  {rise@0.000ns fall@4.632ns period=9.263ns})
  Destination:            Inst_VGA/Inst_OverlayCtrl/addr_cntr_reg_reg_rep_rep_rep[9]__2/R
                            (rising edge-triggered cell FDRE clocked by clk_100MHz_o_ClkGen_1  {rise@0.000ns fall@4.632ns period=9.263ns})
  Path Group:             clk_100MHz_o_ClkGen_1
  Path Type:              Setup (Max at Slow Process Corner)
  Requirement:            9.263ns  (clk_100MHz_o_ClkGen_1 rise@9.263ns - clk_100MHz_o_ClkGen rise@0.000ns)
  Data Path Delay:        6.242ns  (logic 1.552ns (24.865%)  route 4.690ns (75.135%))
  Logic Levels:           4  (CARRY4=1 LUT2=1 LUT5=1 LUT6=1)
  Clock Path Skew:        -0.052ns (DCD - SCD + CPR)
    Destination Clock Delay (DCD):    -1.536ns = ( 7.727 - 9.263 ) 
    Source Clock Delay      (SCD):    -0.924ns
    Clock Pessimism Removal (CPR):    0.560ns
  Clock Uncertainty:      0.067ns  ((TSJ^2 + DJ^2)^1/2) / 2 + PE
    Total System Jitter     (TSJ):    0.071ns
    Discrete Jitter          (DJ):    0.115ns
    Phase Error              (PE):    0.000ns
  Clock Domain Crossing:  Inter clock paths are considered valid unless explicitly excluded by timing constraints such as set_clock_groups or set_false_path.

    Location             Delay type                Incr(ns)  Path(ns)    Netlist Resource(s)
  -------------------------------------------------------------------    -------------------
                         (clock clk_100MHz_o_ClkGen rise edge)
                                                      0.000     0.000 r  
    E3                                                0.000     0.000 r  clk_i (IN)
                         net (fo=0)                   0.000     0.000    Inst_ClkGen/inst/clk_100MHz_i
    E3                   IBUF (Prop_ibuf_I_O)         1.482     1.482 r  Inst_ClkGen/inst/clkin1_ibufg/O
                         net (fo=1, routed)           1.233     2.715    Inst_ClkGen/inst/clk_100MHz_i_ClkGen
    MMCME2_ADV_X1Y2      MMCME2_ADV (Prop_mmcme2_adv_CLKIN1_CLKOUT0)
                                                     -7.070    -4.355 r  Inst_ClkGen/inst/mmcm_adv_inst/CLKOUT0
                         net (fo=1, routed)           1.719    -2.636    Inst_ClkGen/inst/clk_100MHz_o_ClkGen
    BUFGCTRL_X0Y16       BUFG (Prop_bufg_I_O)         0.096    -2.540 r  Inst_ClkGen/inst/clkout1_buf/O
                         net (fo=358, routed)         1.616    -0.924    Inst_VGA/clk_100MHz_o
    SLICE_X66Y108        FDRE                                         r  Inst_VGA/h_cntr_reg_dly_reg[9]/C
  -------------------------------------------------------------------    -------------------
    SLICE_X66Y108        FDRE (Prop_fdre_C_Q)         0.518    -0.406 f  Inst_VGA/h_cntr_reg_dly_reg[9]/Q
                         net (fo=10, routed)          0.825     0.419    Inst_VGA/Inst_OverlayCtrl/Q[1]
    SLICE_X68Y108        LUT2 (Prop_lut2_I1_O)        0.124     0.543 r  Inst_VGA/Inst_OverlayCtrl/addr_cntr_reg_rep_rep_rep[17]_i_11/O
                         net (fo=1, routed)           0.000     0.543    Inst_VGA/Inst_OverlayCtrl/addr_cntr_reg_rep_rep_rep[17]_i_11_n_0
    SLICE_X68Y108        CARRY4 (Prop_carry4_S[0]_CO[1])
                                                      0.457     1.000 r  Inst_VGA/Inst_OverlayCtrl/addr_cntr_reg_reg_rep_rep_rep[17]_i_8/CO[1]
                         net (fo=3, routed)           1.809     2.809    Inst_VGA/Inst_OverlayCtrl/CO[0]
    SLICE_X75Y125        LUT6 (Prop_lut6_I1_O)        0.329     3.138 r  Inst_VGA/Inst_OverlayCtrl/addr_cntr_reg_rep_rep_rep[17]_i_6/O
                         net (fo=1, routed)           0.502     3.640    Inst_VGA/Inst_OverlayCtrl/addr_cntr_reg_rep_rep_rep[17]_i_6_n_0
    SLICE_X75Y126        LUT5 (Prop_lut5_I2_O)        0.124     3.764 r  Inst_VGA/Inst_OverlayCtrl/addr_cntr_reg_rep_rep_rep[17]_i_1/O
                         net (fo=145, routed)         1.554     5.318    Inst_VGA/Inst_OverlayCtrl/addr_cntr_reg_rep_rep_rep[17]_i_1_n_0
    SLICE_X70Y129        FDRE                                         r  Inst_VGA/Inst_OverlayCtrl/addr_cntr_reg_reg_rep_rep_rep[9]__2/R
  -------------------------------------------------------------------    -------------------

                         (clock clk_100MHz_o_ClkGen_1 rise edge)
                                                      9.263     9.263 r  
    E3                                                0.000     9.263 r  clk_i (IN)
                         net (fo=0)                   0.000     9.263    Inst_ClkGen/inst/clk_100MHz_i
    E3                   IBUF (Prop_ibuf_I_O)         1.411    10.674 r  Inst_ClkGen/inst/clkin1_ibufg/O
                         net (fo=1, routed)           1.162    11.836    Inst_ClkGen/inst/clk_100MHz_i_ClkGen
    MMCME2_ADV_X1Y2      MMCME2_ADV (Prop_mmcme2_adv_CLKIN1_CLKOUT0)
                                                     -7.324     4.512 r  Inst_ClkGen/inst/mmcm_adv_inst/CLKOUT0
                         net (fo=1, routed)           1.639     6.152    Inst_ClkGen/inst/clk_100MHz_o_ClkGen
    BUFGCTRL_X0Y16       BUFG (Prop_bufg_I_O)         0.091     6.243 r  Inst_ClkGen/inst/clkout1_buf/O
                         net (fo=358, routed)         1.485     7.727    Inst_VGA/Inst_OverlayCtrl/clk_100MHz_o
    SLICE_X70Y129        FDRE                                         r  Inst_VGA/Inst_OverlayCtrl/addr_cntr_reg_reg_rep_rep_rep[9]__2/C
                         clock pessimism              0.560     8.287    
                         clock uncertainty           -0.067     8.220    
    SLICE_X70Y129        FDRE (Setup_fdre_C_R)       -0.524     7.696    Inst_VGA/Inst_OverlayCtrl/addr_cntr_reg_reg_rep_rep_rep[9]__2
  -------------------------------------------------------------------
                         required time                          7.696    
                         arrival time                          -5.318    
  -------------------------------------------------------------------
                         slack                                  2.378    





Min Delay Paths
--------------------------------------------------------------------------------------
Slack (MET) :             0.069ns  (arrival time - required time)
  Source:                 Inst_VGA/Inst_LogoDisplay/addr_reg_reg[4]/C
                            (rising edge-triggered cell FDRE clocked by clk_100MHz_o_ClkGen  {rise@0.000ns fall@4.632ns period=9.263ns})
  Destination:            Inst_VGA/Inst_LogoDisplay/Inst_BRAM_1/U0/inst_blk_mem_gen/gnbram.gnativebmg.native_blk_mem_gen/valid.cstr/ramloop[18].ram.r/prim_init.ram/DEVICE_7SERIES.NO_BMM_INFO.SP.SIMPLE_PRIM36.ram/ADDRARDADDR[7]
                            (rising edge-triggered cell RAMB36E1 clocked by clk_100MHz_o_ClkGen_1  {rise@0.000ns fall@4.632ns period=9.263ns})
  Path Group:             clk_100MHz_o_ClkGen_1
  Path Type:              Hold (Min at Fast Process Corner)
  Requirement:            0.000ns  (clk_100MHz_o_ClkGen_1 rise@0.000ns - clk_100MHz_o_ClkGen rise@0.000ns)
  Data Path Delay:        0.426ns  (logic 0.164ns (38.461%)  route 0.262ns (61.539%))
  Logic Levels:           0  
  Clock Path Skew:        0.107ns (DCD - SCD - CPR)
    Destination Clock Delay (DCD):    -0.770ns
    Source Clock Delay      (SCD):    -0.602ns
    Clock Pessimism Removal (CPR):    -0.275ns
  Clock Uncertainty:      0.067ns  ((TSJ^2 + DJ^2)^1/2) / 2 + PE
    Total System Jitter     (TSJ):    0.071ns
    Discrete Jitter          (DJ):    0.115ns
    Phase Error              (PE):    0.000ns
  Clock Domain Crossing:  Inter clock paths are considered valid unless explicitly excluded by timing constraints such as set_clock_groups or set_false_path.

    Location             Delay type                Incr(ns)  Path(ns)    Netlist Resource(s)
  -------------------------------------------------------------------    -------------------
                         (clock clk_100MHz_o_ClkGen rise edge)
                                                      0.000     0.000 r  
    E3                                                0.000     0.000 r  clk_i (IN)
                         net (fo=0)                   0.000     0.000    Inst_ClkGen/inst/clk_100MHz_i
    E3                   IBUF (Prop_ibuf_I_O)         0.250     0.250 r  Inst_ClkGen/inst/clkin1_ibufg/O
                         net (fo=1, routed)           0.440     0.690    Inst_ClkGen/inst/clk_100MHz_i_ClkGen
    MMCME2_ADV_X1Y2      MMCME2_ADV (Prop_mmcme2_adv_CLKIN1_CLKOUT0)
                                                     -2.379    -1.689 r  Inst_ClkGen/inst/mmcm_adv_inst/CLKOUT0
                         net (fo=1, routed)           0.499    -1.190    Inst_ClkGen/inst/clk_100MHz_o_ClkGen
    BUFGCTRL_X0Y16       BUFG (Prop_bufg_I_O)         0.026    -1.164 r  Inst_ClkGen/inst/clkout1_buf/O
                         net (fo=358, routed)         0.562    -0.602    Inst_VGA/Inst_LogoDisplay/clk_100MHz_o
    SLICE_X70Y104        FDRE                                         r  Inst_VGA/Inst_LogoDisplay/addr_reg_reg[4]/C
  -------------------------------------------------------------------    -------------------
    SLICE_X70Y104        FDRE (Prop_fdre_C_Q)         0.164    -0.438 r  Inst_VGA/Inst_LogoDisplay/addr_reg_reg[4]/Q
                         net (fo=33, routed)          0.262    -0.176    Inst_VGA/Inst_LogoDisplay/Inst_BRAM_1/U0/inst_blk_mem_gen/gnbram.gnativebmg.native_blk_mem_gen/valid.cstr/ramloop[18].ram.r/prim_init.ram/addra[4]
    RAMB36_X2Y20         RAMB36E1                                     r  Inst_VGA/Inst_LogoDisplay/Inst_BRAM_1/U0/inst_blk_mem_gen/gnbram.gnativebmg.native_blk_mem_gen/valid.cstr/ramloop[18].ram.r/prim_init.ram/DEVICE_7SERIES.NO_BMM_INFO.SP.SIMPLE_PRIM36.ram/ADDRARDADDR[7]
  -------------------------------------------------------------------    -------------------

                         (clock clk_100MHz_o_ClkGen_1 rise edge)
                                                      0.000     0.000 r  
    E3                                                0.000     0.000 r  clk_i (IN)
                         net (fo=0)                   0.000     0.000    Inst_ClkGen/inst/clk_100MHz_i
    E3                   IBUF (Prop_ibuf_I_O)         0.438     0.438 r  Inst_ClkGen/inst/clkin1_ibufg/O
                         net (fo=1, routed)           0.480     0.918    Inst_ClkGen/inst/clk_100MHz_i_ClkGen
    MMCME2_ADV_X1Y2      MMCME2_ADV (Prop_mmcme2_adv_CLKIN1_CLKOUT0)
                                                     -3.163    -2.245 r  Inst_ClkGen/inst/mmcm_adv_inst/CLKOUT0
                         net (fo=1, routed)           0.544    -1.702    Inst_ClkGen/inst/clk_100MHz_o_ClkGen
    BUFGCTRL_X0Y16       BUFG (Prop_bufg_I_O)         0.029    -1.673 r  Inst_ClkGen/inst/clkout1_buf/O
                         net (fo=358, routed)         0.903    -0.770    Inst_VGA/Inst_LogoDisplay/Inst_BRAM_1/U0/inst_blk_mem_gen/gnbram.gnativebmg.native_blk_mem_gen/valid.cstr/ramloop[18].ram.r/prim_init.ram/clka
    RAMB36_X2Y20         RAMB36E1                                     r  Inst_VGA/Inst_LogoDisplay/Inst_BRAM_1/U0/inst_blk_mem_gen/gnbram.gnativebmg.native_blk_mem_gen/valid.cstr/ramloop[18].ram.r/prim_init.ram/DEVICE_7SERIES.NO_BMM_INFO.SP.SIMPLE_PRIM36.ram/CLKARDCLK
                         clock pessimism              0.275    -0.495    
                         clock uncertainty            0.067    -0.427    
    RAMB36_X2Y20         RAMB36E1 (Hold_ramb36e1_CLKARDCLK_ADDRARDADDR[7])
                                                      0.183    -0.244    Inst_VGA/Inst_LogoDisplay/Inst_BRAM_1/U0/inst_blk_mem_gen/gnbram.gnativebmg.native_blk_mem_gen/valid.cstr/ramloop[18].ram.r/prim_init.ram/DEVICE_7SERIES.NO_BMM_INFO.SP.SIMPLE_PRIM36.ram
  -------------------------------------------------------------------
                         required time                          0.244    
                         arrival time                          -0.176    
  -------------------------------------------------------------------
                         slack                                  0.069    

Slack (MET) :             0.092ns  (arrival time - required time)
  Source:                 Inst_VGA/h_sync_reg_reg/C
                            (rising edge-triggered cell FDRE clocked by clk_100MHz_o_ClkGen  {rise@0.000ns fall@4.632ns period=9.263ns})
  Destination:            Inst_VGA/h_sync_reg_dly_reg/D
                            (rising edge-triggered cell FDRE clocked by clk_100MHz_o_ClkGen_1  {rise@0.000ns fall@4.632ns period=9.263ns})
  Path Group:             clk_100MHz_o_ClkGen_1
  Path Type:              Hold (Min at Fast Process Corner)
  Requirement:            0.000ns  (clk_100MHz_o_ClkGen_1 rise@0.000ns - clk_100MHz_o_ClkGen rise@0.000ns)
  Data Path Delay:        0.220ns  (logic 0.164ns (74.580%)  route 0.056ns (25.420%))
  Logic Levels:           0  
  Clock Path Skew:        0.000ns (DCD - SCD - CPR)
    Destination Clock Delay (DCD):    -0.841ns
    Source Clock Delay      (SCD):    -0.603ns
    Clock Pessimism Removal (CPR):    -0.238ns
  Clock Uncertainty:      0.067ns  ((TSJ^2 + DJ^2)^1/2) / 2 + PE
    Total System Jitter     (TSJ):    0.071ns
    Discrete Jitter          (DJ):    0.115ns
    Phase Error              (PE):    0.000ns
  Clock Domain Crossing:  Inter clock paths are considered valid unless explicitly excluded by timing constraints such as set_clock_groups or set_false_path.

    Location             Delay type                Incr(ns)  Path(ns)    Netlist Resource(s)
  -------------------------------------------------------------------    -------------------
                         (clock clk_100MHz_o_ClkGen rise edge)
                                                      0.000     0.000 r  
    E3                                                0.000     0.000 r  clk_i (IN)
                         net (fo=0)                   0.000     0.000    Inst_ClkGen/inst/clk_100MHz_i
    E3                   IBUF (Prop_ibuf_I_O)         0.250     0.250 r  Inst_ClkGen/inst/clkin1_ibufg/O
                         net (fo=1, routed)           0.440     0.690    Inst_ClkGen/inst/clk_100MHz_i_ClkGen
    MMCME2_ADV_X1Y2      MMCME2_ADV (Prop_mmcme2_adv_CLKIN1_CLKOUT0)
                                                     -2.379    -1.689 r  Inst_ClkGen/inst/mmcm_adv_inst/CLKOUT0
                         net (fo=1, routed)           0.499    -1.190    Inst_ClkGen/inst/clk_100MHz_o_ClkGen
    BUFGCTRL_X0Y16       BUFG (Prop_bufg_I_O)         0.026    -1.164 r  Inst_ClkGen/inst/clkout1_buf/O
                         net (fo=358, routed)         0.561    -0.603    Inst_VGA/clk_100MHz_o
    SLICE_X62Y108        FDRE                                         r  Inst_VGA/h_sync_reg_reg/C
  -------------------------------------------------------------------    -------------------
    SLICE_X62Y108        FDRE (Prop_fdre_C_Q)         0.164    -0.439 r  Inst_VGA/h_sync_reg_reg/Q
                         net (fo=1, routed)           0.056    -0.383    Inst_VGA/h_sync_reg
    SLICE_X62Y108        FDRE                                         r  Inst_VGA/h_sync_reg_dly_reg/D
  -------------------------------------------------------------------    -------------------

                         (clock clk_100MHz_o_ClkGen_1 rise edge)
                                                      0.000     0.000 r  
    E3                                                0.000     0.000 r  clk_i (IN)
                         net (fo=0)                   0.000     0.000    Inst_ClkGen/inst/clk_100MHz_i
    E3                   IBUF (Prop_ibuf_I_O)         0.438     0.438 r  Inst_ClkGen/inst/clkin1_ibufg/O
                         net (fo=1, routed)           0.480     0.918    Inst_ClkGen/inst/clk_100MHz_i_ClkGen
    MMCME2_ADV_X1Y2      MMCME2_ADV (Prop_mmcme2_adv_CLKIN1_CLKOUT0)
                                                     -3.163    -2.245 r  Inst_ClkGen/inst/mmcm_adv_inst/CLKOUT0
                         net (fo=1, routed)           0.544    -1.702    Inst_ClkGen/inst/clk_100MHz_o_ClkGen
    BUFGCTRL_X0Y16       BUFG (Prop_bufg_I_O)         0.029    -1.673 r  Inst_ClkGen/inst/clkout1_buf/O
                         net (fo=358, routed)         0.831    -0.841    Inst_VGA/clk_100MHz_o
    SLICE_X62Y108        FDRE                                         r  Inst_VGA/h_sync_reg_dly_reg/C
                         clock pessimism              0.238    -0.603    
                         clock uncertainty            0.067    -0.536    
    SLICE_X62Y108        FDRE (Hold_fdre_C_D)         0.060    -0.476    Inst_VGA/h_sync_reg_dly_reg
  -------------------------------------------------------------------
                         required time                          0.476    
                         arrival time                          -0.383    
  -------------------------------------------------------------------
                         slack                                  0.092    

Slack (MET) :             0.101ns  (arrival time - required time)
  Source:                 Inst_VGA/logo_red_dly_reg[2]/C
                            (rising edge-triggered cell FDRE clocked by clk_100MHz_o_ClkGen  {rise@0.000ns fall@4.632ns period=9.263ns})
  Destination:            Inst_VGA/vga_red_reg_reg[2]/D
                            (rising edge-triggered cell FDRE clocked by clk_100MHz_o_ClkGen_1  {rise@0.000ns fall@4.632ns period=9.263ns})
  Path Group:             clk_100MHz_o_ClkGen_1
  Path Type:              Hold (Min at Fast Process Corner)
  Requirement:            0.000ns  (clk_100MHz_o_ClkGen_1 rise@0.000ns - clk_100MHz_o_ClkGen rise@0.000ns)
  Data Path Delay:        0.526ns  (logic 0.186ns (35.357%)  route 0.340ns (64.643%))
  Logic Levels:           1  (LUT5=1)
  Clock Path Skew:        0.266ns (DCD - SCD - CPR)
    Destination Clock Delay (DCD):    -0.812ns
    Source Clock Delay      (SCD):    -0.569ns
    Clock Pessimism Removal (CPR):    -0.509ns
  Clock Uncertainty:      0.067ns  ((TSJ^2 + DJ^2)^1/2) / 2 + PE
    Total System Jitter     (TSJ):    0.071ns
    Discrete Jitter          (DJ):    0.115ns
    Phase Error              (PE):    0.000ns
  Clock Domain Crossing:  Inter clock paths are considered valid unless explicitly excluded by timing constraints such as set_clock_groups or set_false_path.

    Location             Delay type                Incr(ns)  Path(ns)    Netlist Resource(s)
  -------------------------------------------------------------------    -------------------
                         (clock clk_100MHz_o_ClkGen rise edge)
                                                      0.000     0.000 r  
    E3                                                0.000     0.000 r  clk_i (IN)
                         net (fo=0)                   0.000     0.000    Inst_ClkGen/inst/clk_100MHz_i
    E3                   IBUF (Prop_ibuf_I_O)         0.250     0.250 r  Inst_ClkGen/inst/clkin1_ibufg/O
                         net (fo=1, routed)           0.440     0.690    Inst_ClkGen/inst/clk_100MHz_i_ClkGen
    MMCME2_ADV_X1Y2      MMCME2_ADV (Prop_mmcme2_adv_CLKIN1_CLKOUT0)
                                                     -2.379    -1.689 r  Inst_ClkGen/inst/mmcm_adv_inst/CLKOUT0
                         net (fo=1, routed)           0.499    -1.190    Inst_ClkGen/inst/clk_100MHz_o_ClkGen
    BUFGCTRL_X0Y16       BUFG (Prop_bufg_I_O)         0.026    -1.164 r  Inst_ClkGen/inst/clkout1_buf/O
                         net (fo=358, routed)         0.595    -0.569    Inst_VGA/clk_100MHz_o
    SLICE_X72Y95         FDRE                                         r  Inst_VGA/logo_red_dly_reg[2]/C
  -------------------------------------------------------------------    -------------------
    SLICE_X72Y95         FDRE (Prop_fdre_C_Q)         0.141    -0.428 r  Inst_VGA/logo_red_dly_reg[2]/Q
                         net (fo=1, routed)           0.340    -0.088    Inst_VGA/logo_red_dly[2]
    SLICE_X73Y104        LUT5 (Prop_lut5_I3_O)        0.045    -0.043 r  Inst_VGA/vga_red_reg[2]_i_1/O
                         net (fo=1, routed)           0.000    -0.043    Inst_VGA/vga_red__11[2]
    SLICE_X73Y104        FDRE                                         r  Inst_VGA/vga_red_reg_reg[2]/D
  -------------------------------------------------------------------    -------------------

                         (clock clk_100MHz_o_ClkGen_1 rise edge)
                                                      0.000     0.000 r  
    E3                                                0.000     0.000 r  clk_i (IN)
                         net (fo=0)                   0.000     0.000    Inst_ClkGen/inst/clk_100MHz_i
    E3                   IBUF (Prop_ibuf_I_O)         0.438     0.438 r  Inst_ClkGen/inst/clkin1_ibufg/O
                         net (fo=1, routed)           0.480     0.918    Inst_ClkGen/inst/clk_100MHz_i_ClkGen
    MMCME2_ADV_X1Y2      MMCME2_ADV (Prop_mmcme2_adv_CLKIN1_CLKOUT0)
                                                     -3.163    -2.245 r  Inst_ClkGen/inst/mmcm_adv_inst/CLKOUT0
                         net (fo=1, routed)           0.544    -1.702    Inst_ClkGen/inst/clk_100MHz_o_ClkGen
    BUFGCTRL_X0Y16       BUFG (Prop_bufg_I_O)         0.029    -1.673 r  Inst_ClkGen/inst/clkout1_buf/O
                         net (fo=358, routed)         0.860    -0.812    Inst_VGA/clk_100MHz_o
    SLICE_X73Y104        FDRE                                         r  Inst_VGA/vga_red_reg_reg[2]/C
                         clock pessimism              0.509    -0.303    
                         clock uncertainty            0.067    -0.236    
    SLICE_X73Y104        FDRE (Hold_fdre_C_D)         0.092    -0.144    Inst_VGA/vga_red_reg_reg[2]
  -------------------------------------------------------------------
                         required time                          0.144    
                         arrival time                          -0.043    
  -------------------------------------------------------------------
                         slack                                  0.101    

Slack (MET) :             0.104ns  (arrival time - required time)
  Source:                 Inst_VGA/Inst_SquareShapeDisplay/douta_reg[11]/C
                            (rising edge-triggered cell FDRE clocked by clk_100MHz_o_ClkGen  {rise@0.000ns fall@4.632ns period=9.263ns})
  Destination:            Inst_VGA/Square_red_dly_reg[3]/D
                            (rising edge-triggered cell FDRE clocked by clk_100MHz_o_ClkGen_1  {rise@0.000ns fall@4.632ns period=9.263ns})
  Path Group:             clk_100MHz_o_ClkGen_1
  Path Type:              Hold (Min at Fast Process Corner)
  Requirement:            0.000ns  (clk_100MHz_o_ClkGen_1 rise@0.000ns - clk_100MHz_o_ClkGen rise@0.000ns)
  Data Path Delay:        0.265ns  (logic 0.141ns (53.180%)  route 0.124ns (46.820%))
  Logic Levels:           0  
  Clock Path Skew:        0.016ns (DCD - SCD - CPR)
    Destination Clock Delay (DCD):    -0.839ns
    Source Clock Delay      (SCD):    -0.602ns
    Clock Pessimism Removal (CPR):    -0.253ns
  Clock Uncertainty:      0.067ns  ((TSJ^2 + DJ^2)^1/2) / 2 + PE
    Total System Jitter     (TSJ):    0.071ns
    Discrete Jitter          (DJ):    0.115ns
    Phase Error              (PE):    0.000ns
  Clock Domain Crossing:  Inter clock paths are considered valid unless explicitly excluded by timing constraints such as set_clock_groups or set_false_path.

    Location             Delay type                Incr(ns)  Path(ns)    Netlist Resource(s)
  -------------------------------------------------------------------    -------------------
                         (clock clk_100MHz_o_ClkGen rise edge)
                                                      0.000     0.000 r  
    E3                                                0.000     0.000 r  clk_i (IN)
                         net (fo=0)                   0.000     0.000    Inst_ClkGen/inst/clk_100MHz_i
    E3                   IBUF (Prop_ibuf_I_O)         0.250     0.250 r  Inst_ClkGen/inst/clkin1_ibufg/O
                         net (fo=1, routed)           0.440     0.690    Inst_ClkGen/inst/clk_100MHz_i_ClkGen
    MMCME2_ADV_X1Y2      MMCME2_ADV (Prop_mmcme2_adv_CLKIN1_CLKOUT0)
                                                     -2.379    -1.689 r  Inst_ClkGen/inst/mmcm_adv_inst/CLKOUT0
                         net (fo=1, routed)           0.499    -1.190    Inst_ClkGen/inst/clk_100MHz_o_ClkGen
    BUFGCTRL_X0Y16       BUFG (Prop_bufg_I_O)         0.026    -1.164 r  Inst_ClkGen/inst/clkout1_buf/O
                         net (fo=358, routed)         0.562    -0.602    Inst_VGA/Inst_SquareShapeDisplay/clk_100MHz_o
    SLICE_X71Y103        FDRE                                         r  Inst_VGA/Inst_SquareShapeDisplay/douta_reg[11]/C
  -------------------------------------------------------------------    -------------------
    SLICE_X71Y103        FDRE (Prop_fdre_C_Q)         0.141    -0.461 r  Inst_VGA/Inst_SquareShapeDisplay/douta_reg[11]/Q
                         net (fo=2, routed)           0.124    -0.337    Inst_VGA/Square_red[3]
    SLICE_X71Y104        FDRE                                         r  Inst_VGA/Square_red_dly_reg[3]/D
  -------------------------------------------------------------------    -------------------

                         (clock clk_100MHz_o_ClkGen_1 rise edge)
                                                      0.000     0.000 r  
    E3                                                0.000     0.000 r  clk_i (IN)
                         net (fo=0)                   0.000     0.000    Inst_ClkGen/inst/clk_100MHz_i
    E3                   IBUF (Prop_ibuf_I_O)         0.438     0.438 r  Inst_ClkGen/inst/clkin1_ibufg/O
                         net (fo=1, routed)           0.480     0.918    Inst_ClkGen/inst/clk_100MHz_i_ClkGen
    MMCME2_ADV_X1Y2      MMCME2_ADV (Prop_mmcme2_adv_CLKIN1_CLKOUT0)
                                                     -3.163    -2.245 r  Inst_ClkGen/inst/mmcm_adv_inst/CLKOUT0
                         net (fo=1, routed)           0.544    -1.702    Inst_ClkGen/inst/clk_100MHz_o_ClkGen
    BUFGCTRL_X0Y16       BUFG (Prop_bufg_I_O)         0.029    -1.673 r  Inst_ClkGen/inst/clkout1_buf/O
                         net (fo=358, routed)         0.834    -0.839    Inst_VGA/clk_100MHz_o
    SLICE_X71Y104        FDRE                                         r  Inst_VGA/Square_red_dly_reg[3]/C
                         clock pessimism              0.253    -0.586    
                         clock uncertainty            0.067    -0.519    
    SLICE_X71Y104        FDRE (Hold_fdre_C_D)         0.078    -0.441    Inst_VGA/Square_red_dly_reg[3]
  -------------------------------------------------------------------
                         required time                          0.441    
                         arrival time                          -0.337    
  -------------------------------------------------------------------
                         slack                                  0.104    

Slack (MET) :             0.107ns  (arrival time - required time)
  Source:                 Inst_VGA/Inst_SquareShapeDisplay/douta_reg[8]/C
                            (rising edge-triggered cell FDRE clocked by clk_100MHz_o_ClkGen  {rise@0.000ns fall@4.632ns period=9.263ns})
  Destination:            Inst_VGA/Square_red_dly_reg[0]/D
                            (rising edge-triggered cell FDRE clocked by clk_100MHz_o_ClkGen_1  {rise@0.000ns fall@4.632ns period=9.263ns})
  Path Group:             clk_100MHz_o_ClkGen_1
  Path Type:              Hold (Min at Fast Process Corner)
  Requirement:            0.000ns  (clk_100MHz_o_ClkGen_1 rise@0.000ns - clk_100MHz_o_ClkGen rise@0.000ns)
  Data Path Delay:        0.265ns  (logic 0.141ns (53.180%)  route 0.124ns (46.820%))
  Logic Levels:           0  
  Clock Path Skew:        0.016ns (DCD - SCD - CPR)
    Destination Clock Delay (DCD):    -0.839ns
    Source Clock Delay      (SCD):    -0.602ns
    Clock Pessimism Removal (CPR):    -0.253ns
  Clock Uncertainty:      0.067ns  ((TSJ^2 + DJ^2)^1/2) / 2 + PE
    Total System Jitter     (TSJ):    0.071ns
    Discrete Jitter          (DJ):    0.115ns
    Phase Error              (PE):    0.000ns
  Clock Domain Crossing:  Inter clock paths are considered valid unless explicitly excluded by timing constraints such as set_clock_groups or set_false_path.

    Location             Delay type                Incr(ns)  Path(ns)    Netlist Resource(s)
  -------------------------------------------------------------------    -------------------
                         (clock clk_100MHz_o_ClkGen rise edge)
                                                      0.000     0.000 r  
    E3                                                0.000     0.000 r  clk_i (IN)
                         net (fo=0)                   0.000     0.000    Inst_ClkGen/inst/clk_100MHz_i
    E3                   IBUF (Prop_ibuf_I_O)         0.250     0.250 r  Inst_ClkGen/inst/clkin1_ibufg/O
                         net (fo=1, routed)           0.440     0.690    Inst_ClkGen/inst/clk_100MHz_i_ClkGen
    MMCME2_ADV_X1Y2      MMCME2_ADV (Prop_mmcme2_adv_CLKIN1_CLKOUT0)
                                                     -2.379    -1.689 r  Inst_ClkGen/inst/mmcm_adv_inst/CLKOUT0
                         net (fo=1, routed)           0.499    -1.190    Inst_ClkGen/inst/clk_100MHz_o_ClkGen
    BUFGCTRL_X0Y16       BUFG (Prop_bufg_I_O)         0.026    -1.164 r  Inst_ClkGen/inst/clkout1_buf/O
                         net (fo=358, routed)         0.562    -0.602    Inst_VGA/Inst_SquareShapeDisplay/clk_100MHz_o
    SLICE_X71Y103        FDRE                                         r  Inst_VGA/Inst_SquareShapeDisplay/douta_reg[8]/C
  -------------------------------------------------------------------    -------------------
    SLICE_X71Y103        FDRE (Prop_fdre_C_Q)         0.141    -0.461 r  Inst_VGA/Inst_SquareShapeDisplay/douta_reg[8]/Q
                         net (fo=2, routed)           0.124    -0.337    Inst_VGA/Square_red[0]
    SLICE_X71Y104        FDRE                                         r  Inst_VGA/Square_red_dly_reg[0]/D
  -------------------------------------------------------------------    -------------------

                         (clock clk_100MHz_o_ClkGen_1 rise edge)
                                                      0.000     0.000 r  
    E3                                                0.000     0.000 r  clk_i (IN)
                         net (fo=0)                   0.000     0.000    Inst_ClkGen/inst/clk_100MHz_i
    E3                   IBUF (Prop_ibuf_I_O)         0.438     0.438 r  Inst_ClkGen/inst/clkin1_ibufg/O
                         net (fo=1, routed)           0.480     0.918    Inst_ClkGen/inst/clk_100MHz_i_ClkGen
    MMCME2_ADV_X1Y2      MMCME2_ADV (Prop_mmcme2_adv_CLKIN1_CLKOUT0)
                                                     -3.163    -2.245 r  Inst_ClkGen/inst/mmcm_adv_inst/CLKOUT0
                         net (fo=1, routed)           0.544    -1.702    Inst_ClkGen/inst/clk_100MHz_o_ClkGen
    BUFGCTRL_X0Y16       BUFG (Prop_bufg_I_O)         0.029    -1.673 r  Inst_ClkGen/inst/clkout1_buf/O
                         net (fo=358, routed)         0.834    -0.839    Inst_VGA/clk_100MHz_o
    SLICE_X71Y104        FDRE                                         r  Inst_VGA/Square_red_dly_reg[0]/C
                         clock pessimism              0.253    -0.586    
                         clock uncertainty            0.067    -0.519    
    SLICE_X71Y104        FDRE (Hold_fdre_C_D)         0.075    -0.444    Inst_VGA/Square_red_dly_reg[0]
  -------------------------------------------------------------------
                         required time                          0.444    
                         arrival time                          -0.337    
  -------------------------------------------------------------------
                         slack                                  0.107    

Slack (MET) :             0.123ns  (arrival time - required time)
  Source:                 Inst_VGA/Inst_LogoDisplay/addr_reg_reg[5]/C
                            (rising edge-triggered cell FDRE clocked by clk_100MHz_o_ClkGen  {rise@0.000ns fall@4.632ns period=9.263ns})
  Destination:            Inst_VGA/Inst_LogoDisplay/Inst_BRAM_1/U0/inst_blk_mem_gen/gnbram.gnativebmg.native_blk_mem_gen/valid.cstr/ramloop[1].ram.r/prim_init.ram/DEVICE_7SERIES.NO_BMM_INFO.SP.SIMPLE_PRIM36.ram/ADDRARDADDR[5]
                            (rising edge-triggered cell RAMB36E1 clocked by clk_100MHz_o_ClkGen_1  {rise@0.000ns fall@4.632ns period=9.263ns})
  Path Group:             clk_100MHz_o_ClkGen_1
  Path Type:              Hold (Min at Fast Process Corner)
  Requirement:            0.000ns  (clk_100MHz_o_ClkGen_1 rise@0.000ns - clk_100MHz_o_ClkGen rise@0.000ns)
  Data Path Delay:        0.694ns  (logic 0.164ns (23.626%)  route 0.530ns (76.374%))
  Logic Levels:           0  
  Clock Path Skew:        0.320ns (DCD - SCD - CPR)
    Destination Clock Delay (DCD):    -0.791ns
    Source Clock Delay      (SCD):    -0.602ns
    Clock Pessimism Removal (CPR):    -0.509ns
  Clock Uncertainty:      0.067ns  ((TSJ^2 + DJ^2)^1/2) / 2 + PE
    Total System Jitter     (TSJ):    0.071ns
    Discrete Jitter          (DJ):    0.115ns
    Phase Error              (PE):    0.000ns
  Clock Domain Crossing:  Inter clock paths are considered valid unless explicitly excluded by timing constraints such as set_clock_groups or set_false_path.

    Location             Delay type                Incr(ns)  Path(ns)    Netlist Resource(s)
  -------------------------------------------------------------------    -------------------
                         (clock clk_100MHz_o_ClkGen rise edge)
                                                      0.000     0.000 r  
    E3                                                0.000     0.000 r  clk_i (IN)
                         net (fo=0)                   0.000     0.000    Inst_ClkGen/inst/clk_100MHz_i
    E3                   IBUF (Prop_ibuf_I_O)         0.250     0.250 r  Inst_ClkGen/inst/clkin1_ibufg/O
                         net (fo=1, routed)           0.440     0.690    Inst_ClkGen/inst/clk_100MHz_i_ClkGen
    MMCME2_ADV_X1Y2      MMCME2_ADV (Prop_mmcme2_adv_CLKIN1_CLKOUT0)
                                                     -2.379    -1.689 r  Inst_ClkGen/inst/mmcm_adv_inst/CLKOUT0
                         net (fo=1, routed)           0.499    -1.190    Inst_ClkGen/inst/clk_100MHz_o_ClkGen
    BUFGCTRL_X0Y16       BUFG (Prop_bufg_I_O)         0.026    -1.164 r  Inst_ClkGen/inst/clkout1_buf/O
                         net (fo=358, routed)         0.562    -0.602    Inst_VGA/Inst_LogoDisplay/clk_100MHz_o
    SLICE_X70Y104        FDRE                                         r  Inst_VGA/Inst_LogoDisplay/addr_reg_reg[5]/C
  -------------------------------------------------------------------    -------------------
    SLICE_X70Y104        FDRE (Prop_fdre_C_Q)         0.164    -0.438 r  Inst_VGA/Inst_LogoDisplay/addr_reg_reg[5]/Q
                         net (fo=33, routed)          0.530     0.092    Inst_VGA/Inst_LogoDisplay/Inst_BRAM_1/U0/inst_blk_mem_gen/gnbram.gnativebmg.native_blk_mem_gen/valid.cstr/ramloop[1].ram.r/prim_init.ram/addra[5]
    RAMB36_X1Y19         RAMB36E1                                     r  Inst_VGA/Inst_LogoDisplay/Inst_BRAM_1/U0/inst_blk_mem_gen/gnbram.gnativebmg.native_blk_mem_gen/valid.cstr/ramloop[1].ram.r/prim_init.ram/DEVICE_7SERIES.NO_BMM_INFO.SP.SIMPLE_PRIM36.ram/ADDRARDADDR[5]
  -------------------------------------------------------------------    -------------------

                         (clock clk_100MHz_o_ClkGen_1 rise edge)
                                                      0.000     0.000 r  
    E3                                                0.000     0.000 r  clk_i (IN)
                         net (fo=0)                   0.000     0.000    Inst_ClkGen/inst/clk_100MHz_i
    E3                   IBUF (Prop_ibuf_I_O)         0.438     0.438 r  Inst_ClkGen/inst/clkin1_ibufg/O
                         net (fo=1, routed)           0.480     0.918    Inst_ClkGen/inst/clk_100MHz_i_ClkGen
    MMCME2_ADV_X1Y2      MMCME2_ADV (Prop_mmcme2_adv_CLKIN1_CLKOUT0)
                                                     -3.163    -2.245 r  Inst_ClkGen/inst/mmcm_adv_inst/CLKOUT0
                         net (fo=1, routed)           0.544    -1.702    Inst_ClkGen/inst/clk_100MHz_o_ClkGen
    BUFGCTRL_X0Y16       BUFG (Prop_bufg_I_O)         0.029    -1.673 r  Inst_ClkGen/inst/clkout1_buf/O
                         net (fo=358, routed)         0.882    -0.791    Inst_VGA/Inst_LogoDisplay/Inst_BRAM_1/U0/inst_blk_mem_gen/gnbram.gnativebmg.native_blk_mem_gen/valid.cstr/ramloop[1].ram.r/prim_init.ram/clka
    RAMB36_X1Y19         RAMB36E1                                     r  Inst_VGA/Inst_LogoDisplay/Inst_BRAM_1/U0/inst_blk_mem_gen/gnbram.gnativebmg.native_blk_mem_gen/valid.cstr/ramloop[1].ram.r/prim_init.ram/DEVICE_7SERIES.NO_BMM_INFO.SP.SIMPLE_PRIM36.ram/CLKARDCLK
                         clock pessimism              0.509    -0.282    
                         clock uncertainty            0.067    -0.214    
    RAMB36_X1Y19         RAMB36E1 (Hold_ramb36e1_CLKARDCLK_ADDRARDADDR[5])
                                                      0.183    -0.031    Inst_VGA/Inst_LogoDisplay/Inst_BRAM_1/U0/inst_blk_mem_gen/gnbram.gnativebmg.native_blk_mem_gen/valid.cstr/ramloop[1].ram.r/prim_init.ram/DEVICE_7SERIES.NO_BMM_INFO.SP.SIMPLE_PRIM36.ram
  -------------------------------------------------------------------
                         required time                          0.031    
                         arrival time                           0.092    
  -------------------------------------------------------------------
                         slack                                  0.123    

Slack (MET) :             0.131ns  (arrival time - required time)
  Source:                 Inst_VGA/logo_blue_dly_reg[1]/C
                            (rising edge-triggered cell FDRE clocked by clk_100MHz_o_ClkGen  {rise@0.000ns fall@4.632ns period=9.263ns})
  Destination:            Inst_VGA/vga_blue_reg_reg[1]/D
                            (rising edge-triggered cell FDRE clocked by clk_100MHz_o_ClkGen_1  {rise@0.000ns fall@4.632ns period=9.263ns})
  Path Group:             clk_100MHz_o_ClkGen_1
  Path Type:              Hold (Min at Fast Process Corner)
  Requirement:            0.000ns  (clk_100MHz_o_ClkGen_1 rise@0.000ns - clk_100MHz_o_ClkGen rise@0.000ns)
  Data Path Delay:        0.555ns  (logic 0.186ns (33.521%)  route 0.369ns (66.479%))
  Logic Levels:           1  (LUT5=1)
  Clock Path Skew:        0.266ns (DCD - SCD - CPR)
    Destination Clock Delay (DCD):    -0.812ns
    Source Clock Delay      (SCD):    -0.569ns
    Clock Pessimism Removal (CPR):    -0.509ns
  Clock Uncertainty:      0.067ns  ((TSJ^2 + DJ^2)^1/2) / 2 + PE
    Total System Jitter     (TSJ):    0.071ns
    Discrete Jitter          (DJ):    0.115ns
    Phase Error              (PE):    0.000ns
  Clock Domain Crossing:  Inter clock paths are considered valid unless explicitly excluded by timing constraints such as set_clock_groups or set_false_path.

    Location             Delay type                Incr(ns)  Path(ns)    Netlist Resource(s)
  -------------------------------------------------------------------    -------------------
                         (clock clk_100MHz_o_ClkGen rise edge)
                                                      0.000     0.000 r  
    E3                                                0.000     0.000 r  clk_i (IN)
                         net (fo=0)                   0.000     0.000    Inst_ClkGen/inst/clk_100MHz_i
    E3                   IBUF (Prop_ibuf_I_O)         0.250     0.250 r  Inst_ClkGen/inst/clkin1_ibufg/O
                         net (fo=1, routed)           0.440     0.690    Inst_ClkGen/inst/clk_100MHz_i_ClkGen
    MMCME2_ADV_X1Y2      MMCME2_ADV (Prop_mmcme2_adv_CLKIN1_CLKOUT0)
                                                     -2.379    -1.689 r  Inst_ClkGen/inst/mmcm_adv_inst/CLKOUT0
                         net (fo=1, routed)           0.499    -1.190    Inst_ClkGen/inst/clk_100MHz_o_ClkGen
    BUFGCTRL_X0Y16       BUFG (Prop_bufg_I_O)         0.026    -1.164 r  Inst_ClkGen/inst/clkout1_buf/O
                         net (fo=358, routed)         0.595    -0.569    Inst_VGA/clk_100MHz_o
    SLICE_X72Y96         FDRE                                         r  Inst_VGA/logo_blue_dly_reg[1]/C
  -------------------------------------------------------------------    -------------------
    SLICE_X72Y96         FDRE (Prop_fdre_C_Q)         0.141    -0.428 r  Inst_VGA/logo_blue_dly_reg[1]/Q
                         net (fo=1, routed)           0.369    -0.059    Inst_VGA/logo_blue_dly[1]
    SLICE_X72Y104        LUT5 (Prop_lut5_I3_O)        0.045    -0.014 r  Inst_VGA/vga_blue_reg[1]_i_1/O
                         net (fo=1, routed)           0.000    -0.014    Inst_VGA/vga_blue__11[1]
    SLICE_X72Y104        FDRE                                         r  Inst_VGA/vga_blue_reg_reg[1]/D
  -------------------------------------------------------------------    -------------------

                         (clock clk_100MHz_o_ClkGen_1 rise edge)
                                                      0.000     0.000 r  
    E3                                                0.000     0.000 r  clk_i (IN)
                         net (fo=0)                   0.000     0.000    Inst_ClkGen/inst/clk_100MHz_i
    E3                   IBUF (Prop_ibuf_I_O)         0.438     0.438 r  Inst_ClkGen/inst/clkin1_ibufg/O
                         net (fo=1, routed)           0.480     0.918    Inst_ClkGen/inst/clk_100MHz_i_ClkGen
    MMCME2_ADV_X1Y2      MMCME2_ADV (Prop_mmcme2_adv_CLKIN1_CLKOUT0)
                                                     -3.163    -2.245 r  Inst_ClkGen/inst/mmcm_adv_inst/CLKOUT0
                         net (fo=1, routed)           0.544    -1.702    Inst_ClkGen/inst/clk_100MHz_o_ClkGen
    BUFGCTRL_X0Y16       BUFG (Prop_bufg_I_O)         0.029    -1.673 r  Inst_ClkGen/inst/clkout1_buf/O
                         net (fo=358, routed)         0.860    -0.812    Inst_VGA/clk_100MHz_o
    SLICE_X72Y104        FDRE                                         r  Inst_VGA/vga_blue_reg_reg[1]/C
                         clock pessimism              0.509    -0.303    
                         clock uncertainty            0.067    -0.236    
    SLICE_X72Y104        FDRE (Hold_fdre_C_D)         0.091    -0.145    Inst_VGA/vga_blue_reg_reg[1]
  -------------------------------------------------------------------
                         required time                          0.145    
                         arrival time                          -0.014    
  -------------------------------------------------------------------
                         slack                                  0.131    

Slack (MET) :             0.141ns  (arrival time - required time)
  Source:                 Inst_VGA/logo_green_dly_reg[0]/C
                            (rising edge-triggered cell FDRE clocked by clk_100MHz_o_ClkGen  {rise@0.000ns fall@4.632ns period=9.263ns})
  Destination:            Inst_VGA/vga_green_reg_reg[0]/D
                            (rising edge-triggered cell FDRE clocked by clk_100MHz_o_ClkGen_1  {rise@0.000ns fall@4.632ns period=9.263ns})
  Path Group:             clk_100MHz_o_ClkGen_1
  Path Type:              Hold (Min at Fast Process Corner)
  Requirement:            0.000ns  (clk_100MHz_o_ClkGen_1 rise@0.000ns - clk_100MHz_o_ClkGen rise@0.000ns)
  Data Path Delay:        0.566ns  (logic 0.209ns (36.949%)  route 0.357ns (63.051%))
  Logic Levels:           1  (LUT5=1)
  Clock Path Skew:        0.266ns (DCD - SCD - CPR)
    Destination Clock Delay (DCD):    -0.839ns
    Source Clock Delay      (SCD):    -0.596ns
    Clock Pessimism Removal (CPR):    -0.509ns
  Clock Uncertainty:      0.067ns  ((TSJ^2 + DJ^2)^1/2) / 2 + PE
    Total System Jitter     (TSJ):    0.071ns
    Discrete Jitter          (DJ):    0.115ns
    Phase Error              (PE):    0.000ns
  Clock Domain Crossing:  Inter clock paths are considered valid unless explicitly excluded by timing constraints such as set_clock_groups or set_false_path.

    Location             Delay type                Incr(ns)  Path(ns)    Netlist Resource(s)
  -------------------------------------------------------------------    -------------------
                         (clock clk_100MHz_o_ClkGen rise edge)
                                                      0.000     0.000 r  
    E3                                                0.000     0.000 r  clk_i (IN)
                         net (fo=0)                   0.000     0.000    Inst_ClkGen/inst/clk_100MHz_i
    E3                   IBUF (Prop_ibuf_I_O)         0.250     0.250 r  Inst_ClkGen/inst/clkin1_ibufg/O
                         net (fo=1, routed)           0.440     0.690    Inst_ClkGen/inst/clk_100MHz_i_ClkGen
    MMCME2_ADV_X1Y2      MMCME2_ADV (Prop_mmcme2_adv_CLKIN1_CLKOUT0)
                                                     -2.379    -1.689 r  Inst_ClkGen/inst/mmcm_adv_inst/CLKOUT0
                         net (fo=1, routed)           0.499    -1.190    Inst_ClkGen/inst/clk_100MHz_o_ClkGen
    BUFGCTRL_X0Y16       BUFG (Prop_bufg_I_O)         0.026    -1.164 r  Inst_ClkGen/inst/clkout1_buf/O
                         net (fo=358, routed)         0.568    -0.596    Inst_VGA/clk_100MHz_o
    SLICE_X70Y96         FDRE                                         r  Inst_VGA/logo_green_dly_reg[0]/C
  -------------------------------------------------------------------    -------------------
    SLICE_X70Y96         FDRE (Prop_fdre_C_Q)         0.164    -0.432 r  Inst_VGA/logo_green_dly_reg[0]/Q
                         net (fo=1, routed)           0.357    -0.076    Inst_VGA/logo_green_dly[0]
    SLICE_X71Y105        LUT5 (Prop_lut5_I3_O)        0.045    -0.031 r  Inst_VGA/vga_green_reg[0]_i_1/O
                         net (fo=1, routed)           0.000    -0.031    Inst_VGA/vga_green__11[0]
    SLICE_X71Y105        FDRE                                         r  Inst_VGA/vga_green_reg_reg[0]/D
  -------------------------------------------------------------------    -------------------

                         (clock clk_100MHz_o_ClkGen_1 rise edge)
                                                      0.000     0.000 r  
    E3                                                0.000     0.000 r  clk_i (IN)
                         net (fo=0)                   0.000     0.000    Inst_ClkGen/inst/clk_100MHz_i
    E3                   IBUF (Prop_ibuf_I_O)         0.438     0.438 r  Inst_ClkGen/inst/clkin1_ibufg/O
                         net (fo=1, routed)           0.480     0.918    Inst_ClkGen/inst/clk_100MHz_i_ClkGen
    MMCME2_ADV_X1Y2      MMCME2_ADV (Prop_mmcme2_adv_CLKIN1_CLKOUT0)
                                                     -3.163    -2.245 r  Inst_ClkGen/inst/mmcm_adv_inst/CLKOUT0
                         net (fo=1, routed)           0.544    -1.702    Inst_ClkGen/inst/clk_100MHz_o_ClkGen
    BUFGCTRL_X0Y16       BUFG (Prop_bufg_I_O)         0.029    -1.673 r  Inst_ClkGen/inst/clkout1_buf/O
                         net (fo=358, routed)         0.834    -0.839    Inst_VGA/clk_100MHz_o
    SLICE_X71Y105        FDRE                                         r  Inst_VGA/vga_green_reg_reg[0]/C
                         clock pessimism              0.509    -0.330    
                         clock uncertainty            0.067    -0.263    
    SLICE_X71Y105        FDRE (Hold_fdre_C_D)         0.091    -0.172    Inst_VGA/vga_green_reg_reg[0]
  -------------------------------------------------------------------
                         required time                          0.172    
                         arrival time                          -0.031    
  -------------------------------------------------------------------
                         slack                                  0.141    

Slack (MET) :             0.143ns  (arrival time - required time)
  Source:                 Inst_VGA/Inst_LogoDisplay/addr_reg_reg[10]/C
                            (rising edge-triggered cell FDRE clocked by clk_100MHz_o_ClkGen  {rise@0.000ns fall@4.632ns period=9.263ns})
  Destination:            Inst_VGA/Inst_LogoDisplay/Inst_BRAM_1/U0/inst_blk_mem_gen/gnbram.gnativebmg.native_blk_mem_gen/valid.cstr/ramloop[21].ram.r/prim_init.ram/DEVICE_7SERIES.NO_BMM_INFO.SP.SIMPLE_PRIM36.ram/ADDRARDADDR[13]
                            (rising edge-triggered cell RAMB36E1 clocked by clk_100MHz_o_ClkGen_1  {rise@0.000ns fall@4.632ns period=9.263ns})
  Path Group:             clk_100MHz_o_ClkGen_1
  Path Type:              Hold (Min at Fast Process Corner)
  Requirement:            0.000ns  (clk_100MHz_o_ClkGen_1 rise@0.000ns - clk_100MHz_o_ClkGen rise@0.000ns)
  Data Path Delay:        0.500ns  (logic 0.164ns (32.786%)  route 0.336ns (67.214%))
  Logic Levels:           0  
  Clock Path Skew:        0.106ns (DCD - SCD - CPR)
    Destination Clock Delay (DCD):    -0.771ns
    Source Clock Delay      (SCD):    -0.602ns
    Clock Pessimism Removal (CPR):    -0.275ns
  Clock Uncertainty:      0.067ns  ((TSJ^2 + DJ^2)^1/2) / 2 + PE
    Total System Jitter     (TSJ):    0.071ns
    Discrete Jitter          (DJ):    0.115ns
    Phase Error              (PE):    0.000ns
  Clock Domain Crossing:  Inter clock paths are considered valid unless explicitly excluded by timing constraints such as set_clock_groups or set_false_path.

    Location             Delay type                Incr(ns)  Path(ns)    Netlist Resource(s)
  -------------------------------------------------------------------    -------------------
                         (clock clk_100MHz_o_ClkGen rise edge)
                                                      0.000     0.000 r  
    E3                                                0.000     0.000 r  clk_i (IN)
                         net (fo=0)                   0.000     0.000    Inst_ClkGen/inst/clk_100MHz_i
    E3                   IBUF (Prop_ibuf_I_O)         0.250     0.250 r  Inst_ClkGen/inst/clkin1_ibufg/O
                         net (fo=1, routed)           0.440     0.690    Inst_ClkGen/inst/clk_100MHz_i_ClkGen
    MMCME2_ADV_X1Y2      MMCME2_ADV (Prop_mmcme2_adv_CLKIN1_CLKOUT0)
                                                     -2.379    -1.689 r  Inst_ClkGen/inst/mmcm_adv_inst/CLKOUT0
                         net (fo=1, routed)           0.499    -1.190    Inst_ClkGen/inst/clk_100MHz_o_ClkGen
    BUFGCTRL_X0Y16       BUFG (Prop_bufg_I_O)         0.026    -1.164 r  Inst_ClkGen/inst/clkout1_buf/O
                         net (fo=358, routed)         0.562    -0.602    Inst_VGA/Inst_LogoDisplay/clk_100MHz_o
    SLICE_X70Y105        FDRE                                         r  Inst_VGA/Inst_LogoDisplay/addr_reg_reg[10]/C
  -------------------------------------------------------------------    -------------------
    SLICE_X70Y105        FDRE (Prop_fdre_C_Q)         0.164    -0.438 r  Inst_VGA/Inst_LogoDisplay/addr_reg_reg[10]/Q
                         net (fo=33, routed)          0.336    -0.102    Inst_VGA/Inst_LogoDisplay/Inst_BRAM_1/U0/inst_blk_mem_gen/gnbram.gnativebmg.native_blk_mem_gen/valid.cstr/ramloop[21].ram.r/prim_init.ram/addra[10]
    RAMB36_X2Y21         RAMB36E1                                     r  Inst_VGA/Inst_LogoDisplay/Inst_BRAM_1/U0/inst_blk_mem_gen/gnbram.gnativebmg.native_blk_mem_gen/valid.cstr/ramloop[21].ram.r/prim_init.ram/DEVICE_7SERIES.NO_BMM_INFO.SP.SIMPLE_PRIM36.ram/ADDRARDADDR[13]
  -------------------------------------------------------------------    -------------------

                         (clock clk_100MHz_o_ClkGen_1 rise edge)
                                                      0.000     0.000 r  
    E3                                                0.000     0.000 r  clk_i (IN)
                         net (fo=0)                   0.000     0.000    Inst_ClkGen/inst/clk_100MHz_i
    E3                   IBUF (Prop_ibuf_I_O)         0.438     0.438 r  Inst_ClkGen/inst/clkin1_ibufg/O
                         net (fo=1, routed)           0.480     0.918    Inst_ClkGen/inst/clk_100MHz_i_ClkGen
    MMCME2_ADV_X1Y2      MMCME2_ADV (Prop_mmcme2_adv_CLKIN1_CLKOUT0)
                                                     -3.163    -2.245 r  Inst_ClkGen/inst/mmcm_adv_inst/CLKOUT0
                         net (fo=1, routed)           0.544    -1.702    Inst_ClkGen/inst/clk_100MHz_o_ClkGen
    BUFGCTRL_X0Y16       BUFG (Prop_bufg_I_O)         0.029    -1.673 r  Inst_ClkGen/inst/clkout1_buf/O
                         net (fo=358, routed)         0.902    -0.771    Inst_VGA/Inst_LogoDisplay/Inst_BRAM_1/U0/inst_blk_mem_gen/gnbram.gnativebmg.native_blk_mem_gen/valid.cstr/ramloop[21].ram.r/prim_init.ram/clka
    RAMB36_X2Y21         RAMB36E1                                     r  Inst_VGA/Inst_LogoDisplay/Inst_BRAM_1/U0/inst_blk_mem_gen/gnbram.gnativebmg.native_blk_mem_gen/valid.cstr/ramloop[21].ram.r/prim_init.ram/DEVICE_7SERIES.NO_BMM_INFO.SP.SIMPLE_PRIM36.ram/CLKARDCLK
                         clock pessimism              0.275    -0.496    
                         clock uncertainty            0.067    -0.428    
    RAMB36_X2Y21         RAMB36E1 (Hold_ramb36e1_CLKARDCLK_ADDRARDADDR[13])
                                                      0.183    -0.245    Inst_VGA/Inst_LogoDisplay/Inst_BRAM_1/U0/inst_blk_mem_gen/gnbram.gnativebmg.native_blk_mem_gen/valid.cstr/ramloop[21].ram.r/prim_init.ram/DEVICE_7SERIES.NO_BMM_INFO.SP.SIMPLE_PRIM36.ram
  -------------------------------------------------------------------
                         required time                          0.245    
                         arrival time                          -0.102    
  -------------------------------------------------------------------
                         slack                                  0.143    

Slack (MET) :             0.145ns  (arrival time - required time)
  Source:                 Inst_VGA/Inst_LogoDisplay/addr_reg_reg[10]/C
                            (rising edge-triggered cell FDRE clocked by clk_100MHz_o_ClkGen  {rise@0.000ns fall@4.632ns period=9.263ns})
  Destination:            Inst_VGA/Inst_LogoDisplay/Inst_BRAM_1/U0/inst_blk_mem_gen/gnbram.gnativebmg.native_blk_mem_gen/valid.cstr/ramloop[9].ram.r/prim_init.ram/DEVICE_7SERIES.NO_BMM_INFO.SP.SIMPLE_PRIM36.ram/ADDRARDADDR[13]
                            (rising edge-triggered cell RAMB36E1 clocked by clk_100MHz_o_ClkGen_1  {rise@0.000ns fall@4.632ns period=9.263ns})
  Path Group:             clk_100MHz_o_ClkGen_1
  Path Type:              Hold (Min at Fast Process Corner)
  Requirement:            0.000ns  (clk_100MHz_o_ClkGen_1 rise@0.000ns - clk_100MHz_o_ClkGen rise@0.000ns)
  Data Path Delay:        0.744ns  (logic 0.164ns (22.057%)  route 0.580ns (77.943%))
  Logic Levels:           0  
  Clock Path Skew:        0.348ns (DCD - SCD - CPR)
    Destination Clock Delay (DCD):    -0.763ns
    Source Clock Delay      (SCD):    -0.602ns
    Clock Pessimism Removal (CPR):    -0.509ns
  Clock Uncertainty:      0.067ns  ((TSJ^2 + DJ^2)^1/2) / 2 + PE
    Total System Jitter     (TSJ):    0.071ns
    Discrete Jitter          (DJ):    0.115ns
    Phase Error              (PE):    0.000ns
  Clock Domain Crossing:  Inter clock paths are considered valid unless explicitly excluded by timing constraints such as set_clock_groups or set_false_path.

    Location             Delay type                Incr(ns)  Path(ns)    Netlist Resource(s)
  -------------------------------------------------------------------    -------------------
                         (clock clk_100MHz_o_ClkGen rise edge)
                                                      0.000     0.000 r  
    E3                                                0.000     0.000 r  clk_i (IN)
                         net (fo=0)                   0.000     0.000    Inst_ClkGen/inst/clk_100MHz_i
    E3                   IBUF (Prop_ibuf_I_O)         0.250     0.250 r  Inst_ClkGen/inst/clkin1_ibufg/O
                         net (fo=1, routed)           0.440     0.690    Inst_ClkGen/inst/clk_100MHz_i_ClkGen
    MMCME2_ADV_X1Y2      MMCME2_ADV (Prop_mmcme2_adv_CLKIN1_CLKOUT0)
                                                     -2.379    -1.689 r  Inst_ClkGen/inst/mmcm_adv_inst/CLKOUT0
                         net (fo=1, routed)           0.499    -1.190    Inst_ClkGen/inst/clk_100MHz_o_ClkGen
    BUFGCTRL_X0Y16       BUFG (Prop_bufg_I_O)         0.026    -1.164 r  Inst_ClkGen/inst/clkout1_buf/O
                         net (fo=358, routed)         0.562    -0.602    Inst_VGA/Inst_LogoDisplay/clk_100MHz_o
    SLICE_X70Y105        FDRE                                         r  Inst_VGA/Inst_LogoDisplay/addr_reg_reg[10]/C
  -------------------------------------------------------------------    -------------------
    SLICE_X70Y105        FDRE (Prop_fdre_C_Q)         0.164    -0.438 r  Inst_VGA/Inst_LogoDisplay/addr_reg_reg[10]/Q
                         net (fo=33, routed)          0.580     0.141    Inst_VGA/Inst_LogoDisplay/Inst_BRAM_1/U0/inst_blk_mem_gen/gnbram.gnativebmg.native_blk_mem_gen/valid.cstr/ramloop[9].ram.r/prim_init.ram/addra[10]
    RAMB36_X2Y19         RAMB36E1                                     r  Inst_VGA/Inst_LogoDisplay/Inst_BRAM_1/U0/inst_blk_mem_gen/gnbram.gnativebmg.native_blk_mem_gen/valid.cstr/ramloop[9].ram.r/prim_init.ram/DEVICE_7SERIES.NO_BMM_INFO.SP.SIMPLE_PRIM36.ram/ADDRARDADDR[13]
  -------------------------------------------------------------------    -------------------

                         (clock clk_100MHz_o_ClkGen_1 rise edge)
                                                      0.000     0.000 r  
    E3                                                0.000     0.000 r  clk_i (IN)
                         net (fo=0)                   0.000     0.000    Inst_ClkGen/inst/clk_100MHz_i
    E3                   IBUF (Prop_ibuf_I_O)         0.438     0.438 r  Inst_ClkGen/inst/clkin1_ibufg/O
                         net (fo=1, routed)           0.480     0.918    Inst_ClkGen/inst/clk_100MHz_i_ClkGen
    MMCME2_ADV_X1Y2      MMCME2_ADV (Prop_mmcme2_adv_CLKIN1_CLKOUT0)
                                                     -3.163    -2.245 r  Inst_ClkGen/inst/mmcm_adv_inst/CLKOUT0
                         net (fo=1, routed)           0.544    -1.702    Inst_ClkGen/inst/clk_100MHz_o_ClkGen
    BUFGCTRL_X0Y16       BUFG (Prop_bufg_I_O)         0.029    -1.673 r  Inst_ClkGen/inst/clkout1_buf/O
                         net (fo=358, routed)         0.910    -0.763    Inst_VGA/Inst_LogoDisplay/Inst_BRAM_1/U0/inst_blk_mem_gen/gnbram.gnativebmg.native_blk_mem_gen/valid.cstr/ramloop[9].ram.r/prim_init.ram/clka
    RAMB36_X2Y19         RAMB36E1                                     r  Inst_VGA/Inst_LogoDisplay/Inst_BRAM_1/U0/inst_blk_mem_gen/gnbram.gnativebmg.native_blk_mem_gen/valid.cstr/ramloop[9].ram.r/prim_init.ram/DEVICE_7SERIES.NO_BMM_INFO.SP.SIMPLE_PRIM36.ram/CLKARDCLK
                         clock pessimism              0.509    -0.254    
                         clock uncertainty            0.067    -0.186    
    RAMB36_X2Y19         RAMB36E1 (Hold_ramb36e1_CLKARDCLK_ADDRARDADDR[13])
                                                      0.183    -0.003    Inst_VGA/Inst_LogoDisplay/Inst_BRAM_1/U0/inst_blk_mem_gen/gnbram.gnativebmg.native_blk_mem_gen/valid.cstr/ramloop[9].ram.r/prim_init.ram/DEVICE_7SERIES.NO_BMM_INFO.SP.SIMPLE_PRIM36.ram
  -------------------------------------------------------------------
                         required time                          0.003    
                         arrival time                           0.141    
  -------------------------------------------------------------------
                         slack                                  0.145    





--------------------------------------------------------------------------------------
Path Group:  (none)
From Clock:  clk_100MHz_o_ClkGen
  To Clock:  

Max Delay            14 Endpoints
Min Delay            14 Endpoints
--------------------------------------------------------------------------------------


Max Delay Paths
--------------------------------------------------------------------------------------
Slack:                    inf
  Source:                 Inst_VGA/h_sync_reg_dly_reg/C
                            (rising edge-triggered cell FDRE clocked by clk_100MHz_o_ClkGen  {rise@0.000ns fall@4.632ns period=9.263ns})
  Destination:            vga_hs_o
                            (output port)
  Path Group:             (none)
  Path Type:              Max at Slow Process Corner
  Data Path Delay:        8.414ns  (logic 4.214ns (50.078%)  route 4.200ns (49.922%))
  Logic Levels:           1  (OBUF=1)
  Clock Uncertainty:      0.150ns  ((TSJ^2 + DJ^2)^1/2) / 2 + PE
    Total System Jitter     (TSJ):    0.050ns
    Discrete Jitter          (DJ):    0.115ns
    Phase Error              (PE):    0.087ns

    Location             Delay type                Incr(ns)  Path(ns)    Netlist Resource(s)
  -------------------------------------------------------------------    -------------------
                         (clock clk_100MHz_o_ClkGen rise edge)
                                                      0.000     0.000 r  
    E3                                                0.000     0.000 r  clk_i (IN)
                         net (fo=0)                   0.000     0.000    Inst_ClkGen/inst/clk_100MHz_i
    E3                   IBUF (Prop_ibuf_I_O)         1.482     1.482 r  Inst_ClkGen/inst/clkin1_ibufg/O
                         net (fo=1, routed)           1.233     2.715    Inst_ClkGen/inst/clk_100MHz_i_ClkGen
    MMCME2_ADV_X1Y2      MMCME2_ADV (Prop_mmcme2_adv_CLKIN1_CLKOUT0)
                                                     -7.070    -4.355 r  Inst_ClkGen/inst/mmcm_adv_inst/CLKOUT0
                         net (fo=1, routed)           1.719    -2.636    Inst_ClkGen/inst/clk_100MHz_o_ClkGen
    BUFGCTRL_X0Y16       BUFG (Prop_bufg_I_O)         0.096    -2.540 r  Inst_ClkGen/inst/clkout1_buf/O
                         net (fo=358, routed)         1.615    -0.925    Inst_VGA/clk_100MHz_o
    SLICE_X62Y108        FDRE                                         r  Inst_VGA/h_sync_reg_dly_reg/C
  -------------------------------------------------------------------    -------------------
    SLICE_X62Y108        FDRE (Prop_fdre_C_Q)         0.478    -0.447 r  Inst_VGA/h_sync_reg_dly_reg/Q
                         net (fo=1, routed)           4.200     3.753    vga_hs_o_OBUF
    B11                  OBUF (Prop_obuf_I_O)         3.736     7.489 r  vga_hs_o_OBUF_inst/O
                         net (fo=0)                   0.000     7.489    vga_hs_o
    B11                                                               r  vga_hs_o (OUT)
  -------------------------------------------------------------------    -------------------

Slack:                    inf
  Source:                 Inst_VGA/vga_green_reg_reg[0]/C
                            (rising edge-triggered cell FDRE clocked by clk_100MHz_o_ClkGen  {rise@0.000ns fall@4.632ns period=9.263ns})
  Destination:            vga_green_o[0]
                            (output port)
  Path Group:             (none)
  Path Type:              Max at Slow Process Corner
  Data Path Delay:        7.796ns  (logic 3.994ns (51.233%)  route 3.802ns (48.767%))
  Logic Levels:           1  (OBUF=1)
  Clock Uncertainty:      0.150ns  ((TSJ^2 + DJ^2)^1/2) / 2 + PE
    Total System Jitter     (TSJ):    0.050ns
    Discrete Jitter          (DJ):    0.115ns
    Phase Error              (PE):    0.087ns

    Location             Delay type                Incr(ns)  Path(ns)    Netlist Resource(s)
  -------------------------------------------------------------------    -------------------
                         (clock clk_100MHz_o_ClkGen rise edge)
                                                      0.000     0.000 r  
    E3                                                0.000     0.000 r  clk_i (IN)
                         net (fo=0)                   0.000     0.000    Inst_ClkGen/inst/clk_100MHz_i
    E3                   IBUF (Prop_ibuf_I_O)         1.482     1.482 r  Inst_ClkGen/inst/clkin1_ibufg/O
                         net (fo=1, routed)           1.233     2.715    Inst_ClkGen/inst/clk_100MHz_i_ClkGen
    MMCME2_ADV_X1Y2      MMCME2_ADV (Prop_mmcme2_adv_CLKIN1_CLKOUT0)
                                                     -7.070    -4.355 r  Inst_ClkGen/inst/mmcm_adv_inst/CLKOUT0
                         net (fo=1, routed)           1.719    -2.636    Inst_ClkGen/inst/clk_100MHz_o_ClkGen
    BUFGCTRL_X0Y16       BUFG (Prop_bufg_I_O)         0.096    -2.540 r  Inst_ClkGen/inst/clkout1_buf/O
                         net (fo=358, routed)         1.617    -0.923    Inst_VGA/clk_100MHz_o
    SLICE_X71Y105        FDRE                                         r  Inst_VGA/vga_green_reg_reg[0]/C
  -------------------------------------------------------------------    -------------------
    SLICE_X71Y105        FDRE (Prop_fdre_C_Q)         0.456    -0.467 r  Inst_VGA/vga_green_reg_reg[0]/Q
                         net (fo=1, routed)           3.802     3.335    vga_green_o_OBUF[0]
    C6                   OBUF (Prop_obuf_I_O)         3.538     6.873 r  vga_green_o_OBUF[0]_inst/O
                         net (fo=0)                   0.000     6.873    vga_green_o[0]
    C6                                                                r  vga_green_o[0] (OUT)
  -------------------------------------------------------------------    -------------------

Slack:                    inf
  Source:                 Inst_VGA/v_sync_reg_dly_reg/C
                            (rising edge-triggered cell FDRE clocked by clk_100MHz_o_ClkGen  {rise@0.000ns fall@4.632ns period=9.263ns})
  Destination:            vga_vs_o
                            (output port)
  Path Group:             (none)
  Path Type:              Max at Slow Process Corner
  Data Path Delay:        7.765ns  (logic 4.021ns (51.787%)  route 3.744ns (48.213%))
  Logic Levels:           1  (OBUF=1)
  Clock Uncertainty:      0.150ns  ((TSJ^2 + DJ^2)^1/2) / 2 + PE
    Total System Jitter     (TSJ):    0.050ns
    Discrete Jitter          (DJ):    0.115ns
    Phase Error              (PE):    0.087ns

    Location             Delay type                Incr(ns)  Path(ns)    Netlist Resource(s)
  -------------------------------------------------------------------    -------------------
                         (clock clk_100MHz_o_ClkGen rise edge)
                                                      0.000     0.000 r  
    E3                                                0.000     0.000 r  clk_i (IN)
                         net (fo=0)                   0.000     0.000    Inst_ClkGen/inst/clk_100MHz_i
    E3                   IBUF (Prop_ibuf_I_O)         1.482     1.482 r  Inst_ClkGen/inst/clkin1_ibufg/O
                         net (fo=1, routed)           1.233     2.715    Inst_ClkGen/inst/clk_100MHz_i_ClkGen
    MMCME2_ADV_X1Y2      MMCME2_ADV (Prop_mmcme2_adv_CLKIN1_CLKOUT0)
                                                     -7.070    -4.355 r  Inst_ClkGen/inst/mmcm_adv_inst/CLKOUT0
                         net (fo=1, routed)           1.719    -2.636    Inst_ClkGen/inst/clk_100MHz_o_ClkGen
    BUFGCTRL_X0Y16       BUFG (Prop_bufg_I_O)         0.096    -2.540 r  Inst_ClkGen/inst/clkout1_buf/O
                         net (fo=358, routed)         1.599    -0.941    Inst_VGA/clk_100MHz_o
    SLICE_X65Y126        FDRE                                         r  Inst_VGA/v_sync_reg_dly_reg/C
  -------------------------------------------------------------------    -------------------
    SLICE_X65Y126        FDRE (Prop_fdre_C_Q)         0.456    -0.485 r  Inst_VGA/v_sync_reg_dly_reg/Q
                         net (fo=1, routed)           3.744     3.259    vga_vs_o_OBUF
    B12                  OBUF (Prop_obuf_I_O)         3.565     6.824 r  vga_vs_o_OBUF_inst/O
                         net (fo=0)                   0.000     6.824    vga_vs_o
    B12                                                               r  vga_vs_o (OUT)
  -------------------------------------------------------------------    -------------------

Slack:                    inf
  Source:                 Inst_VGA/vga_red_reg_reg[2]/C
                            (rising edge-triggered cell FDRE clocked by clk_100MHz_o_ClkGen  {rise@0.000ns fall@4.632ns period=9.263ns})
  Destination:            vga_red_o[2]
                            (output port)
  Path Group:             (none)
  Path Type:              Max at Slow Process Corner
  Data Path Delay:        7.573ns  (logic 3.991ns (52.702%)  route 3.582ns (47.298%))
  Logic Levels:           1  (OBUF=1)
  Clock Uncertainty:      0.150ns  ((TSJ^2 + DJ^2)^1/2) / 2 + PE
    Total System Jitter     (TSJ):    0.050ns
    Discrete Jitter          (DJ):    0.115ns
    Phase Error              (PE):    0.087ns

    Location             Delay type                Incr(ns)  Path(ns)    Netlist Resource(s)
  -------------------------------------------------------------------    -------------------
                         (clock clk_100MHz_o_ClkGen rise edge)
                                                      0.000     0.000 r  
    E3                                                0.000     0.000 r  clk_i (IN)
                         net (fo=0)                   0.000     0.000    Inst_ClkGen/inst/clk_100MHz_i
    E3                   IBUF (Prop_ibuf_I_O)         1.482     1.482 r  Inst_ClkGen/inst/clkin1_ibufg/O
                         net (fo=1, routed)           1.233     2.715    Inst_ClkGen/inst/clk_100MHz_i_ClkGen
    MMCME2_ADV_X1Y2      MMCME2_ADV (Prop_mmcme2_adv_CLKIN1_CLKOUT0)
                                                     -7.070    -4.355 r  Inst_ClkGen/inst/mmcm_adv_inst/CLKOUT0
                         net (fo=1, routed)           1.719    -2.636    Inst_ClkGen/inst/clk_100MHz_o_ClkGen
    BUFGCTRL_X0Y16       BUFG (Prop_bufg_I_O)         0.096    -2.540 r  Inst_ClkGen/inst/clkout1_buf/O
                         net (fo=358, routed)         1.699    -0.841    Inst_VGA/clk_100MHz_o
    SLICE_X73Y104        FDRE                                         r  Inst_VGA/vga_red_reg_reg[2]/C
  -------------------------------------------------------------------    -------------------
    SLICE_X73Y104        FDRE (Prop_fdre_C_Q)         0.456    -0.385 r  Inst_VGA/vga_red_reg_reg[2]/Q
                         net (fo=1, routed)           3.582     3.197    vga_red_o_OBUF[2]
    C5                   OBUF (Prop_obuf_I_O)         3.535     6.732 r  vga_red_o_OBUF[2]_inst/O
                         net (fo=0)                   0.000     6.732    vga_red_o[2]
    C5                                                                r  vga_red_o[2] (OUT)
  -------------------------------------------------------------------    -------------------

Slack:                    inf
  Source:                 Inst_VGA/vga_green_reg_reg[3]/C
                            (rising edge-triggered cell FDRE clocked by clk_100MHz_o_ClkGen  {rise@0.000ns fall@4.632ns period=9.263ns})
  Destination:            vga_green_o[3]
                            (output port)
  Path Group:             (none)
  Path Type:              Max at Slow Process Corner
  Data Path Delay:        7.536ns  (logic 4.002ns (53.109%)  route 3.534ns (46.891%))
  Logic Levels:           1  (OBUF=1)
  Clock Uncertainty:      0.150ns  ((TSJ^2 + DJ^2)^1/2) / 2 + PE
    Total System Jitter     (TSJ):    0.050ns
    Discrete Jitter          (DJ):    0.115ns
    Phase Error              (PE):    0.087ns

    Location             Delay type                Incr(ns)  Path(ns)    Netlist Resource(s)
  -------------------------------------------------------------------    -------------------
                         (clock clk_100MHz_o_ClkGen rise edge)
                                                      0.000     0.000 r  
    E3                                                0.000     0.000 r  clk_i (IN)
                         net (fo=0)                   0.000     0.000    Inst_ClkGen/inst/clk_100MHz_i
    E3                   IBUF (Prop_ibuf_I_O)         1.482     1.482 r  Inst_ClkGen/inst/clkin1_ibufg/O
                         net (fo=1, routed)           1.233     2.715    Inst_ClkGen/inst/clk_100MHz_i_ClkGen
    MMCME2_ADV_X1Y2      MMCME2_ADV (Prop_mmcme2_adv_CLKIN1_CLKOUT0)
                                                     -7.070    -4.355 r  Inst_ClkGen/inst/mmcm_adv_inst/CLKOUT0
                         net (fo=1, routed)           1.719    -2.636    Inst_ClkGen/inst/clk_100MHz_o_ClkGen
    BUFGCTRL_X0Y16       BUFG (Prop_bufg_I_O)         0.096    -2.540 r  Inst_ClkGen/inst/clkout1_buf/O
                         net (fo=358, routed)         1.699    -0.841    Inst_VGA/clk_100MHz_o
    SLICE_X72Y104        FDRE                                         r  Inst_VGA/vga_green_reg_reg[3]/C
  -------------------------------------------------------------------    -------------------
    SLICE_X72Y104        FDRE (Prop_fdre_C_Q)         0.456    -0.385 r  Inst_VGA/vga_green_reg_reg[3]/Q
                         net (fo=1, routed)           3.534     3.149    vga_green_o_OBUF[3]
    A6                   OBUF (Prop_obuf_I_O)         3.546     6.695 r  vga_green_o_OBUF[3]_inst/O
                         net (fo=0)                   0.000     6.695    vga_green_o[3]
    A6                                                                r  vga_green_o[3] (OUT)
  -------------------------------------------------------------------    -------------------

Slack:                    inf
  Source:                 Inst_VGA/vga_blue_reg_reg[0]/C
                            (rising edge-triggered cell FDRE clocked by clk_100MHz_o_ClkGen  {rise@0.000ns fall@4.632ns period=9.263ns})
  Destination:            vga_blue_o[0]
                            (output port)
  Path Group:             (none)
  Path Type:              Max at Slow Process Corner
  Data Path Delay:        7.408ns  (logic 4.003ns (54.035%)  route 3.405ns (45.965%))
  Logic Levels:           1  (OBUF=1)
  Clock Uncertainty:      0.150ns  ((TSJ^2 + DJ^2)^1/2) / 2 + PE
    Total System Jitter     (TSJ):    0.050ns
    Discrete Jitter          (DJ):    0.115ns
    Phase Error              (PE):    0.087ns

    Location             Delay type                Incr(ns)  Path(ns)    Netlist Resource(s)
  -------------------------------------------------------------------    -------------------
                         (clock clk_100MHz_o_ClkGen rise edge)
                                                      0.000     0.000 r  
    E3                                                0.000     0.000 r  clk_i (IN)
                         net (fo=0)                   0.000     0.000    Inst_ClkGen/inst/clk_100MHz_i
    E3                   IBUF (Prop_ibuf_I_O)         1.482     1.482 r  Inst_ClkGen/inst/clkin1_ibufg/O
                         net (fo=1, routed)           1.233     2.715    Inst_ClkGen/inst/clk_100MHz_i_ClkGen
    MMCME2_ADV_X1Y2      MMCME2_ADV (Prop_mmcme2_adv_CLKIN1_CLKOUT0)
                                                     -7.070    -4.355 r  Inst_ClkGen/inst/mmcm_adv_inst/CLKOUT0
                         net (fo=1, routed)           1.719    -2.636    Inst_ClkGen/inst/clk_100MHz_o_ClkGen
    BUFGCTRL_X0Y16       BUFG (Prop_bufg_I_O)         0.096    -2.540 r  Inst_ClkGen/inst/clkout1_buf/O
                         net (fo=358, routed)         1.699    -0.841    Inst_VGA/clk_100MHz_o
    SLICE_X73Y104        FDRE                                         r  Inst_VGA/vga_blue_reg_reg[0]/C
  -------------------------------------------------------------------    -------------------
    SLICE_X73Y104        FDRE (Prop_fdre_C_Q)         0.456    -0.385 r  Inst_VGA/vga_blue_reg_reg[0]/Q
                         net (fo=1, routed)           3.405     3.020    vga_blue_o_OBUF[0]
    B7                   OBUF (Prop_obuf_I_O)         3.547     6.567 r  vga_blue_o_OBUF[0]_inst/O
                         net (fo=0)                   0.000     6.567    vga_blue_o[0]
    B7                                                                r  vga_blue_o[0] (OUT)
  -------------------------------------------------------------------    -------------------

Slack:                    inf
  Source:                 Inst_VGA/vga_green_reg_reg[2]/C
                            (rising edge-triggered cell FDRE clocked by clk_100MHz_o_ClkGen  {rise@0.000ns fall@4.632ns period=9.263ns})
  Destination:            vga_green_o[2]
                            (output port)
  Path Group:             (none)
  Path Type:              Max at Slow Process Corner
  Data Path Delay:        7.486ns  (logic 4.002ns (53.467%)  route 3.483ns (46.533%))
  Logic Levels:           1  (OBUF=1)
  Clock Uncertainty:      0.150ns  ((TSJ^2 + DJ^2)^1/2) / 2 + PE
    Total System Jitter     (TSJ):    0.050ns
    Discrete Jitter          (DJ):    0.115ns
    Phase Error              (PE):    0.087ns

    Location             Delay type                Incr(ns)  Path(ns)    Netlist Resource(s)
  -------------------------------------------------------------------    -------------------
                         (clock clk_100MHz_o_ClkGen rise edge)
                                                      0.000     0.000 r  
    E3                                                0.000     0.000 r  clk_i (IN)
                         net (fo=0)                   0.000     0.000    Inst_ClkGen/inst/clk_100MHz_i
    E3                   IBUF (Prop_ibuf_I_O)         1.482     1.482 r  Inst_ClkGen/inst/clkin1_ibufg/O
                         net (fo=1, routed)           1.233     2.715    Inst_ClkGen/inst/clk_100MHz_i_ClkGen
    MMCME2_ADV_X1Y2      MMCME2_ADV (Prop_mmcme2_adv_CLKIN1_CLKOUT0)
                                                     -7.070    -4.355 r  Inst_ClkGen/inst/mmcm_adv_inst/CLKOUT0
                         net (fo=1, routed)           1.719    -2.636    Inst_ClkGen/inst/clk_100MHz_o_ClkGen
    BUFGCTRL_X0Y16       BUFG (Prop_bufg_I_O)         0.096    -2.540 r  Inst_ClkGen/inst/clkout1_buf/O
                         net (fo=358, routed)         1.617    -0.923    Inst_VGA/clk_100MHz_o
    SLICE_X71Y105        FDRE                                         r  Inst_VGA/vga_green_reg_reg[2]/C
  -------------------------------------------------------------------    -------------------
    SLICE_X71Y105        FDRE (Prop_fdre_C_Q)         0.456    -0.467 r  Inst_VGA/vga_green_reg_reg[2]/Q
                         net (fo=1, routed)           3.483     3.016    vga_green_o_OBUF[2]
    B6                   OBUF (Prop_obuf_I_O)         3.546     6.563 r  vga_green_o_OBUF[2]_inst/O
                         net (fo=0)                   0.000     6.563    vga_green_o[2]
    B6                                                                r  vga_green_o[2] (OUT)
  -------------------------------------------------------------------    -------------------

Slack:                    inf
  Source:                 Inst_VGA/vga_green_reg_reg[1]/C
                            (rising edge-triggered cell FDRE clocked by clk_100MHz_o_ClkGen  {rise@0.000ns fall@4.632ns period=9.263ns})
  Destination:            vga_green_o[1]
                            (output port)
  Path Group:             (none)
  Path Type:              Max at Slow Process Corner
  Data Path Delay:        7.384ns  (logic 4.001ns (54.176%)  route 3.384ns (45.824%))
  Logic Levels:           1  (OBUF=1)
  Clock Uncertainty:      0.150ns  ((TSJ^2 + DJ^2)^1/2) / 2 + PE
    Total System Jitter     (TSJ):    0.050ns
    Discrete Jitter          (DJ):    0.115ns
    Phase Error              (PE):    0.087ns

    Location             Delay type                Incr(ns)  Path(ns)    Netlist Resource(s)
  -------------------------------------------------------------------    -------------------
                         (clock clk_100MHz_o_ClkGen rise edge)
                                                      0.000     0.000 r  
    E3                                                0.000     0.000 r  clk_i (IN)
                         net (fo=0)                   0.000     0.000    Inst_ClkGen/inst/clk_100MHz_i
    E3                   IBUF (Prop_ibuf_I_O)         1.482     1.482 r  Inst_ClkGen/inst/clkin1_ibufg/O
                         net (fo=1, routed)           1.233     2.715    Inst_ClkGen/inst/clk_100MHz_i_ClkGen
    MMCME2_ADV_X1Y2      MMCME2_ADV (Prop_mmcme2_adv_CLKIN1_CLKOUT0)
                                                     -7.070    -4.355 r  Inst_ClkGen/inst/mmcm_adv_inst/CLKOUT0
                         net (fo=1, routed)           1.719    -2.636    Inst_ClkGen/inst/clk_100MHz_o_ClkGen
    BUFGCTRL_X0Y16       BUFG (Prop_bufg_I_O)         0.096    -2.540 r  Inst_ClkGen/inst/clkout1_buf/O
                         net (fo=358, routed)         1.699    -0.841    Inst_VGA/clk_100MHz_o
    SLICE_X73Y104        FDRE                                         r  Inst_VGA/vga_green_reg_reg[1]/C
  -------------------------------------------------------------------    -------------------
    SLICE_X73Y104        FDRE (Prop_fdre_C_Q)         0.456    -0.385 r  Inst_VGA/vga_green_reg_reg[1]/Q
                         net (fo=1, routed)           3.384     2.999    vga_green_o_OBUF[1]
    A5                   OBUF (Prop_obuf_I_O)         3.545     6.543 r  vga_green_o_OBUF[1]_inst/O
                         net (fo=0)                   0.000     6.543    vga_green_o[1]
    A5                                                                r  vga_green_o[1] (OUT)
  -------------------------------------------------------------------    -------------------

Slack:                    inf
  Source:                 Inst_VGA/vga_blue_reg_reg[1]/C
                            (rising edge-triggered cell FDRE clocked by clk_100MHz_o_ClkGen  {rise@0.000ns fall@4.632ns period=9.263ns})
  Destination:            vga_blue_o[1]
                            (output port)
  Path Group:             (none)
  Path Type:              Max at Slow Process Corner
  Data Path Delay:        7.380ns  (logic 4.007ns (54.302%)  route 3.372ns (45.698%))
  Logic Levels:           1  (OBUF=1)
  Clock Uncertainty:      0.150ns  ((TSJ^2 + DJ^2)^1/2) / 2 + PE
    Total System Jitter     (TSJ):    0.050ns
    Discrete Jitter          (DJ):    0.115ns
    Phase Error              (PE):    0.087ns

    Location             Delay type                Incr(ns)  Path(ns)    Netlist Resource(s)
  -------------------------------------------------------------------    -------------------
                         (clock clk_100MHz_o_ClkGen rise edge)
                                                      0.000     0.000 r  
    E3                                                0.000     0.000 r  clk_i (IN)
                         net (fo=0)                   0.000     0.000    Inst_ClkGen/inst/clk_100MHz_i
    E3                   IBUF (Prop_ibuf_I_O)         1.482     1.482 r  Inst_ClkGen/inst/clkin1_ibufg/O
                         net (fo=1, routed)           1.233     2.715    Inst_ClkGen/inst/clk_100MHz_i_ClkGen
    MMCME2_ADV_X1Y2      MMCME2_ADV (Prop_mmcme2_adv_CLKIN1_CLKOUT0)
                                                     -7.070    -4.355 r  Inst_ClkGen/inst/mmcm_adv_inst/CLKOUT0
                         net (fo=1, routed)           1.719    -2.636    Inst_ClkGen/inst/clk_100MHz_o_ClkGen
    BUFGCTRL_X0Y16       BUFG (Prop_bufg_I_O)         0.096    -2.540 r  Inst_ClkGen/inst/clkout1_buf/O
                         net (fo=358, routed)         1.699    -0.841    Inst_VGA/clk_100MHz_o
    SLICE_X72Y104        FDRE                                         r  Inst_VGA/vga_blue_reg_reg[1]/C
  -------------------------------------------------------------------    -------------------
    SLICE_X72Y104        FDRE (Prop_fdre_C_Q)         0.456    -0.385 r  Inst_VGA/vga_blue_reg_reg[1]/Q
                         net (fo=1, routed)           3.372     2.987    vga_blue_o_OBUF[1]
    C7                   OBUF (Prop_obuf_I_O)         3.551     6.538 r  vga_blue_o_OBUF[1]_inst/O
                         net (fo=0)                   0.000     6.538    vga_blue_o[1]
    C7                                                                r  vga_blue_o[1] (OUT)
  -------------------------------------------------------------------    -------------------

Slack:                    inf
  Source:                 Inst_VGA/vga_blue_reg_reg[2]/C
                            (rising edge-triggered cell FDRE clocked by clk_100MHz_o_ClkGen  {rise@0.000ns fall@4.632ns period=9.263ns})
  Destination:            vga_blue_o[2]
                            (output port)
  Path Group:             (none)
  Path Type:              Max at Slow Process Corner
  Data Path Delay:        7.296ns  (logic 3.979ns (54.542%)  route 3.317ns (45.458%))
  Logic Levels:           1  (OBUF=1)
  Clock Uncertainty:      0.150ns  ((TSJ^2 + DJ^2)^1/2) / 2 + PE
    Total System Jitter     (TSJ):    0.050ns
    Discrete Jitter          (DJ):    0.115ns
    Phase Error              (PE):    0.087ns

    Location             Delay type                Incr(ns)  Path(ns)    Netlist Resource(s)
  -------------------------------------------------------------------    -------------------
                         (clock clk_100MHz_o_ClkGen rise edge)
                                                      0.000     0.000 r  
    E3                                                0.000     0.000 r  clk_i (IN)
                         net (fo=0)                   0.000     0.000    Inst_ClkGen/inst/clk_100MHz_i
    E3                   IBUF (Prop_ibuf_I_O)         1.482     1.482 r  Inst_ClkGen/inst/clkin1_ibufg/O
                         net (fo=1, routed)           1.233     2.715    Inst_ClkGen/inst/clk_100MHz_i_ClkGen
    MMCME2_ADV_X1Y2      MMCME2_ADV (Prop_mmcme2_adv_CLKIN1_CLKOUT0)
                                                     -7.070    -4.355 r  Inst_ClkGen/inst/mmcm_adv_inst/CLKOUT0
                         net (fo=1, routed)           1.719    -2.636    Inst_ClkGen/inst/clk_100MHz_o_ClkGen
    BUFGCTRL_X0Y16       BUFG (Prop_bufg_I_O)         0.096    -2.540 r  Inst_ClkGen/inst/clkout1_buf/O
                         net (fo=358, routed)         1.699    -0.841    Inst_VGA/clk_100MHz_o
    SLICE_X73Y104        FDRE                                         r  Inst_VGA/vga_blue_reg_reg[2]/C
  -------------------------------------------------------------------    -------------------
    SLICE_X73Y104        FDRE (Prop_fdre_C_Q)         0.456    -0.385 r  Inst_VGA/vga_blue_reg_reg[2]/Q
                         net (fo=1, routed)           3.317     2.932    vga_blue_o_OBUF[2]
    D7                   OBUF (Prop_obuf_I_O)         3.523     6.455 r  vga_blue_o_OBUF[2]_inst/O
                         net (fo=0)                   0.000     6.455    vga_blue_o[2]
    D7                                                                r  vga_blue_o[2] (OUT)
  -------------------------------------------------------------------    -------------------





Min Delay Paths
--------------------------------------------------------------------------------------
Slack:                    inf
  Source:                 Inst_VGA/vga_red_reg_reg[3]/C
                            (rising edge-triggered cell FDRE clocked by clk_100MHz_o_ClkGen  {rise@0.000ns fall@4.632ns period=9.263ns})
  Destination:            vga_red_o[3]
                            (output port)
  Path Group:             (none)
  Path Type:              Min at Fast Process Corner
  Data Path Delay:        2.382ns  (logic 1.393ns (58.481%)  route 0.989ns (41.519%))
  Logic Levels:           1  (OBUF=1)
  Clock Uncertainty:      0.150ns  ((TSJ^2 + DJ^2)^1/2) / 2 + PE
    Total System Jitter     (TSJ):    0.050ns
    Discrete Jitter          (DJ):    0.115ns
    Phase Error              (PE):    0.087ns

    Location             Delay type                Incr(ns)  Path(ns)    Netlist Resource(s)
  -------------------------------------------------------------------    -------------------
                         (clock clk_100MHz_o_ClkGen rise edge)
                                                      0.000     0.000 r  
    E3                                                0.000     0.000 r  clk_i (IN)
                         net (fo=0)                   0.000     0.000    Inst_ClkGen/inst/clk_100MHz_i
    E3                   IBUF (Prop_ibuf_I_O)         0.250     0.250 r  Inst_ClkGen/inst/clkin1_ibufg/O
                         net (fo=1, routed)           0.440     0.690    Inst_ClkGen/inst/clk_100MHz_i_ClkGen
    MMCME2_ADV_X1Y2      MMCME2_ADV (Prop_mmcme2_adv_CLKIN1_CLKOUT0)
                                                     -2.379    -1.689 r  Inst_ClkGen/inst/mmcm_adv_inst/CLKOUT0
                         net (fo=1, routed)           0.499    -1.190    Inst_ClkGen/inst/clk_100MHz_o_ClkGen
    BUFGCTRL_X0Y16       BUFG (Prop_bufg_I_O)         0.026    -1.164 r  Inst_ClkGen/inst/clkout1_buf/O
                         net (fo=358, routed)         0.589    -0.575    Inst_VGA/clk_100MHz_o
    SLICE_X72Y105        FDRE                                         r  Inst_VGA/vga_red_reg_reg[3]/C
  -------------------------------------------------------------------    -------------------
    SLICE_X72Y105        FDRE (Prop_fdre_C_Q)         0.141    -0.434 r  Inst_VGA/vga_red_reg_reg[3]/Q
                         net (fo=1, routed)           0.989     0.555    vga_red_o_OBUF[3]
    A4                   OBUF (Prop_obuf_I_O)         1.252     1.807 r  vga_red_o_OBUF[3]_inst/O
                         net (fo=0)                   0.000     1.807    vga_red_o[3]
    A4                                                                r  vga_red_o[3] (OUT)
  -------------------------------------------------------------------    -------------------

Slack:                    inf
  Source:                 Inst_VGA/vga_red_reg_reg[0]/C
                            (rising edge-triggered cell FDRE clocked by clk_100MHz_o_ClkGen  {rise@0.000ns fall@4.632ns period=9.263ns})
  Destination:            vga_red_o[0]
                            (output port)
  Path Group:             (none)
  Path Type:              Min at Fast Process Corner
  Data Path Delay:        2.435ns  (logic 1.395ns (57.309%)  route 1.040ns (42.691%))
  Logic Levels:           1  (OBUF=1)
  Clock Uncertainty:      0.150ns  ((TSJ^2 + DJ^2)^1/2) / 2 + PE
    Total System Jitter     (TSJ):    0.050ns
    Discrete Jitter          (DJ):    0.115ns
    Phase Error              (PE):    0.087ns

    Location             Delay type                Incr(ns)  Path(ns)    Netlist Resource(s)
  -------------------------------------------------------------------    -------------------
                         (clock clk_100MHz_o_ClkGen rise edge)
                                                      0.000     0.000 r  
    E3                                                0.000     0.000 r  clk_i (IN)
                         net (fo=0)                   0.000     0.000    Inst_ClkGen/inst/clk_100MHz_i
    E3                   IBUF (Prop_ibuf_I_O)         0.250     0.250 r  Inst_ClkGen/inst/clkin1_ibufg/O
                         net (fo=1, routed)           0.440     0.690    Inst_ClkGen/inst/clk_100MHz_i_ClkGen
    MMCME2_ADV_X1Y2      MMCME2_ADV (Prop_mmcme2_adv_CLKIN1_CLKOUT0)
                                                     -2.379    -1.689 r  Inst_ClkGen/inst/mmcm_adv_inst/CLKOUT0
                         net (fo=1, routed)           0.499    -1.190    Inst_ClkGen/inst/clk_100MHz_o_ClkGen
    BUFGCTRL_X0Y16       BUFG (Prop_bufg_I_O)         0.026    -1.164 r  Inst_ClkGen/inst/clkout1_buf/O
                         net (fo=358, routed)         0.589    -0.575    Inst_VGA/clk_100MHz_o
    SLICE_X72Y104        FDRE                                         r  Inst_VGA/vga_red_reg_reg[0]/C
  -------------------------------------------------------------------    -------------------
    SLICE_X72Y104        FDRE (Prop_fdre_C_Q)         0.141    -0.434 r  Inst_VGA/vga_red_reg_reg[0]/Q
                         net (fo=1, routed)           1.040     0.605    vga_red_o_OBUF[0]
    A3                   OBUF (Prop_obuf_I_O)         1.254     1.860 r  vga_red_o_OBUF[0]_inst/O
                         net (fo=0)                   0.000     1.860    vga_red_o[0]
    A3                                                                r  vga_red_o[0] (OUT)
  -------------------------------------------------------------------    -------------------

Slack:                    inf
  Source:                 Inst_VGA/vga_blue_reg_reg[3]/C
                            (rising edge-triggered cell FDRE clocked by clk_100MHz_o_ClkGen  {rise@0.000ns fall@4.632ns period=9.263ns})
  Destination:            vga_blue_o[3]
                            (output port)
  Path Group:             (none)
  Path Type:              Min at Fast Process Corner
  Data Path Delay:        2.466ns  (logic 1.393ns (56.489%)  route 1.073ns (43.511%))
  Logic Levels:           1  (OBUF=1)
  Clock Uncertainty:      0.150ns  ((TSJ^2 + DJ^2)^1/2) / 2 + PE
    Total System Jitter     (TSJ):    0.050ns
    Discrete Jitter          (DJ):    0.115ns
    Phase Error              (PE):    0.087ns

    Location             Delay type                Incr(ns)  Path(ns)    Netlist Resource(s)
  -------------------------------------------------------------------    -------------------
                         (clock clk_100MHz_o_ClkGen rise edge)
                                                      0.000     0.000 r  
    E3                                                0.000     0.000 r  clk_i (IN)
                         net (fo=0)                   0.000     0.000    Inst_ClkGen/inst/clk_100MHz_i
    E3                   IBUF (Prop_ibuf_I_O)         0.250     0.250 r  Inst_ClkGen/inst/clkin1_ibufg/O
                         net (fo=1, routed)           0.440     0.690    Inst_ClkGen/inst/clk_100MHz_i_ClkGen
    MMCME2_ADV_X1Y2      MMCME2_ADV (Prop_mmcme2_adv_CLKIN1_CLKOUT0)
                                                     -2.379    -1.689 r  Inst_ClkGen/inst/mmcm_adv_inst/CLKOUT0
                         net (fo=1, routed)           0.499    -1.190    Inst_ClkGen/inst/clk_100MHz_o_ClkGen
    BUFGCTRL_X0Y16       BUFG (Prop_bufg_I_O)         0.026    -1.164 r  Inst_ClkGen/inst/clkout1_buf/O
                         net (fo=358, routed)         0.589    -0.575    Inst_VGA/clk_100MHz_o
    SLICE_X72Y104        FDRE                                         r  Inst_VGA/vga_blue_reg_reg[3]/C
  -------------------------------------------------------------------    -------------------
    SLICE_X72Y104        FDRE (Prop_fdre_C_Q)         0.141    -0.434 r  Inst_VGA/vga_blue_reg_reg[3]/Q
                         net (fo=1, routed)           1.073     0.639    vga_blue_o_OBUF[3]
    D8                   OBUF (Prop_obuf_I_O)         1.252     1.891 r  vga_blue_o_OBUF[3]_inst/O
                         net (fo=0)                   0.000     1.891    vga_blue_o[3]
    D8                                                                r  vga_blue_o[3] (OUT)
  -------------------------------------------------------------------    -------------------

Slack:                    inf
  Source:                 Inst_VGA/vga_blue_reg_reg[2]/C
                            (rising edge-triggered cell FDRE clocked by clk_100MHz_o_ClkGen  {rise@0.000ns fall@4.632ns period=9.263ns})
  Destination:            vga_blue_o[2]
                            (output port)
  Path Group:             (none)
  Path Type:              Min at Fast Process Corner
  Data Path Delay:        2.473ns  (logic 1.365ns (55.210%)  route 1.108ns (44.790%))
  Logic Levels:           1  (OBUF=1)
  Clock Uncertainty:      0.150ns  ((TSJ^2 + DJ^2)^1/2) / 2 + PE
    Total System Jitter     (TSJ):    0.050ns
    Discrete Jitter          (DJ):    0.115ns
    Phase Error              (PE):    0.087ns

    Location             Delay type                Incr(ns)  Path(ns)    Netlist Resource(s)
  -------------------------------------------------------------------    -------------------
                         (clock clk_100MHz_o_ClkGen rise edge)
                                                      0.000     0.000 r  
    E3                                                0.000     0.000 r  clk_i (IN)
                         net (fo=0)                   0.000     0.000    Inst_ClkGen/inst/clk_100MHz_i
    E3                   IBUF (Prop_ibuf_I_O)         0.250     0.250 r  Inst_ClkGen/inst/clkin1_ibufg/O
                         net (fo=1, routed)           0.440     0.690    Inst_ClkGen/inst/clk_100MHz_i_ClkGen
    MMCME2_ADV_X1Y2      MMCME2_ADV (Prop_mmcme2_adv_CLKIN1_CLKOUT0)
                                                     -2.379    -1.689 r  Inst_ClkGen/inst/mmcm_adv_inst/CLKOUT0
                         net (fo=1, routed)           0.499    -1.190    Inst_ClkGen/inst/clk_100MHz_o_ClkGen
    BUFGCTRL_X0Y16       BUFG (Prop_bufg_I_O)         0.026    -1.164 r  Inst_ClkGen/inst/clkout1_buf/O
                         net (fo=358, routed)         0.589    -0.575    Inst_VGA/clk_100MHz_o
    SLICE_X73Y104        FDRE                                         r  Inst_VGA/vga_blue_reg_reg[2]/C
  -------------------------------------------------------------------    -------------------
    SLICE_X73Y104        FDRE (Prop_fdre_C_Q)         0.141    -0.434 r  Inst_VGA/vga_blue_reg_reg[2]/Q
                         net (fo=1, routed)           1.108     0.674    vga_blue_o_OBUF[2]
    D7                   OBUF (Prop_obuf_I_O)         1.224     1.898 r  vga_blue_o_OBUF[2]_inst/O
                         net (fo=0)                   0.000     1.898    vga_blue_o[2]
    D7                                                                r  vga_blue_o[2] (OUT)
  -------------------------------------------------------------------    -------------------

Slack:                    inf
  Source:                 Inst_VGA/vga_red_reg_reg[1]/C
                            (rising edge-triggered cell FDRE clocked by clk_100MHz_o_ClkGen  {rise@0.000ns fall@4.632ns period=9.263ns})
  Destination:            vga_red_o[1]
                            (output port)
  Path Group:             (none)
  Path Type:              Min at Fast Process Corner
  Data Path Delay:        2.540ns  (logic 1.390ns (54.733%)  route 1.150ns (45.267%))
  Logic Levels:           1  (OBUF=1)
  Clock Uncertainty:      0.150ns  ((TSJ^2 + DJ^2)^1/2) / 2 + PE
    Total System Jitter     (TSJ):    0.050ns
    Discrete Jitter          (DJ):    0.115ns
    Phase Error              (PE):    0.087ns

    Location             Delay type                Incr(ns)  Path(ns)    Netlist Resource(s)
  -------------------------------------------------------------------    -------------------
                         (clock clk_100MHz_o_ClkGen rise edge)
                                                      0.000     0.000 r  
    E3                                                0.000     0.000 r  clk_i (IN)
                         net (fo=0)                   0.000     0.000    Inst_ClkGen/inst/clk_100MHz_i
    E3                   IBUF (Prop_ibuf_I_O)         0.250     0.250 r  Inst_ClkGen/inst/clkin1_ibufg/O
                         net (fo=1, routed)           0.440     0.690    Inst_ClkGen/inst/clk_100MHz_i_ClkGen
    MMCME2_ADV_X1Y2      MMCME2_ADV (Prop_mmcme2_adv_CLKIN1_CLKOUT0)
                                                     -2.379    -1.689 r  Inst_ClkGen/inst/mmcm_adv_inst/CLKOUT0
                         net (fo=1, routed)           0.499    -1.190    Inst_ClkGen/inst/clk_100MHz_o_ClkGen
    BUFGCTRL_X0Y16       BUFG (Prop_bufg_I_O)         0.026    -1.164 r  Inst_ClkGen/inst/clkout1_buf/O
                         net (fo=358, routed)         0.562    -0.602    Inst_VGA/clk_100MHz_o
    SLICE_X71Y105        FDRE                                         r  Inst_VGA/vga_red_reg_reg[1]/C
  -------------------------------------------------------------------    -------------------
    SLICE_X71Y105        FDRE (Prop_fdre_C_Q)         0.141    -0.461 r  Inst_VGA/vga_red_reg_reg[1]/Q
                         net (fo=1, routed)           1.150     0.688    vga_red_o_OBUF[1]
    B4                   OBUF (Prop_obuf_I_O)         1.249     1.937 r  vga_red_o_OBUF[1]_inst/O
                         net (fo=0)                   0.000     1.937    vga_red_o[1]
    B4                                                                r  vga_red_o[1] (OUT)
  -------------------------------------------------------------------    -------------------

Slack:                    inf
  Source:                 Inst_VGA/vga_blue_reg_reg[1]/C
                            (rising edge-triggered cell FDRE clocked by clk_100MHz_o_ClkGen  {rise@0.000ns fall@4.632ns period=9.263ns})
  Destination:            vga_blue_o[1]
                            (output port)
  Path Group:             (none)
  Path Type:              Min at Fast Process Corner
  Data Path Delay:        2.531ns  (logic 1.393ns (55.031%)  route 1.138ns (44.969%))
  Logic Levels:           1  (OBUF=1)
  Clock Uncertainty:      0.150ns  ((TSJ^2 + DJ^2)^1/2) / 2 + PE
    Total System Jitter     (TSJ):    0.050ns
    Discrete Jitter          (DJ):    0.115ns
    Phase Error              (PE):    0.087ns

    Location             Delay type                Incr(ns)  Path(ns)    Netlist Resource(s)
  -------------------------------------------------------------------    -------------------
                         (clock clk_100MHz_o_ClkGen rise edge)
                                                      0.000     0.000 r  
    E3                                                0.000     0.000 r  clk_i (IN)
                         net (fo=0)                   0.000     0.000    Inst_ClkGen/inst/clk_100MHz_i
    E3                   IBUF (Prop_ibuf_I_O)         0.250     0.250 r  Inst_ClkGen/inst/clkin1_ibufg/O
                         net (fo=1, routed)           0.440     0.690    Inst_ClkGen/inst/clk_100MHz_i_ClkGen
    MMCME2_ADV_X1Y2      MMCME2_ADV (Prop_mmcme2_adv_CLKIN1_CLKOUT0)
                                                     -2.379    -1.689 r  Inst_ClkGen/inst/mmcm_adv_inst/CLKOUT0
                         net (fo=1, routed)           0.499    -1.190    Inst_ClkGen/inst/clk_100MHz_o_ClkGen
    BUFGCTRL_X0Y16       BUFG (Prop_bufg_I_O)         0.026    -1.164 r  Inst_ClkGen/inst/clkout1_buf/O
                         net (fo=358, routed)         0.589    -0.575    Inst_VGA/clk_100MHz_o
    SLICE_X72Y104        FDRE                                         r  Inst_VGA/vga_blue_reg_reg[1]/C
  -------------------------------------------------------------------    -------------------
    SLICE_X72Y104        FDRE (Prop_fdre_C_Q)         0.141    -0.434 r  Inst_VGA/vga_blue_reg_reg[1]/Q
                         net (fo=1, routed)           1.138     0.704    vga_blue_o_OBUF[1]
    C7                   OBUF (Prop_obuf_I_O)         1.252     1.956 r  vga_blue_o_OBUF[1]_inst/O
                         net (fo=0)                   0.000     1.956    vga_blue_o[1]
    C7                                                                r  vga_blue_o[1] (OUT)
  -------------------------------------------------------------------    -------------------

Slack:                    inf
  Source:                 Inst_VGA/vga_green_reg_reg[1]/C
                            (rising edge-triggered cell FDRE clocked by clk_100MHz_o_ClkGen  {rise@0.000ns fall@4.632ns period=9.263ns})
  Destination:            vga_green_o[1]
                            (output port)
  Path Group:             (none)
  Path Type:              Min at Fast Process Corner
  Data Path Delay:        2.531ns  (logic 1.386ns (54.770%)  route 1.145ns (45.230%))
  Logic Levels:           1  (OBUF=1)
  Clock Uncertainty:      0.150ns  ((TSJ^2 + DJ^2)^1/2) / 2 + PE
    Total System Jitter     (TSJ):    0.050ns
    Discrete Jitter          (DJ):    0.115ns
    Phase Error              (PE):    0.087ns

    Location             Delay type                Incr(ns)  Path(ns)    Netlist Resource(s)
  -------------------------------------------------------------------    -------------------
                         (clock clk_100MHz_o_ClkGen rise edge)
                                                      0.000     0.000 r  
    E3                                                0.000     0.000 r  clk_i (IN)
                         net (fo=0)                   0.000     0.000    Inst_ClkGen/inst/clk_100MHz_i
    E3                   IBUF (Prop_ibuf_I_O)         0.250     0.250 r  Inst_ClkGen/inst/clkin1_ibufg/O
                         net (fo=1, routed)           0.440     0.690    Inst_ClkGen/inst/clk_100MHz_i_ClkGen
    MMCME2_ADV_X1Y2      MMCME2_ADV (Prop_mmcme2_adv_CLKIN1_CLKOUT0)
                                                     -2.379    -1.689 r  Inst_ClkGen/inst/mmcm_adv_inst/CLKOUT0
                         net (fo=1, routed)           0.499    -1.190    Inst_ClkGen/inst/clk_100MHz_o_ClkGen
    BUFGCTRL_X0Y16       BUFG (Prop_bufg_I_O)         0.026    -1.164 r  Inst_ClkGen/inst/clkout1_buf/O
                         net (fo=358, routed)         0.589    -0.575    Inst_VGA/clk_100MHz_o
    SLICE_X73Y104        FDRE                                         r  Inst_VGA/vga_green_reg_reg[1]/C
  -------------------------------------------------------------------    -------------------
    SLICE_X73Y104        FDRE (Prop_fdre_C_Q)         0.141    -0.434 r  Inst_VGA/vga_green_reg_reg[1]/Q
                         net (fo=1, routed)           1.145     0.711    vga_green_o_OBUF[1]
    A5                   OBUF (Prop_obuf_I_O)         1.245     1.956 r  vga_green_o_OBUF[1]_inst/O
                         net (fo=0)                   0.000     1.956    vga_green_o[1]
    A5                                                                r  vga_green_o[1] (OUT)
  -------------------------------------------------------------------    -------------------

Slack:                    inf
  Source:                 Inst_VGA/vga_blue_reg_reg[0]/C
                            (rising edge-triggered cell FDRE clocked by clk_100MHz_o_ClkGen  {rise@0.000ns fall@4.632ns period=9.263ns})
  Destination:            vga_blue_o[0]
                            (output port)
  Path Group:             (none)
  Path Type:              Min at Fast Process Corner
  Data Path Delay:        2.534ns  (logic 1.389ns (54.808%)  route 1.145ns (45.192%))
  Logic Levels:           1  (OBUF=1)
  Clock Uncertainty:      0.150ns  ((TSJ^2 + DJ^2)^1/2) / 2 + PE
    Total System Jitter     (TSJ):    0.050ns
    Discrete Jitter          (DJ):    0.115ns
    Phase Error              (PE):    0.087ns

    Location             Delay type                Incr(ns)  Path(ns)    Netlist Resource(s)
  -------------------------------------------------------------------    -------------------
                         (clock clk_100MHz_o_ClkGen rise edge)
                                                      0.000     0.000 r  
    E3                                                0.000     0.000 r  clk_i (IN)
                         net (fo=0)                   0.000     0.000    Inst_ClkGen/inst/clk_100MHz_i
    E3                   IBUF (Prop_ibuf_I_O)         0.250     0.250 r  Inst_ClkGen/inst/clkin1_ibufg/O
                         net (fo=1, routed)           0.440     0.690    Inst_ClkGen/inst/clk_100MHz_i_ClkGen
    MMCME2_ADV_X1Y2      MMCME2_ADV (Prop_mmcme2_adv_CLKIN1_CLKOUT0)
                                                     -2.379    -1.689 r  Inst_ClkGen/inst/mmcm_adv_inst/CLKOUT0
                         net (fo=1, routed)           0.499    -1.190    Inst_ClkGen/inst/clk_100MHz_o_ClkGen
    BUFGCTRL_X0Y16       BUFG (Prop_bufg_I_O)         0.026    -1.164 r  Inst_ClkGen/inst/clkout1_buf/O
                         net (fo=358, routed)         0.589    -0.575    Inst_VGA/clk_100MHz_o
    SLICE_X73Y104        FDRE                                         r  Inst_VGA/vga_blue_reg_reg[0]/C
  -------------------------------------------------------------------    -------------------
    SLICE_X73Y104        FDRE (Prop_fdre_C_Q)         0.141    -0.434 r  Inst_VGA/vga_blue_reg_reg[0]/Q
                         net (fo=1, routed)           1.145     0.711    vga_blue_o_OBUF[0]
    B7                   OBUF (Prop_obuf_I_O)         1.248     1.959 r  vga_blue_o_OBUF[0]_inst/O
                         net (fo=0)                   0.000     1.959    vga_blue_o[0]
    B7                                                                r  vga_blue_o[0] (OUT)
  -------------------------------------------------------------------    -------------------

Slack:                    inf
  Source:                 Inst_VGA/vga_green_reg_reg[2]/C
                            (rising edge-triggered cell FDRE clocked by clk_100MHz_o_ClkGen  {rise@0.000ns fall@4.632ns period=9.263ns})
  Destination:            vga_green_o[2]
                            (output port)
  Path Group:             (none)
  Path Type:              Min at Fast Process Corner
  Data Path Delay:        2.610ns  (logic 1.388ns (53.174%)  route 1.222ns (46.826%))
  Logic Levels:           1  (OBUF=1)
  Clock Uncertainty:      0.150ns  ((TSJ^2 + DJ^2)^1/2) / 2 + PE
    Total System Jitter     (TSJ):    0.050ns
    Discrete Jitter          (DJ):    0.115ns
    Phase Error              (PE):    0.087ns

    Location             Delay type                Incr(ns)  Path(ns)    Netlist Resource(s)
  -------------------------------------------------------------------    -------------------
                         (clock clk_100MHz_o_ClkGen rise edge)
                                                      0.000     0.000 r  
    E3                                                0.000     0.000 r  clk_i (IN)
                         net (fo=0)                   0.000     0.000    Inst_ClkGen/inst/clk_100MHz_i
    E3                   IBUF (Prop_ibuf_I_O)         0.250     0.250 r  Inst_ClkGen/inst/clkin1_ibufg/O
                         net (fo=1, routed)           0.440     0.690    Inst_ClkGen/inst/clk_100MHz_i_ClkGen
    MMCME2_ADV_X1Y2      MMCME2_ADV (Prop_mmcme2_adv_CLKIN1_CLKOUT0)
                                                     -2.379    -1.689 r  Inst_ClkGen/inst/mmcm_adv_inst/CLKOUT0
                         net (fo=1, routed)           0.499    -1.190    Inst_ClkGen/inst/clk_100MHz_o_ClkGen
    BUFGCTRL_X0Y16       BUFG (Prop_bufg_I_O)         0.026    -1.164 r  Inst_ClkGen/inst/clkout1_buf/O
                         net (fo=358, routed)         0.562    -0.602    Inst_VGA/clk_100MHz_o
    SLICE_X71Y105        FDRE                                         r  Inst_VGA/vga_green_reg_reg[2]/C
  -------------------------------------------------------------------    -------------------
    SLICE_X71Y105        FDRE (Prop_fdre_C_Q)         0.141    -0.461 r  Inst_VGA/vga_green_reg_reg[2]/Q
                         net (fo=1, routed)           1.222     0.761    vga_green_o_OBUF[2]
    B6                   OBUF (Prop_obuf_I_O)         1.247     2.008 r  vga_green_o_OBUF[2]_inst/O
                         net (fo=0)                   0.000     2.008    vga_green_o[2]
    B6                                                                r  vga_green_o[2] (OUT)
  -------------------------------------------------------------------    -------------------

Slack:                    inf
  Source:                 Inst_VGA/vga_green_reg_reg[3]/C
                            (rising edge-triggered cell FDRE clocked by clk_100MHz_o_ClkGen  {rise@0.000ns fall@4.632ns period=9.263ns})
  Destination:            vga_green_o[3]
                            (output port)
  Path Group:             (none)
  Path Type:              Min at Fast Process Corner
  Data Path Delay:        2.593ns  (logic 1.388ns (53.536%)  route 1.205ns (46.464%))
  Logic Levels:           1  (OBUF=1)
  Clock Uncertainty:      0.150ns  ((TSJ^2 + DJ^2)^1/2) / 2 + PE
    Total System Jitter     (TSJ):    0.050ns
    Discrete Jitter          (DJ):    0.115ns
    Phase Error              (PE):    0.087ns

    Location             Delay type                Incr(ns)  Path(ns)    Netlist Resource(s)
  -------------------------------------------------------------------    -------------------
                         (clock clk_100MHz_o_ClkGen rise edge)
                                                      0.000     0.000 r  
    E3                                                0.000     0.000 r  clk_i (IN)
                         net (fo=0)                   0.000     0.000    Inst_ClkGen/inst/clk_100MHz_i
    E3                   IBUF (Prop_ibuf_I_O)         0.250     0.250 r  Inst_ClkGen/inst/clkin1_ibufg/O
                         net (fo=1, routed)           0.440     0.690    Inst_ClkGen/inst/clk_100MHz_i_ClkGen
    MMCME2_ADV_X1Y2      MMCME2_ADV (Prop_mmcme2_adv_CLKIN1_CLKOUT0)
                                                     -2.379    -1.689 r  Inst_ClkGen/inst/mmcm_adv_inst/CLKOUT0
                         net (fo=1, routed)           0.499    -1.190    Inst_ClkGen/inst/clk_100MHz_o_ClkGen
    BUFGCTRL_X0Y16       BUFG (Prop_bufg_I_O)         0.026    -1.164 r  Inst_ClkGen/inst/clkout1_buf/O
                         net (fo=358, routed)         0.589    -0.575    Inst_VGA/clk_100MHz_o
    SLICE_X72Y104        FDRE                                         r  Inst_VGA/vga_green_reg_reg[3]/C
  -------------------------------------------------------------------    -------------------
    SLICE_X72Y104        FDRE (Prop_fdre_C_Q)         0.141    -0.434 r  Inst_VGA/vga_green_reg_reg[3]/Q
                         net (fo=1, routed)           1.205     0.771    vga_green_o_OBUF[3]
    A6                   OBUF (Prop_obuf_I_O)         1.247     2.018 r  vga_green_o_OBUF[3]_inst/O
                         net (fo=0)                   0.000     2.018    vga_green_o[3]
    A6                                                                r  vga_green_o[3] (OUT)
  -------------------------------------------------------------------    -------------------





--------------------------------------------------------------------------------------
Path Group:  (none)
From Clock:  clk_100MHz_o_ClkGen_1
  To Clock:  

Max Delay            14 Endpoints
Min Delay            14 Endpoints
--------------------------------------------------------------------------------------


Max Delay Paths
--------------------------------------------------------------------------------------
Slack:                    inf
  Source:                 Inst_VGA/h_sync_reg_dly_reg/C
                            (rising edge-triggered cell FDRE clocked by clk_100MHz_o_ClkGen_1  {rise@0.000ns fall@4.632ns period=9.263ns})
  Destination:            vga_hs_o
                            (output port)
  Path Group:             (none)
  Path Type:              Max at Slow Process Corner
  Data Path Delay:        8.414ns  (logic 4.214ns (50.078%)  route 4.200ns (49.922%))
  Logic Levels:           1  (OBUF=1)
  Clock Uncertainty:      0.149ns  ((TSJ^2 + DJ^2)^1/2) / 2 + PE
    Total System Jitter     (TSJ):    0.050ns
    Discrete Jitter          (DJ):    0.113ns
    Phase Error              (PE):    0.087ns

    Location             Delay type                Incr(ns)  Path(ns)    Netlist Resource(s)
  -------------------------------------------------------------------    -------------------
                         (clock clk_100MHz_o_ClkGen_1 rise edge)
                                                      0.000     0.000 r  
    E3                                                0.000     0.000 r  clk_i (IN)
                         net (fo=0)                   0.000     0.000    Inst_ClkGen/inst/clk_100MHz_i
    E3                   IBUF (Prop_ibuf_I_O)         1.482     1.482 r  Inst_ClkGen/inst/clkin1_ibufg/O
                         net (fo=1, routed)           1.233     2.715    Inst_ClkGen/inst/clk_100MHz_i_ClkGen
    MMCME2_ADV_X1Y2      MMCME2_ADV (Prop_mmcme2_adv_CLKIN1_CLKOUT0)
                                                     -7.070    -4.355 r  Inst_ClkGen/inst/mmcm_adv_inst/CLKOUT0
                         net (fo=1, routed)           1.719    -2.636    Inst_ClkGen/inst/clk_100MHz_o_ClkGen
    BUFGCTRL_X0Y16       BUFG (Prop_bufg_I_O)         0.096    -2.540 r  Inst_ClkGen/inst/clkout1_buf/O
                         net (fo=358, routed)         1.615    -0.925    Inst_VGA/clk_100MHz_o
    SLICE_X62Y108        FDRE                                         r  Inst_VGA/h_sync_reg_dly_reg/C
  -------------------------------------------------------------------    -------------------
    SLICE_X62Y108        FDRE (Prop_fdre_C_Q)         0.478    -0.447 r  Inst_VGA/h_sync_reg_dly_reg/Q
                         net (fo=1, routed)           4.200     3.753    vga_hs_o_OBUF
    B11                  OBUF (Prop_obuf_I_O)         3.736     7.489 r  vga_hs_o_OBUF_inst/O
                         net (fo=0)                   0.000     7.489    vga_hs_o
    B11                                                               r  vga_hs_o (OUT)
  -------------------------------------------------------------------    -------------------

Slack:                    inf
  Source:                 Inst_VGA/vga_green_reg_reg[0]/C
                            (rising edge-triggered cell FDRE clocked by clk_100MHz_o_ClkGen_1  {rise@0.000ns fall@4.632ns period=9.263ns})
  Destination:            vga_green_o[0]
                            (output port)
  Path Group:             (none)
  Path Type:              Max at Slow Process Corner
  Data Path Delay:        7.796ns  (logic 3.994ns (51.233%)  route 3.802ns (48.767%))
  Logic Levels:           1  (OBUF=1)
  Clock Uncertainty:      0.149ns  ((TSJ^2 + DJ^2)^1/2) / 2 + PE
    Total System Jitter     (TSJ):    0.050ns
    Discrete Jitter          (DJ):    0.113ns
    Phase Error              (PE):    0.087ns

    Location             Delay type                Incr(ns)  Path(ns)    Netlist Resource(s)
  -------------------------------------------------------------------    -------------------
                         (clock clk_100MHz_o_ClkGen_1 rise edge)
                                                      0.000     0.000 r  
    E3                                                0.000     0.000 r  clk_i (IN)
                         net (fo=0)                   0.000     0.000    Inst_ClkGen/inst/clk_100MHz_i
    E3                   IBUF (Prop_ibuf_I_O)         1.482     1.482 r  Inst_ClkGen/inst/clkin1_ibufg/O
                         net (fo=1, routed)           1.233     2.715    Inst_ClkGen/inst/clk_100MHz_i_ClkGen
    MMCME2_ADV_X1Y2      MMCME2_ADV (Prop_mmcme2_adv_CLKIN1_CLKOUT0)
                                                     -7.070    -4.355 r  Inst_ClkGen/inst/mmcm_adv_inst/CLKOUT0
                         net (fo=1, routed)           1.719    -2.636    Inst_ClkGen/inst/clk_100MHz_o_ClkGen
    BUFGCTRL_X0Y16       BUFG (Prop_bufg_I_O)         0.096    -2.540 r  Inst_ClkGen/inst/clkout1_buf/O
                         net (fo=358, routed)         1.617    -0.923    Inst_VGA/clk_100MHz_o
    SLICE_X71Y105        FDRE                                         r  Inst_VGA/vga_green_reg_reg[0]/C
  -------------------------------------------------------------------    -------------------
    SLICE_X71Y105        FDRE (Prop_fdre_C_Q)         0.456    -0.467 r  Inst_VGA/vga_green_reg_reg[0]/Q
                         net (fo=1, routed)           3.802     3.335    vga_green_o_OBUF[0]
    C6                   OBUF (Prop_obuf_I_O)         3.538     6.873 r  vga_green_o_OBUF[0]_inst/O
                         net (fo=0)                   0.000     6.873    vga_green_o[0]
    C6                                                                r  vga_green_o[0] (OUT)
  -------------------------------------------------------------------    -------------------

Slack:                    inf
  Source:                 Inst_VGA/v_sync_reg_dly_reg/C
                            (rising edge-triggered cell FDRE clocked by clk_100MHz_o_ClkGen_1  {rise@0.000ns fall@4.632ns period=9.263ns})
  Destination:            vga_vs_o
                            (output port)
  Path Group:             (none)
  Path Type:              Max at Slow Process Corner
  Data Path Delay:        7.765ns  (logic 4.021ns (51.787%)  route 3.744ns (48.213%))
  Logic Levels:           1  (OBUF=1)
  Clock Uncertainty:      0.149ns  ((TSJ^2 + DJ^2)^1/2) / 2 + PE
    Total System Jitter     (TSJ):    0.050ns
    Discrete Jitter          (DJ):    0.113ns
    Phase Error              (PE):    0.087ns

    Location             Delay type                Incr(ns)  Path(ns)    Netlist Resource(s)
  -------------------------------------------------------------------    -------------------
                         (clock clk_100MHz_o_ClkGen_1 rise edge)
                                                      0.000     0.000 r  
    E3                                                0.000     0.000 r  clk_i (IN)
                         net (fo=0)                   0.000     0.000    Inst_ClkGen/inst/clk_100MHz_i
    E3                   IBUF (Prop_ibuf_I_O)         1.482     1.482 r  Inst_ClkGen/inst/clkin1_ibufg/O
                         net (fo=1, routed)           1.233     2.715    Inst_ClkGen/inst/clk_100MHz_i_ClkGen
    MMCME2_ADV_X1Y2      MMCME2_ADV (Prop_mmcme2_adv_CLKIN1_CLKOUT0)
                                                     -7.070    -4.355 r  Inst_ClkGen/inst/mmcm_adv_inst/CLKOUT0
                         net (fo=1, routed)           1.719    -2.636    Inst_ClkGen/inst/clk_100MHz_o_ClkGen
    BUFGCTRL_X0Y16       BUFG (Prop_bufg_I_O)         0.096    -2.540 r  Inst_ClkGen/inst/clkout1_buf/O
                         net (fo=358, routed)         1.599    -0.941    Inst_VGA/clk_100MHz_o
    SLICE_X65Y126        FDRE                                         r  Inst_VGA/v_sync_reg_dly_reg/C
  -------------------------------------------------------------------    -------------------
    SLICE_X65Y126        FDRE (Prop_fdre_C_Q)         0.456    -0.485 r  Inst_VGA/v_sync_reg_dly_reg/Q
                         net (fo=1, routed)           3.744     3.259    vga_vs_o_OBUF
    B12                  OBUF (Prop_obuf_I_O)         3.565     6.824 r  vga_vs_o_OBUF_inst/O
                         net (fo=0)                   0.000     6.824    vga_vs_o
    B12                                                               r  vga_vs_o (OUT)
  -------------------------------------------------------------------    -------------------

Slack:                    inf
  Source:                 Inst_VGA/vga_red_reg_reg[2]/C
                            (rising edge-triggered cell FDRE clocked by clk_100MHz_o_ClkGen_1  {rise@0.000ns fall@4.632ns period=9.263ns})
  Destination:            vga_red_o[2]
                            (output port)
  Path Group:             (none)
  Path Type:              Max at Slow Process Corner
  Data Path Delay:        7.573ns  (logic 3.991ns (52.702%)  route 3.582ns (47.298%))
  Logic Levels:           1  (OBUF=1)
  Clock Uncertainty:      0.149ns  ((TSJ^2 + DJ^2)^1/2) / 2 + PE
    Total System Jitter     (TSJ):    0.050ns
    Discrete Jitter          (DJ):    0.113ns
    Phase Error              (PE):    0.087ns

    Location             Delay type                Incr(ns)  Path(ns)    Netlist Resource(s)
  -------------------------------------------------------------------    -------------------
                         (clock clk_100MHz_o_ClkGen_1 rise edge)
                                                      0.000     0.000 r  
    E3                                                0.000     0.000 r  clk_i (IN)
                         net (fo=0)                   0.000     0.000    Inst_ClkGen/inst/clk_100MHz_i
    E3                   IBUF (Prop_ibuf_I_O)         1.482     1.482 r  Inst_ClkGen/inst/clkin1_ibufg/O
                         net (fo=1, routed)           1.233     2.715    Inst_ClkGen/inst/clk_100MHz_i_ClkGen
    MMCME2_ADV_X1Y2      MMCME2_ADV (Prop_mmcme2_adv_CLKIN1_CLKOUT0)
                                                     -7.070    -4.355 r  Inst_ClkGen/inst/mmcm_adv_inst/CLKOUT0
                         net (fo=1, routed)           1.719    -2.636    Inst_ClkGen/inst/clk_100MHz_o_ClkGen
    BUFGCTRL_X0Y16       BUFG (Prop_bufg_I_O)         0.096    -2.540 r  Inst_ClkGen/inst/clkout1_buf/O
                         net (fo=358, routed)         1.699    -0.841    Inst_VGA/clk_100MHz_o
    SLICE_X73Y104        FDRE                                         r  Inst_VGA/vga_red_reg_reg[2]/C
  -------------------------------------------------------------------    -------------------
    SLICE_X73Y104        FDRE (Prop_fdre_C_Q)         0.456    -0.385 r  Inst_VGA/vga_red_reg_reg[2]/Q
                         net (fo=1, routed)           3.582     3.197    vga_red_o_OBUF[2]
    C5                   OBUF (Prop_obuf_I_O)         3.535     6.732 r  vga_red_o_OBUF[2]_inst/O
                         net (fo=0)                   0.000     6.732    vga_red_o[2]
    C5                                                                r  vga_red_o[2] (OUT)
  -------------------------------------------------------------------    -------------------

Slack:                    inf
  Source:                 Inst_VGA/vga_green_reg_reg[3]/C
                            (rising edge-triggered cell FDRE clocked by clk_100MHz_o_ClkGen_1  {rise@0.000ns fall@4.632ns period=9.263ns})
  Destination:            vga_green_o[3]
                            (output port)
  Path Group:             (none)
  Path Type:              Max at Slow Process Corner
  Data Path Delay:        7.536ns  (logic 4.002ns (53.109%)  route 3.534ns (46.891%))
  Logic Levels:           1  (OBUF=1)
  Clock Uncertainty:      0.149ns  ((TSJ^2 + DJ^2)^1/2) / 2 + PE
    Total System Jitter     (TSJ):    0.050ns
    Discrete Jitter          (DJ):    0.113ns
    Phase Error              (PE):    0.087ns

    Location             Delay type                Incr(ns)  Path(ns)    Netlist Resource(s)
  -------------------------------------------------------------------    -------------------
                         (clock clk_100MHz_o_ClkGen_1 rise edge)
                                                      0.000     0.000 r  
    E3                                                0.000     0.000 r  clk_i (IN)
                         net (fo=0)                   0.000     0.000    Inst_ClkGen/inst/clk_100MHz_i
    E3                   IBUF (Prop_ibuf_I_O)         1.482     1.482 r  Inst_ClkGen/inst/clkin1_ibufg/O
                         net (fo=1, routed)           1.233     2.715    Inst_ClkGen/inst/clk_100MHz_i_ClkGen
    MMCME2_ADV_X1Y2      MMCME2_ADV (Prop_mmcme2_adv_CLKIN1_CLKOUT0)
                                                     -7.070    -4.355 r  Inst_ClkGen/inst/mmcm_adv_inst/CLKOUT0
                         net (fo=1, routed)           1.719    -2.636    Inst_ClkGen/inst/clk_100MHz_o_ClkGen
    BUFGCTRL_X0Y16       BUFG (Prop_bufg_I_O)         0.096    -2.540 r  Inst_ClkGen/inst/clkout1_buf/O
                         net (fo=358, routed)         1.699    -0.841    Inst_VGA/clk_100MHz_o
    SLICE_X72Y104        FDRE                                         r  Inst_VGA/vga_green_reg_reg[3]/C
  -------------------------------------------------------------------    -------------------
    SLICE_X72Y104        FDRE (Prop_fdre_C_Q)         0.456    -0.385 r  Inst_VGA/vga_green_reg_reg[3]/Q
                         net (fo=1, routed)           3.534     3.149    vga_green_o_OBUF[3]
    A6                   OBUF (Prop_obuf_I_O)         3.546     6.695 r  vga_green_o_OBUF[3]_inst/O
                         net (fo=0)                   0.000     6.695    vga_green_o[3]
    A6                                                                r  vga_green_o[3] (OUT)
  -------------------------------------------------------------------    -------------------

Slack:                    inf
  Source:                 Inst_VGA/vga_blue_reg_reg[0]/C
                            (rising edge-triggered cell FDRE clocked by clk_100MHz_o_ClkGen_1  {rise@0.000ns fall@4.632ns period=9.263ns})
  Destination:            vga_blue_o[0]
                            (output port)
  Path Group:             (none)
  Path Type:              Max at Slow Process Corner
  Data Path Delay:        7.408ns  (logic 4.003ns (54.035%)  route 3.405ns (45.965%))
  Logic Levels:           1  (OBUF=1)
  Clock Uncertainty:      0.149ns  ((TSJ^2 + DJ^2)^1/2) / 2 + PE
    Total System Jitter     (TSJ):    0.050ns
    Discrete Jitter          (DJ):    0.113ns
    Phase Error              (PE):    0.087ns

    Location             Delay type                Incr(ns)  Path(ns)    Netlist Resource(s)
  -------------------------------------------------------------------    -------------------
                         (clock clk_100MHz_o_ClkGen_1 rise edge)
                                                      0.000     0.000 r  
    E3                                                0.000     0.000 r  clk_i (IN)
                         net (fo=0)                   0.000     0.000    Inst_ClkGen/inst/clk_100MHz_i
    E3                   IBUF (Prop_ibuf_I_O)         1.482     1.482 r  Inst_ClkGen/inst/clkin1_ibufg/O
                         net (fo=1, routed)           1.233     2.715    Inst_ClkGen/inst/clk_100MHz_i_ClkGen
    MMCME2_ADV_X1Y2      MMCME2_ADV (Prop_mmcme2_adv_CLKIN1_CLKOUT0)
                                                     -7.070    -4.355 r  Inst_ClkGen/inst/mmcm_adv_inst/CLKOUT0
                         net (fo=1, routed)           1.719    -2.636    Inst_ClkGen/inst/clk_100MHz_o_ClkGen
    BUFGCTRL_X0Y16       BUFG (Prop_bufg_I_O)         0.096    -2.540 r  Inst_ClkGen/inst/clkout1_buf/O
                         net (fo=358, routed)         1.699    -0.841    Inst_VGA/clk_100MHz_o
    SLICE_X73Y104        FDRE                                         r  Inst_VGA/vga_blue_reg_reg[0]/C
  -------------------------------------------------------------------    -------------------
    SLICE_X73Y104        FDRE (Prop_fdre_C_Q)         0.456    -0.385 r  Inst_VGA/vga_blue_reg_reg[0]/Q
                         net (fo=1, routed)           3.405     3.020    vga_blue_o_OBUF[0]
    B7                   OBUF (Prop_obuf_I_O)         3.547     6.567 r  vga_blue_o_OBUF[0]_inst/O
                         net (fo=0)                   0.000     6.567    vga_blue_o[0]
    B7                                                                r  vga_blue_o[0] (OUT)
  -------------------------------------------------------------------    -------------------

Slack:                    inf
  Source:                 Inst_VGA/vga_green_reg_reg[2]/C
                            (rising edge-triggered cell FDRE clocked by clk_100MHz_o_ClkGen_1  {rise@0.000ns fall@4.632ns period=9.263ns})
  Destination:            vga_green_o[2]
                            (output port)
  Path Group:             (none)
  Path Type:              Max at Slow Process Corner
  Data Path Delay:        7.486ns  (logic 4.002ns (53.467%)  route 3.483ns (46.533%))
  Logic Levels:           1  (OBUF=1)
  Clock Uncertainty:      0.149ns  ((TSJ^2 + DJ^2)^1/2) / 2 + PE
    Total System Jitter     (TSJ):    0.050ns
    Discrete Jitter          (DJ):    0.113ns
    Phase Error              (PE):    0.087ns

    Location             Delay type                Incr(ns)  Path(ns)    Netlist Resource(s)
  -------------------------------------------------------------------    -------------------
                         (clock clk_100MHz_o_ClkGen_1 rise edge)
                                                      0.000     0.000 r  
    E3                                                0.000     0.000 r  clk_i (IN)
                         net (fo=0)                   0.000     0.000    Inst_ClkGen/inst/clk_100MHz_i
    E3                   IBUF (Prop_ibuf_I_O)         1.482     1.482 r  Inst_ClkGen/inst/clkin1_ibufg/O
                         net (fo=1, routed)           1.233     2.715    Inst_ClkGen/inst/clk_100MHz_i_ClkGen
    MMCME2_ADV_X1Y2      MMCME2_ADV (Prop_mmcme2_adv_CLKIN1_CLKOUT0)
                                                     -7.070    -4.355 r  Inst_ClkGen/inst/mmcm_adv_inst/CLKOUT0
                         net (fo=1, routed)           1.719    -2.636    Inst_ClkGen/inst/clk_100MHz_o_ClkGen
    BUFGCTRL_X0Y16       BUFG (Prop_bufg_I_O)         0.096    -2.540 r  Inst_ClkGen/inst/clkout1_buf/O
                         net (fo=358, routed)         1.617    -0.923    Inst_VGA/clk_100MHz_o
    SLICE_X71Y105        FDRE                                         r  Inst_VGA/vga_green_reg_reg[2]/C
  -------------------------------------------------------------------    -------------------
    SLICE_X71Y105        FDRE (Prop_fdre_C_Q)         0.456    -0.467 r  Inst_VGA/vga_green_reg_reg[2]/Q
                         net (fo=1, routed)           3.483     3.016    vga_green_o_OBUF[2]
    B6                   OBUF (Prop_obuf_I_O)         3.546     6.563 r  vga_green_o_OBUF[2]_inst/O
                         net (fo=0)                   0.000     6.563    vga_green_o[2]
    B6                                                                r  vga_green_o[2] (OUT)
  -------------------------------------------------------------------    -------------------

Slack:                    inf
  Source:                 Inst_VGA/vga_green_reg_reg[1]/C
                            (rising edge-triggered cell FDRE clocked by clk_100MHz_o_ClkGen_1  {rise@0.000ns fall@4.632ns period=9.263ns})
  Destination:            vga_green_o[1]
                            (output port)
  Path Group:             (none)
  Path Type:              Max at Slow Process Corner
  Data Path Delay:        7.384ns  (logic 4.001ns (54.176%)  route 3.384ns (45.824%))
  Logic Levels:           1  (OBUF=1)
  Clock Uncertainty:      0.149ns  ((TSJ^2 + DJ^2)^1/2) / 2 + PE
    Total System Jitter     (TSJ):    0.050ns
    Discrete Jitter          (DJ):    0.113ns
    Phase Error              (PE):    0.087ns

    Location             Delay type                Incr(ns)  Path(ns)    Netlist Resource(s)
  -------------------------------------------------------------------    -------------------
                         (clock clk_100MHz_o_ClkGen_1 rise edge)
                                                      0.000     0.000 r  
    E3                                                0.000     0.000 r  clk_i (IN)
                         net (fo=0)                   0.000     0.000    Inst_ClkGen/inst/clk_100MHz_i
    E3                   IBUF (Prop_ibuf_I_O)         1.482     1.482 r  Inst_ClkGen/inst/clkin1_ibufg/O
                         net (fo=1, routed)           1.233     2.715    Inst_ClkGen/inst/clk_100MHz_i_ClkGen
    MMCME2_ADV_X1Y2      MMCME2_ADV (Prop_mmcme2_adv_CLKIN1_CLKOUT0)
                                                     -7.070    -4.355 r  Inst_ClkGen/inst/mmcm_adv_inst/CLKOUT0
                         net (fo=1, routed)           1.719    -2.636    Inst_ClkGen/inst/clk_100MHz_o_ClkGen
    BUFGCTRL_X0Y16       BUFG (Prop_bufg_I_O)         0.096    -2.540 r  Inst_ClkGen/inst/clkout1_buf/O
                         net (fo=358, routed)         1.699    -0.841    Inst_VGA/clk_100MHz_o
    SLICE_X73Y104        FDRE                                         r  Inst_VGA/vga_green_reg_reg[1]/C
  -------------------------------------------------------------------    -------------------
    SLICE_X73Y104        FDRE (Prop_fdre_C_Q)         0.456    -0.385 r  Inst_VGA/vga_green_reg_reg[1]/Q
                         net (fo=1, routed)           3.384     2.999    vga_green_o_OBUF[1]
    A5                   OBUF (Prop_obuf_I_O)         3.545     6.543 r  vga_green_o_OBUF[1]_inst/O
                         net (fo=0)                   0.000     6.543    vga_green_o[1]
    A5                                                                r  vga_green_o[1] (OUT)
  -------------------------------------------------------------------    -------------------

Slack:                    inf
  Source:                 Inst_VGA/vga_blue_reg_reg[1]/C
                            (rising edge-triggered cell FDRE clocked by clk_100MHz_o_ClkGen_1  {rise@0.000ns fall@4.632ns period=9.263ns})
  Destination:            vga_blue_o[1]
                            (output port)
  Path Group:             (none)
  Path Type:              Max at Slow Process Corner
  Data Path Delay:        7.380ns  (logic 4.007ns (54.302%)  route 3.372ns (45.698%))
  Logic Levels:           1  (OBUF=1)
  Clock Uncertainty:      0.149ns  ((TSJ^2 + DJ^2)^1/2) / 2 + PE
    Total System Jitter     (TSJ):    0.050ns
    Discrete Jitter          (DJ):    0.113ns
    Phase Error              (PE):    0.087ns

    Location             Delay type                Incr(ns)  Path(ns)    Netlist Resource(s)
  -------------------------------------------------------------------    -------------------
                         (clock clk_100MHz_o_ClkGen_1 rise edge)
                                                      0.000     0.000 r  
    E3                                                0.000     0.000 r  clk_i (IN)
                         net (fo=0)                   0.000     0.000    Inst_ClkGen/inst/clk_100MHz_i
    E3                   IBUF (Prop_ibuf_I_O)         1.482     1.482 r  Inst_ClkGen/inst/clkin1_ibufg/O
                         net (fo=1, routed)           1.233     2.715    Inst_ClkGen/inst/clk_100MHz_i_ClkGen
    MMCME2_ADV_X1Y2      MMCME2_ADV (Prop_mmcme2_adv_CLKIN1_CLKOUT0)
                                                     -7.070    -4.355 r  Inst_ClkGen/inst/mmcm_adv_inst/CLKOUT0
                         net (fo=1, routed)           1.719    -2.636    Inst_ClkGen/inst/clk_100MHz_o_ClkGen
    BUFGCTRL_X0Y16       BUFG (Prop_bufg_I_O)         0.096    -2.540 r  Inst_ClkGen/inst/clkout1_buf/O
                         net (fo=358, routed)         1.699    -0.841    Inst_VGA/clk_100MHz_o
    SLICE_X72Y104        FDRE                                         r  Inst_VGA/vga_blue_reg_reg[1]/C
  -------------------------------------------------------------------    -------------------
    SLICE_X72Y104        FDRE (Prop_fdre_C_Q)         0.456    -0.385 r  Inst_VGA/vga_blue_reg_reg[1]/Q
                         net (fo=1, routed)           3.372     2.987    vga_blue_o_OBUF[1]
    C7                   OBUF (Prop_obuf_I_O)         3.551     6.538 r  vga_blue_o_OBUF[1]_inst/O
                         net (fo=0)                   0.000     6.538    vga_blue_o[1]
    C7                                                                r  vga_blue_o[1] (OUT)
  -------------------------------------------------------------------    -------------------

Slack:                    inf
  Source:                 Inst_VGA/vga_blue_reg_reg[2]/C
                            (rising edge-triggered cell FDRE clocked by clk_100MHz_o_ClkGen_1  {rise@0.000ns fall@4.632ns period=9.263ns})
  Destination:            vga_blue_o[2]
                            (output port)
  Path Group:             (none)
  Path Type:              Max at Slow Process Corner
  Data Path Delay:        7.296ns  (logic 3.979ns (54.542%)  route 3.317ns (45.458%))
  Logic Levels:           1  (OBUF=1)
  Clock Uncertainty:      0.149ns  ((TSJ^2 + DJ^2)^1/2) / 2 + PE
    Total System Jitter     (TSJ):    0.050ns
    Discrete Jitter          (DJ):    0.113ns
    Phase Error              (PE):    0.087ns

    Location             Delay type                Incr(ns)  Path(ns)    Netlist Resource(s)
  -------------------------------------------------------------------    -------------------
                         (clock clk_100MHz_o_ClkGen_1 rise edge)
                                                      0.000     0.000 r  
    E3                                                0.000     0.000 r  clk_i (IN)
                         net (fo=0)                   0.000     0.000    Inst_ClkGen/inst/clk_100MHz_i
    E3                   IBUF (Prop_ibuf_I_O)         1.482     1.482 r  Inst_ClkGen/inst/clkin1_ibufg/O
                         net (fo=1, routed)           1.233     2.715    Inst_ClkGen/inst/clk_100MHz_i_ClkGen
    MMCME2_ADV_X1Y2      MMCME2_ADV (Prop_mmcme2_adv_CLKIN1_CLKOUT0)
                                                     -7.070    -4.355 r  Inst_ClkGen/inst/mmcm_adv_inst/CLKOUT0
                         net (fo=1, routed)           1.719    -2.636    Inst_ClkGen/inst/clk_100MHz_o_ClkGen
    BUFGCTRL_X0Y16       BUFG (Prop_bufg_I_O)         0.096    -2.540 r  Inst_ClkGen/inst/clkout1_buf/O
                         net (fo=358, routed)         1.699    -0.841    Inst_VGA/clk_100MHz_o
    SLICE_X73Y104        FDRE                                         r  Inst_VGA/vga_blue_reg_reg[2]/C
  -------------------------------------------------------------------    -------------------
    SLICE_X73Y104        FDRE (Prop_fdre_C_Q)         0.456    -0.385 r  Inst_VGA/vga_blue_reg_reg[2]/Q
                         net (fo=1, routed)           3.317     2.932    vga_blue_o_OBUF[2]
    D7                   OBUF (Prop_obuf_I_O)         3.523     6.455 r  vga_blue_o_OBUF[2]_inst/O
                         net (fo=0)                   0.000     6.455    vga_blue_o[2]
    D7                                                                r  vga_blue_o[2] (OUT)
  -------------------------------------------------------------------    -------------------





Min Delay Paths
--------------------------------------------------------------------------------------
Slack:                    inf
  Source:                 Inst_VGA/vga_red_reg_reg[3]/C
                            (rising edge-triggered cell FDRE clocked by clk_100MHz_o_ClkGen_1  {rise@0.000ns fall@4.632ns period=9.263ns})
  Destination:            vga_red_o[3]
                            (output port)
  Path Group:             (none)
  Path Type:              Min at Fast Process Corner
  Data Path Delay:        2.382ns  (logic 1.393ns (58.481%)  route 0.989ns (41.519%))
  Logic Levels:           1  (OBUF=1)
  Clock Uncertainty:      0.149ns  ((TSJ^2 + DJ^2)^1/2) / 2 + PE
    Total System Jitter     (TSJ):    0.050ns
    Discrete Jitter          (DJ):    0.113ns
    Phase Error              (PE):    0.087ns

    Location             Delay type                Incr(ns)  Path(ns)    Netlist Resource(s)
  -------------------------------------------------------------------    -------------------
                         (clock clk_100MHz_o_ClkGen_1 rise edge)
                                                      0.000     0.000 r  
    E3                                                0.000     0.000 r  clk_i (IN)
                         net (fo=0)                   0.000     0.000    Inst_ClkGen/inst/clk_100MHz_i
    E3                   IBUF (Prop_ibuf_I_O)         0.250     0.250 r  Inst_ClkGen/inst/clkin1_ibufg/O
                         net (fo=1, routed)           0.440     0.690    Inst_ClkGen/inst/clk_100MHz_i_ClkGen
    MMCME2_ADV_X1Y2      MMCME2_ADV (Prop_mmcme2_adv_CLKIN1_CLKOUT0)
                                                     -2.379    -1.689 r  Inst_ClkGen/inst/mmcm_adv_inst/CLKOUT0
                         net (fo=1, routed)           0.499    -1.190    Inst_ClkGen/inst/clk_100MHz_o_ClkGen
    BUFGCTRL_X0Y16       BUFG (Prop_bufg_I_O)         0.026    -1.164 r  Inst_ClkGen/inst/clkout1_buf/O
                         net (fo=358, routed)         0.589    -0.575    Inst_VGA/clk_100MHz_o
    SLICE_X72Y105        FDRE                                         r  Inst_VGA/vga_red_reg_reg[3]/C
  -------------------------------------------------------------------    -------------------
    SLICE_X72Y105        FDRE (Prop_fdre_C_Q)         0.141    -0.434 r  Inst_VGA/vga_red_reg_reg[3]/Q
                         net (fo=1, routed)           0.989     0.555    vga_red_o_OBUF[3]
    A4                   OBUF (Prop_obuf_I_O)         1.252     1.807 r  vga_red_o_OBUF[3]_inst/O
                         net (fo=0)                   0.000     1.807    vga_red_o[3]
    A4                                                                r  vga_red_o[3] (OUT)
  -------------------------------------------------------------------    -------------------

Slack:                    inf
  Source:                 Inst_VGA/vga_red_reg_reg[0]/C
                            (rising edge-triggered cell FDRE clocked by clk_100MHz_o_ClkGen_1  {rise@0.000ns fall@4.632ns period=9.263ns})
  Destination:            vga_red_o[0]
                            (output port)
  Path Group:             (none)
  Path Type:              Min at Fast Process Corner
  Data Path Delay:        2.435ns  (logic 1.395ns (57.309%)  route 1.040ns (42.691%))
  Logic Levels:           1  (OBUF=1)
  Clock Uncertainty:      0.149ns  ((TSJ^2 + DJ^2)^1/2) / 2 + PE
    Total System Jitter     (TSJ):    0.050ns
    Discrete Jitter          (DJ):    0.113ns
    Phase Error              (PE):    0.087ns

    Location             Delay type                Incr(ns)  Path(ns)    Netlist Resource(s)
  -------------------------------------------------------------------    -------------------
                         (clock clk_100MHz_o_ClkGen_1 rise edge)
                                                      0.000     0.000 r  
    E3                                                0.000     0.000 r  clk_i (IN)
                         net (fo=0)                   0.000     0.000    Inst_ClkGen/inst/clk_100MHz_i
    E3                   IBUF (Prop_ibuf_I_O)         0.250     0.250 r  Inst_ClkGen/inst/clkin1_ibufg/O
                         net (fo=1, routed)           0.440     0.690    Inst_ClkGen/inst/clk_100MHz_i_ClkGen
    MMCME2_ADV_X1Y2      MMCME2_ADV (Prop_mmcme2_adv_CLKIN1_CLKOUT0)
                                                     -2.379    -1.689 r  Inst_ClkGen/inst/mmcm_adv_inst/CLKOUT0
                         net (fo=1, routed)           0.499    -1.190    Inst_ClkGen/inst/clk_100MHz_o_ClkGen
    BUFGCTRL_X0Y16       BUFG (Prop_bufg_I_O)         0.026    -1.164 r  Inst_ClkGen/inst/clkout1_buf/O
                         net (fo=358, routed)         0.589    -0.575    Inst_VGA/clk_100MHz_o
    SLICE_X72Y104        FDRE                                         r  Inst_VGA/vga_red_reg_reg[0]/C
  -------------------------------------------------------------------    -------------------
    SLICE_X72Y104        FDRE (Prop_fdre_C_Q)         0.141    -0.434 r  Inst_VGA/vga_red_reg_reg[0]/Q
                         net (fo=1, routed)           1.040     0.605    vga_red_o_OBUF[0]
    A3                   OBUF (Prop_obuf_I_O)         1.254     1.860 r  vga_red_o_OBUF[0]_inst/O
                         net (fo=0)                   0.000     1.860    vga_red_o[0]
    A3                                                                r  vga_red_o[0] (OUT)
  -------------------------------------------------------------------    -------------------

Slack:                    inf
  Source:                 Inst_VGA/vga_blue_reg_reg[3]/C
                            (rising edge-triggered cell FDRE clocked by clk_100MHz_o_ClkGen_1  {rise@0.000ns fall@4.632ns period=9.263ns})
  Destination:            vga_blue_o[3]
                            (output port)
  Path Group:             (none)
  Path Type:              Min at Fast Process Corner
  Data Path Delay:        2.466ns  (logic 1.393ns (56.489%)  route 1.073ns (43.511%))
  Logic Levels:           1  (OBUF=1)
  Clock Uncertainty:      0.149ns  ((TSJ^2 + DJ^2)^1/2) / 2 + PE
    Total System Jitter     (TSJ):    0.050ns
    Discrete Jitter          (DJ):    0.113ns
    Phase Error              (PE):    0.087ns

    Location             Delay type                Incr(ns)  Path(ns)    Netlist Resource(s)
  -------------------------------------------------------------------    -------------------
                         (clock clk_100MHz_o_ClkGen_1 rise edge)
                                                      0.000     0.000 r  
    E3                                                0.000     0.000 r  clk_i (IN)
                         net (fo=0)                   0.000     0.000    Inst_ClkGen/inst/clk_100MHz_i
    E3                   IBUF (Prop_ibuf_I_O)         0.250     0.250 r  Inst_ClkGen/inst/clkin1_ibufg/O
                         net (fo=1, routed)           0.440     0.690    Inst_ClkGen/inst/clk_100MHz_i_ClkGen
    MMCME2_ADV_X1Y2      MMCME2_ADV (Prop_mmcme2_adv_CLKIN1_CLKOUT0)
                                                     -2.379    -1.689 r  Inst_ClkGen/inst/mmcm_adv_inst/CLKOUT0
                         net (fo=1, routed)           0.499    -1.190    Inst_ClkGen/inst/clk_100MHz_o_ClkGen
    BUFGCTRL_X0Y16       BUFG (Prop_bufg_I_O)         0.026    -1.164 r  Inst_ClkGen/inst/clkout1_buf/O
                         net (fo=358, routed)         0.589    -0.575    Inst_VGA/clk_100MHz_o
    SLICE_X72Y104        FDRE                                         r  Inst_VGA/vga_blue_reg_reg[3]/C
  -------------------------------------------------------------------    -------------------
    SLICE_X72Y104        FDRE (Prop_fdre_C_Q)         0.141    -0.434 r  Inst_VGA/vga_blue_reg_reg[3]/Q
                         net (fo=1, routed)           1.073     0.639    vga_blue_o_OBUF[3]
    D8                   OBUF (Prop_obuf_I_O)         1.252     1.891 r  vga_blue_o_OBUF[3]_inst/O
                         net (fo=0)                   0.000     1.891    vga_blue_o[3]
    D8                                                                r  vga_blue_o[3] (OUT)
  -------------------------------------------------------------------    -------------------

Slack:                    inf
  Source:                 Inst_VGA/vga_blue_reg_reg[2]/C
                            (rising edge-triggered cell FDRE clocked by clk_100MHz_o_ClkGen_1  {rise@0.000ns fall@4.632ns period=9.263ns})
  Destination:            vga_blue_o[2]
                            (output port)
  Path Group:             (none)
  Path Type:              Min at Fast Process Corner
  Data Path Delay:        2.473ns  (logic 1.365ns (55.210%)  route 1.108ns (44.790%))
  Logic Levels:           1  (OBUF=1)
  Clock Uncertainty:      0.149ns  ((TSJ^2 + DJ^2)^1/2) / 2 + PE
    Total System Jitter     (TSJ):    0.050ns
    Discrete Jitter          (DJ):    0.113ns
    Phase Error              (PE):    0.087ns

    Location             Delay type                Incr(ns)  Path(ns)    Netlist Resource(s)
  -------------------------------------------------------------------    -------------------
                         (clock clk_100MHz_o_ClkGen_1 rise edge)
                                                      0.000     0.000 r  
    E3                                                0.000     0.000 r  clk_i (IN)
                         net (fo=0)                   0.000     0.000    Inst_ClkGen/inst/clk_100MHz_i
    E3                   IBUF (Prop_ibuf_I_O)         0.250     0.250 r  Inst_ClkGen/inst/clkin1_ibufg/O
                         net (fo=1, routed)           0.440     0.690    Inst_ClkGen/inst/clk_100MHz_i_ClkGen
    MMCME2_ADV_X1Y2      MMCME2_ADV (Prop_mmcme2_adv_CLKIN1_CLKOUT0)
                                                     -2.379    -1.689 r  Inst_ClkGen/inst/mmcm_adv_inst/CLKOUT0
                         net (fo=1, routed)           0.499    -1.190    Inst_ClkGen/inst/clk_100MHz_o_ClkGen
    BUFGCTRL_X0Y16       BUFG (Prop_bufg_I_O)         0.026    -1.164 r  Inst_ClkGen/inst/clkout1_buf/O
                         net (fo=358, routed)         0.589    -0.575    Inst_VGA/clk_100MHz_o
    SLICE_X73Y104        FDRE                                         r  Inst_VGA/vga_blue_reg_reg[2]/C
  -------------------------------------------------------------------    -------------------
    SLICE_X73Y104        FDRE (Prop_fdre_C_Q)         0.141    -0.434 r  Inst_VGA/vga_blue_reg_reg[2]/Q
                         net (fo=1, routed)           1.108     0.674    vga_blue_o_OBUF[2]
    D7                   OBUF (Prop_obuf_I_O)         1.224     1.898 r  vga_blue_o_OBUF[2]_inst/O
                         net (fo=0)                   0.000     1.898    vga_blue_o[2]
    D7                                                                r  vga_blue_o[2] (OUT)
  -------------------------------------------------------------------    -------------------

Slack:                    inf
  Source:                 Inst_VGA/vga_red_reg_reg[1]/C
                            (rising edge-triggered cell FDRE clocked by clk_100MHz_o_ClkGen_1  {rise@0.000ns fall@4.632ns period=9.263ns})
  Destination:            vga_red_o[1]
                            (output port)
  Path Group:             (none)
  Path Type:              Min at Fast Process Corner
  Data Path Delay:        2.540ns  (logic 1.390ns (54.733%)  route 1.150ns (45.267%))
  Logic Levels:           1  (OBUF=1)
  Clock Uncertainty:      0.149ns  ((TSJ^2 + DJ^2)^1/2) / 2 + PE
    Total System Jitter     (TSJ):    0.050ns
    Discrete Jitter          (DJ):    0.113ns
    Phase Error              (PE):    0.087ns

    Location             Delay type                Incr(ns)  Path(ns)    Netlist Resource(s)
  -------------------------------------------------------------------    -------------------
                         (clock clk_100MHz_o_ClkGen_1 rise edge)
                                                      0.000     0.000 r  
    E3                                                0.000     0.000 r  clk_i (IN)
                         net (fo=0)                   0.000     0.000    Inst_ClkGen/inst/clk_100MHz_i
    E3                   IBUF (Prop_ibuf_I_O)         0.250     0.250 r  Inst_ClkGen/inst/clkin1_ibufg/O
                         net (fo=1, routed)           0.440     0.690    Inst_ClkGen/inst/clk_100MHz_i_ClkGen
    MMCME2_ADV_X1Y2      MMCME2_ADV (Prop_mmcme2_adv_CLKIN1_CLKOUT0)
                                                     -2.379    -1.689 r  Inst_ClkGen/inst/mmcm_adv_inst/CLKOUT0
                         net (fo=1, routed)           0.499    -1.190    Inst_ClkGen/inst/clk_100MHz_o_ClkGen
    BUFGCTRL_X0Y16       BUFG (Prop_bufg_I_O)         0.026    -1.164 r  Inst_ClkGen/inst/clkout1_buf/O
                         net (fo=358, routed)         0.562    -0.602    Inst_VGA/clk_100MHz_o
    SLICE_X71Y105        FDRE                                         r  Inst_VGA/vga_red_reg_reg[1]/C
  -------------------------------------------------------------------    -------------------
    SLICE_X71Y105        FDRE (Prop_fdre_C_Q)         0.141    -0.461 r  Inst_VGA/vga_red_reg_reg[1]/Q
                         net (fo=1, routed)           1.150     0.688    vga_red_o_OBUF[1]
    B4                   OBUF (Prop_obuf_I_O)         1.249     1.937 r  vga_red_o_OBUF[1]_inst/O
                         net (fo=0)                   0.000     1.937    vga_red_o[1]
    B4                                                                r  vga_red_o[1] (OUT)
  -------------------------------------------------------------------    -------------------

Slack:                    inf
  Source:                 Inst_VGA/vga_blue_reg_reg[1]/C
                            (rising edge-triggered cell FDRE clocked by clk_100MHz_o_ClkGen_1  {rise@0.000ns fall@4.632ns period=9.263ns})
  Destination:            vga_blue_o[1]
                            (output port)
  Path Group:             (none)
  Path Type:              Min at Fast Process Corner
  Data Path Delay:        2.531ns  (logic 1.393ns (55.031%)  route 1.138ns (44.969%))
  Logic Levels:           1  (OBUF=1)
  Clock Uncertainty:      0.149ns  ((TSJ^2 + DJ^2)^1/2) / 2 + PE
    Total System Jitter     (TSJ):    0.050ns
    Discrete Jitter          (DJ):    0.113ns
    Phase Error              (PE):    0.087ns

    Location             Delay type                Incr(ns)  Path(ns)    Netlist Resource(s)
  -------------------------------------------------------------------    -------------------
                         (clock clk_100MHz_o_ClkGen_1 rise edge)
                                                      0.000     0.000 r  
    E3                                                0.000     0.000 r  clk_i (IN)
                         net (fo=0)                   0.000     0.000    Inst_ClkGen/inst/clk_100MHz_i
    E3                   IBUF (Prop_ibuf_I_O)         0.250     0.250 r  Inst_ClkGen/inst/clkin1_ibufg/O
                         net (fo=1, routed)           0.440     0.690    Inst_ClkGen/inst/clk_100MHz_i_ClkGen
    MMCME2_ADV_X1Y2      MMCME2_ADV (Prop_mmcme2_adv_CLKIN1_CLKOUT0)
                                                     -2.379    -1.689 r  Inst_ClkGen/inst/mmcm_adv_inst/CLKOUT0
                         net (fo=1, routed)           0.499    -1.190    Inst_ClkGen/inst/clk_100MHz_o_ClkGen
    BUFGCTRL_X0Y16       BUFG (Prop_bufg_I_O)         0.026    -1.164 r  Inst_ClkGen/inst/clkout1_buf/O
                         net (fo=358, routed)         0.589    -0.575    Inst_VGA/clk_100MHz_o
    SLICE_X72Y104        FDRE                                         r  Inst_VGA/vga_blue_reg_reg[1]/C
  -------------------------------------------------------------------    -------------------
    SLICE_X72Y104        FDRE (Prop_fdre_C_Q)         0.141    -0.434 r  Inst_VGA/vga_blue_reg_reg[1]/Q
                         net (fo=1, routed)           1.138     0.704    vga_blue_o_OBUF[1]
    C7                   OBUF (Prop_obuf_I_O)         1.252     1.956 r  vga_blue_o_OBUF[1]_inst/O
                         net (fo=0)                   0.000     1.956    vga_blue_o[1]
    C7                                                                r  vga_blue_o[1] (OUT)
  -------------------------------------------------------------------    -------------------

Slack:                    inf
  Source:                 Inst_VGA/vga_green_reg_reg[1]/C
                            (rising edge-triggered cell FDRE clocked by clk_100MHz_o_ClkGen_1  {rise@0.000ns fall@4.632ns period=9.263ns})
  Destination:            vga_green_o[1]
                            (output port)
  Path Group:             (none)
  Path Type:              Min at Fast Process Corner
  Data Path Delay:        2.531ns  (logic 1.386ns (54.770%)  route 1.145ns (45.230%))
  Logic Levels:           1  (OBUF=1)
  Clock Uncertainty:      0.149ns  ((TSJ^2 + DJ^2)^1/2) / 2 + PE
    Total System Jitter     (TSJ):    0.050ns
    Discrete Jitter          (DJ):    0.113ns
    Phase Error              (PE):    0.087ns

    Location             Delay type                Incr(ns)  Path(ns)    Netlist Resource(s)
  -------------------------------------------------------------------    -------------------
                         (clock clk_100MHz_o_ClkGen_1 rise edge)
                                                      0.000     0.000 r  
    E3                                                0.000     0.000 r  clk_i (IN)
                         net (fo=0)                   0.000     0.000    Inst_ClkGen/inst/clk_100MHz_i
    E3                   IBUF (Prop_ibuf_I_O)         0.250     0.250 r  Inst_ClkGen/inst/clkin1_ibufg/O
                         net (fo=1, routed)           0.440     0.690    Inst_ClkGen/inst/clk_100MHz_i_ClkGen
    MMCME2_ADV_X1Y2      MMCME2_ADV (Prop_mmcme2_adv_CLKIN1_CLKOUT0)
                                                     -2.379    -1.689 r  Inst_ClkGen/inst/mmcm_adv_inst/CLKOUT0
                         net (fo=1, routed)           0.499    -1.190    Inst_ClkGen/inst/clk_100MHz_o_ClkGen
    BUFGCTRL_X0Y16       BUFG (Prop_bufg_I_O)         0.026    -1.164 r  Inst_ClkGen/inst/clkout1_buf/O
                         net (fo=358, routed)         0.589    -0.575    Inst_VGA/clk_100MHz_o
    SLICE_X73Y104        FDRE                                         r  Inst_VGA/vga_green_reg_reg[1]/C
  -------------------------------------------------------------------    -------------------
    SLICE_X73Y104        FDRE (Prop_fdre_C_Q)         0.141    -0.434 r  Inst_VGA/vga_green_reg_reg[1]/Q
                         net (fo=1, routed)           1.145     0.711    vga_green_o_OBUF[1]
    A5                   OBUF (Prop_obuf_I_O)         1.245     1.956 r  vga_green_o_OBUF[1]_inst/O
                         net (fo=0)                   0.000     1.956    vga_green_o[1]
    A5                                                                r  vga_green_o[1] (OUT)
  -------------------------------------------------------------------    -------------------

Slack:                    inf
  Source:                 Inst_VGA/vga_blue_reg_reg[0]/C
                            (rising edge-triggered cell FDRE clocked by clk_100MHz_o_ClkGen_1  {rise@0.000ns fall@4.632ns period=9.263ns})
  Destination:            vga_blue_o[0]
                            (output port)
  Path Group:             (none)
  Path Type:              Min at Fast Process Corner
  Data Path Delay:        2.534ns  (logic 1.389ns (54.808%)  route 1.145ns (45.192%))
  Logic Levels:           1  (OBUF=1)
  Clock Uncertainty:      0.149ns  ((TSJ^2 + DJ^2)^1/2) / 2 + PE
    Total System Jitter     (TSJ):    0.050ns
    Discrete Jitter          (DJ):    0.113ns
    Phase Error              (PE):    0.087ns

    Location             Delay type                Incr(ns)  Path(ns)    Netlist Resource(s)
  -------------------------------------------------------------------    -------------------
                         (clock clk_100MHz_o_ClkGen_1 rise edge)
                                                      0.000     0.000 r  
    E3                                                0.000     0.000 r  clk_i (IN)
                         net (fo=0)                   0.000     0.000    Inst_ClkGen/inst/clk_100MHz_i
    E3                   IBUF (Prop_ibuf_I_O)         0.250     0.250 r  Inst_ClkGen/inst/clkin1_ibufg/O
                         net (fo=1, routed)           0.440     0.690    Inst_ClkGen/inst/clk_100MHz_i_ClkGen
    MMCME2_ADV_X1Y2      MMCME2_ADV (Prop_mmcme2_adv_CLKIN1_CLKOUT0)
                                                     -2.379    -1.689 r  Inst_ClkGen/inst/mmcm_adv_inst/CLKOUT0
                         net (fo=1, routed)           0.499    -1.190    Inst_ClkGen/inst/clk_100MHz_o_ClkGen
    BUFGCTRL_X0Y16       BUFG (Prop_bufg_I_O)         0.026    -1.164 r  Inst_ClkGen/inst/clkout1_buf/O
                         net (fo=358, routed)         0.589    -0.575    Inst_VGA/clk_100MHz_o
    SLICE_X73Y104        FDRE                                         r  Inst_VGA/vga_blue_reg_reg[0]/C
  -------------------------------------------------------------------    -------------------
    SLICE_X73Y104        FDRE (Prop_fdre_C_Q)         0.141    -0.434 r  Inst_VGA/vga_blue_reg_reg[0]/Q
                         net (fo=1, routed)           1.145     0.711    vga_blue_o_OBUF[0]
    B7                   OBUF (Prop_obuf_I_O)         1.248     1.959 r  vga_blue_o_OBUF[0]_inst/O
                         net (fo=0)                   0.000     1.959    vga_blue_o[0]
    B7                                                                r  vga_blue_o[0] (OUT)
  -------------------------------------------------------------------    -------------------

Slack:                    inf
  Source:                 Inst_VGA/vga_green_reg_reg[2]/C
                            (rising edge-triggered cell FDRE clocked by clk_100MHz_o_ClkGen_1  {rise@0.000ns fall@4.632ns period=9.263ns})
  Destination:            vga_green_o[2]
                            (output port)
  Path Group:             (none)
  Path Type:              Min at Fast Process Corner
  Data Path Delay:        2.610ns  (logic 1.388ns (53.174%)  route 1.222ns (46.826%))
  Logic Levels:           1  (OBUF=1)
  Clock Uncertainty:      0.149ns  ((TSJ^2 + DJ^2)^1/2) / 2 + PE
    Total System Jitter     (TSJ):    0.050ns
    Discrete Jitter          (DJ):    0.113ns
    Phase Error              (PE):    0.087ns

    Location             Delay type                Incr(ns)  Path(ns)    Netlist Resource(s)
  -------------------------------------------------------------------    -------------------
                         (clock clk_100MHz_o_ClkGen_1 rise edge)
                                                      0.000     0.000 r  
    E3                                                0.000     0.000 r  clk_i (IN)
                         net (fo=0)                   0.000     0.000    Inst_ClkGen/inst/clk_100MHz_i
    E3                   IBUF (Prop_ibuf_I_O)         0.250     0.250 r  Inst_ClkGen/inst/clkin1_ibufg/O
                         net (fo=1, routed)           0.440     0.690    Inst_ClkGen/inst/clk_100MHz_i_ClkGen
    MMCME2_ADV_X1Y2      MMCME2_ADV (Prop_mmcme2_adv_CLKIN1_CLKOUT0)
                                                     -2.379    -1.689 r  Inst_ClkGen/inst/mmcm_adv_inst/CLKOUT0
                         net (fo=1, routed)           0.499    -1.190    Inst_ClkGen/inst/clk_100MHz_o_ClkGen
    BUFGCTRL_X0Y16       BUFG (Prop_bufg_I_O)         0.026    -1.164 r  Inst_ClkGen/inst/clkout1_buf/O
                         net (fo=358, routed)         0.562    -0.602    Inst_VGA/clk_100MHz_o
    SLICE_X71Y105        FDRE                                         r  Inst_VGA/vga_green_reg_reg[2]/C
  -------------------------------------------------------------------    -------------------
    SLICE_X71Y105        FDRE (Prop_fdre_C_Q)         0.141    -0.461 r  Inst_VGA/vga_green_reg_reg[2]/Q
                         net (fo=1, routed)           1.222     0.761    vga_green_o_OBUF[2]
    B6                   OBUF (Prop_obuf_I_O)         1.247     2.008 r  vga_green_o_OBUF[2]_inst/O
                         net (fo=0)                   0.000     2.008    vga_green_o[2]
    B6                                                                r  vga_green_o[2] (OUT)
  -------------------------------------------------------------------    -------------------

Slack:                    inf
  Source:                 Inst_VGA/vga_green_reg_reg[3]/C
                            (rising edge-triggered cell FDRE clocked by clk_100MHz_o_ClkGen_1  {rise@0.000ns fall@4.632ns period=9.263ns})
  Destination:            vga_green_o[3]
                            (output port)
  Path Group:             (none)
  Path Type:              Min at Fast Process Corner
  Data Path Delay:        2.593ns  (logic 1.388ns (53.536%)  route 1.205ns (46.464%))
  Logic Levels:           1  (OBUF=1)
  Clock Uncertainty:      0.149ns  ((TSJ^2 + DJ^2)^1/2) / 2 + PE
    Total System Jitter     (TSJ):    0.050ns
    Discrete Jitter          (DJ):    0.113ns
    Phase Error              (PE):    0.087ns

    Location             Delay type                Incr(ns)  Path(ns)    Netlist Resource(s)
  -------------------------------------------------------------------    -------------------
                         (clock clk_100MHz_o_ClkGen_1 rise edge)
                                                      0.000     0.000 r  
    E3                                                0.000     0.000 r  clk_i (IN)
                         net (fo=0)                   0.000     0.000    Inst_ClkGen/inst/clk_100MHz_i
    E3                   IBUF (Prop_ibuf_I_O)         0.250     0.250 r  Inst_ClkGen/inst/clkin1_ibufg/O
                         net (fo=1, routed)           0.440     0.690    Inst_ClkGen/inst/clk_100MHz_i_ClkGen
    MMCME2_ADV_X1Y2      MMCME2_ADV (Prop_mmcme2_adv_CLKIN1_CLKOUT0)
                                                     -2.379    -1.689 r  Inst_ClkGen/inst/mmcm_adv_inst/CLKOUT0
                         net (fo=1, routed)           0.499    -1.190    Inst_ClkGen/inst/clk_100MHz_o_ClkGen
    BUFGCTRL_X0Y16       BUFG (Prop_bufg_I_O)         0.026    -1.164 r  Inst_ClkGen/inst/clkout1_buf/O
                         net (fo=358, routed)         0.589    -0.575    Inst_VGA/clk_100MHz_o
    SLICE_X72Y104        FDRE                                         r  Inst_VGA/vga_green_reg_reg[3]/C
  -------------------------------------------------------------------    -------------------
    SLICE_X72Y104        FDRE (Prop_fdre_C_Q)         0.141    -0.434 r  Inst_VGA/vga_green_reg_reg[3]/Q
                         net (fo=1, routed)           1.205     0.771    vga_green_o_OBUF[3]
    A6                   OBUF (Prop_obuf_I_O)         1.247     2.018 r  vga_green_o_OBUF[3]_inst/O
                         net (fo=0)                   0.000     2.018    vga_green_o[3]
    A6                                                                r  vga_green_o[3] (OUT)
  -------------------------------------------------------------------    -------------------





--------------------------------------------------------------------------------------
Path Group:  (none)
From Clock:  clkfbout_ClkGen
  To Clock:  

Max Delay             1 Endpoint
Min Delay             1 Endpoint
--------------------------------------------------------------------------------------


Max Delay Paths
--------------------------------------------------------------------------------------
Slack:                    inf
  Source:                 Inst_ClkGen/inst/mmcm_adv_inst/CLKFBOUT
                            (clock source 'clkfbout_ClkGen'  {rise@0.000ns fall@5.000ns period=10.000ns})
  Destination:            Inst_ClkGen/inst/mmcm_adv_inst/CLKFBIN
  Path Group:             (none)
  Path Type:              Max at Fast Process Corner
  Data Path Delay:        1.396ns  (logic 0.029ns (2.077%)  route 1.367ns (97.923%))
  Logic Levels:           1  (BUFG=1)
  Clock Uncertainty:      0.132ns  ((TSJ^2 + DJ^2)^1/2) / 2 + PE
    Total System Jitter     (TSJ):    0.050ns
    Discrete Jitter          (DJ):    0.074ns
    Phase Error              (PE):    0.087ns

    Location             Delay type                Incr(ns)  Path(ns)    Netlist Resource(s)
  -------------------------------------------------------------------    -------------------
                         (clock clkfbout_ClkGen fall edge)
                                                      5.000     5.000 f  
    E3                                                0.000     5.000 f  clk_i (IN)
                         net (fo=0)                   0.000     5.000    Inst_ClkGen/inst/clk_100MHz_i
    E3                   IBUF (Prop_ibuf_I_O)         0.438     5.438 f  Inst_ClkGen/inst/clkin1_ibufg/O
                         net (fo=1, routed)           0.480     5.918    Inst_ClkGen/inst/clk_100MHz_i_ClkGen
  -------------------------------------------------------------------    -------------------
    MMCME2_ADV_X1Y2      MMCME2_ADV (Prop_mmcme2_adv_CLKIN1_CLKFBOUT)
                                                     -3.163     2.755 f  Inst_ClkGen/inst/mmcm_adv_inst/CLKFBOUT
                         net (fo=1, routed)           0.544     3.298    Inst_ClkGen/inst/clkfbout_ClkGen
    BUFGCTRL_X0Y17       BUFG (Prop_bufg_I_O)         0.029     3.327 f  Inst_ClkGen/inst/clkf_buf/O
                         net (fo=1, routed)           0.824     4.151    Inst_ClkGen/inst/clkfbout_buf_ClkGen
    MMCME2_ADV_X1Y2      MMCME2_ADV                                   f  Inst_ClkGen/inst/mmcm_adv_inst/CLKFBIN
  -------------------------------------------------------------------    -------------------





Min Delay Paths
--------------------------------------------------------------------------------------
Slack:                    inf
  Source:                 Inst_ClkGen/inst/mmcm_adv_inst/CLKFBOUT
                            (clock source 'clkfbout_ClkGen'  {rise@0.000ns fall@5.000ns period=10.000ns})
  Destination:            Inst_ClkGen/inst/mmcm_adv_inst/CLKFBIN
  Path Group:             (none)
  Path Type:              Min at Slow Process Corner
  Data Path Delay:        3.236ns  (logic 0.091ns (2.812%)  route 3.145ns (97.188%))
  Logic Levels:           1  (BUFG=1)
  Clock Uncertainty:      0.132ns  ((TSJ^2 + DJ^2)^1/2) / 2 + PE
    Total System Jitter     (TSJ):    0.050ns
    Discrete Jitter          (DJ):    0.074ns
    Phase Error              (PE):    0.087ns

    Location             Delay type                Incr(ns)  Path(ns)    Netlist Resource(s)
  -------------------------------------------------------------------    -------------------
                         (clock clkfbout_ClkGen rise edge)
                                                      0.000     0.000 r  
    E3                                                0.000     0.000 r  clk_i (IN)
                         net (fo=0)                   0.000     0.000    Inst_ClkGen/inst/clk_100MHz_i
    E3                   IBUF (Prop_ibuf_I_O)         1.411     1.411 r  Inst_ClkGen/inst/clkin1_ibufg/O
                         net (fo=1, routed)           1.162     2.573    Inst_ClkGen/inst/clk_100MHz_i_ClkGen
  -------------------------------------------------------------------    -------------------
    MMCME2_ADV_X1Y2      MMCME2_ADV (Prop_mmcme2_adv_CLKIN1_CLKFBOUT)
                                                     -7.324    -4.751 r  Inst_ClkGen/inst/mmcm_adv_inst/CLKFBOUT
                         net (fo=1, routed)           1.639    -3.112    Inst_ClkGen/inst/clkfbout_ClkGen
    BUFGCTRL_X0Y17       BUFG (Prop_bufg_I_O)         0.091    -3.021 r  Inst_ClkGen/inst/clkf_buf/O
                         net (fo=1, routed)           1.506    -1.515    Inst_ClkGen/inst/clkfbout_buf_ClkGen
    MMCME2_ADV_X1Y2      MMCME2_ADV                                   r  Inst_ClkGen/inst/mmcm_adv_inst/CLKFBIN
  -------------------------------------------------------------------    -------------------





--------------------------------------------------------------------------------------
Path Group:  (none)
From Clock:  clkfbout_ClkGen_1
  To Clock:  

Max Delay             1 Endpoint
Min Delay             1 Endpoint
--------------------------------------------------------------------------------------


Max Delay Paths
--------------------------------------------------------------------------------------
Slack:                    inf
  Source:                 Inst_ClkGen/inst/mmcm_adv_inst/CLKFBOUT
                            (clock source 'clkfbout_ClkGen_1'  {rise@0.000ns fall@5.000ns period=10.000ns})
  Destination:            Inst_ClkGen/inst/mmcm_adv_inst/CLKFBIN
  Path Group:             (none)
  Path Type:              Max at Fast Process Corner
  Data Path Delay:        1.396ns  (logic 0.029ns (2.077%)  route 1.367ns (97.923%))
  Logic Levels:           1  (BUFG=1)
  Clock Uncertainty:      0.131ns  ((TSJ^2 + DJ^2)^1/2) / 2 + PE
    Total System Jitter     (TSJ):    0.050ns
    Discrete Jitter          (DJ):    0.072ns
    Phase Error              (PE):    0.087ns

    Location             Delay type                Incr(ns)  Path(ns)    Netlist Resource(s)
  -------------------------------------------------------------------    -------------------
                         (clock clkfbout_ClkGen_1 fall edge)
                                                      5.000     5.000 f  
    E3                                                0.000     5.000 f  clk_i (IN)
                         net (fo=0)                   0.000     5.000    Inst_ClkGen/inst/clk_100MHz_i
    E3                   IBUF (Prop_ibuf_I_O)         0.438     5.438 f  Inst_ClkGen/inst/clkin1_ibufg/O
                         net (fo=1, routed)           0.480     5.918    Inst_ClkGen/inst/clk_100MHz_i_ClkGen
  -------------------------------------------------------------------    -------------------
    MMCME2_ADV_X1Y2      MMCME2_ADV (Prop_mmcme2_adv_CLKIN1_CLKFBOUT)
                                                     -3.163     2.755 f  Inst_ClkGen/inst/mmcm_adv_inst/CLKFBOUT
                         net (fo=1, routed)           0.544     3.298    Inst_ClkGen/inst/clkfbout_ClkGen
    BUFGCTRL_X0Y17       BUFG (Prop_bufg_I_O)         0.029     3.327 f  Inst_ClkGen/inst/clkf_buf/O
                         net (fo=1, routed)           0.824     4.151    Inst_ClkGen/inst/clkfbout_buf_ClkGen
    MMCME2_ADV_X1Y2      MMCME2_ADV                                   f  Inst_ClkGen/inst/mmcm_adv_inst/CLKFBIN
  -------------------------------------------------------------------    -------------------





Min Delay Paths
--------------------------------------------------------------------------------------
Slack:                    inf
  Source:                 Inst_ClkGen/inst/mmcm_adv_inst/CLKFBOUT
                            (clock source 'clkfbout_ClkGen_1'  {rise@0.000ns fall@5.000ns period=10.000ns})
  Destination:            Inst_ClkGen/inst/mmcm_adv_inst/CLKFBIN
  Path Group:             (none)
  Path Type:              Min at Slow Process Corner
  Data Path Delay:        3.236ns  (logic 0.091ns (2.812%)  route 3.145ns (97.188%))
  Logic Levels:           1  (BUFG=1)
  Clock Uncertainty:      0.131ns  ((TSJ^2 + DJ^2)^1/2) / 2 + PE
    Total System Jitter     (TSJ):    0.050ns
    Discrete Jitter          (DJ):    0.072ns
    Phase Error              (PE):    0.087ns

    Location             Delay type                Incr(ns)  Path(ns)    Netlist Resource(s)
  -------------------------------------------------------------------    -------------------
                         (clock clkfbout_ClkGen_1 rise edge)
                                                      0.000     0.000 r  
    E3                                                0.000     0.000 r  clk_i (IN)
                         net (fo=0)                   0.000     0.000    Inst_ClkGen/inst/clk_100MHz_i
    E3                   IBUF (Prop_ibuf_I_O)         1.411     1.411 r  Inst_ClkGen/inst/clkin1_ibufg/O
                         net (fo=1, routed)           1.162     2.573    Inst_ClkGen/inst/clk_100MHz_i_ClkGen
  -------------------------------------------------------------------    -------------------
    MMCME2_ADV_X1Y2      MMCME2_ADV (Prop_mmcme2_adv_CLKIN1_CLKFBOUT)
                                                     -7.324    -4.751 r  Inst_ClkGen/inst/mmcm_adv_inst/CLKFBOUT
                         net (fo=1, routed)           1.639    -3.112    Inst_ClkGen/inst/clkfbout_ClkGen
    BUFGCTRL_X0Y17       BUFG (Prop_bufg_I_O)         0.091    -3.021 r  Inst_ClkGen/inst/clkf_buf/O
                         net (fo=1, routed)           1.506    -1.515    Inst_ClkGen/inst/clkfbout_buf_ClkGen
    MMCME2_ADV_X1Y2      MMCME2_ADV                                   r  Inst_ClkGen/inst/mmcm_adv_inst/CLKFBIN
  -------------------------------------------------------------------    -------------------





