Copyright 1986-2022 Xilinx, Inc. All Rights Reserved.
------------------------------------------------------------------------------------------------------------------------------------------------------------------------------------------------------------------------------------
| Tool Version : Vivado v.2022.2 (win64) Build 3671981 Fri Oct 14 05:00:03 MDT 2022
| Date         : Sun May  4 17:23:20 2025
| Host         : DESKTOP-11IAEMT running 64-bit major release  (build 9200)
| Command      : report_timing_summary -max_paths 10 -report_unconstrained -file timer_counter_timing_summary_routed.rpt -pb timer_counter_timing_summary_routed.pb -rpx timer_counter_timing_summary_routed.rpx -warn_on_violation
| Design       : timer_counter
| Device       : 7a100t-csg324
| Speed File   : -1  PRODUCTION 1.23 2018-06-13
------------------------------------------------------------------------------------------------------------------------------------------------------------------------------------------------------------------------------------

Timing Summary Report

------------------------------------------------------------------------------------------------
| Timer Settings
| --------------
------------------------------------------------------------------------------------------------

  Enable Multi Corner Analysis               :  Yes
  Enable Pessimism Removal                   :  Yes
  Pessimism Removal Resolution               :  Nearest Common Node
  Enable Input Delay Default Clock           :  No
  Enable Preset / Clear Arcs                 :  No
  Disable Flight Delays                      :  No
  Ignore I/O Paths                           :  No
  Timing Early Launch at Borrowing Latches   :  No
  Borrow Time for Max Delay Exceptions       :  Yes
  Merge Timing Exceptions                    :  Yes

  Corner  Analyze    Analyze    
  Name    Max Paths  Min Paths  
  ------  ---------  ---------  
  Slow    Yes        Yes        
  Fast    Yes        Yes        


------------------------------------------------------------------------------------------------
| Report Methodology
| ------------------
------------------------------------------------------------------------------------------------

Rule       Severity  Description                    Violations  
---------  --------  -----------------------------  ----------  
TIMING-18  Warning   Missing input or output delay  10          

Note: This report is based on the most recent report_methodology run and may not be up-to-date. Run report_methodology on the current design for the latest report.



check_timing report

Table of Contents
-----------------
1. checking no_clock (0)
2. checking constant_clock (0)
3. checking pulse_width_clock (0)
4. checking unconstrained_internal_endpoints (0)
5. checking no_input_delay (2)
6. checking no_output_delay (8)
7. checking multiple_clock (0)
8. checking generated_clocks (0)
9. checking loops (0)
10. checking partial_input_delay (0)
11. checking partial_output_delay (0)
12. checking latch_loops (0)

1. checking no_clock (0)
------------------------
 There are 0 register/latch pins with no clock.


2. checking constant_clock (0)
------------------------------
 There are 0 register/latch pins with constant_clock.


3. checking pulse_width_clock (0)
---------------------------------
 There are 0 register/latch pins which need pulse_width check


4. checking unconstrained_internal_endpoints (0)
------------------------------------------------
 There are 0 pins that are not constrained for maximum delay.

 There are 0 pins that are not constrained for maximum delay due to constant clock.


5. checking no_input_delay (2)
------------------------------
 There are 2 input ports with no input delay specified. (HIGH)

 There are 0 input ports with no input delay but user has a false path constraint.


6. checking no_output_delay (8)
-------------------------------
 There are 8 ports with no output delay specified. (HIGH)

 There are 0 ports with no output delay but user has a false path constraint

 There are 0 ports with no output delay but with a timing clock defined on it or propagating through it


7. checking multiple_clock (0)
------------------------------
 There are 0 register/latch pins with multiple clocks.


8. checking generated_clocks (0)
--------------------------------
 There are 0 generated clocks that are not connected to a clock source.


9. checking loops (0)
---------------------
 There are 0 combinational loops in the design.


10. checking partial_input_delay (0)
------------------------------------
 There are 0 input ports with partial input delay specified.


11. checking partial_output_delay (0)
-------------------------------------
 There are 0 ports with partial output delay specified.


12. checking latch_loops (0)
----------------------------
 There are 0 combinational latch loops in the design through latch input



------------------------------------------------------------------------------------------------
| Design Timing Summary
| ---------------------
------------------------------------------------------------------------------------------------

    WNS(ns)      TNS(ns)  TNS Failing Endpoints  TNS Total Endpoints      WHS(ns)      THS(ns)  THS Failing Endpoints  THS Total Endpoints     WPWS(ns)     TPWS(ns)  TPWS Failing Endpoints  TPWS Total Endpoints  
    -------      -------  ---------------------  -------------------      -------      -------  ---------------------  -------------------     --------     --------  ----------------------  --------------------  
      5.458        0.000                      0                   72        0.244        0.000                      0                   72        4.500        0.000                       0                    37  


All user specified timing constraints are met.


------------------------------------------------------------------------------------------------
| Clock Summary
| -------------
------------------------------------------------------------------------------------------------

Clock        Waveform(ns)       Period(ns)      Frequency(MHz)
-----        ------------       ----------      --------------
sys_clk_pin  {0.000 5.000}      10.000          100.000         


------------------------------------------------------------------------------------------------
| Intra Clock Table
| -----------------
------------------------------------------------------------------------------------------------

Clock             WNS(ns)      TNS(ns)  TNS Failing Endpoints  TNS Total Endpoints      WHS(ns)      THS(ns)  THS Failing Endpoints  THS Total Endpoints     WPWS(ns)     TPWS(ns)  TPWS Failing Endpoints  TPWS Total Endpoints  
-----             -------      -------  ---------------------  -------------------      -------      -------  ---------------------  -------------------     --------     --------  ----------------------  --------------------  
sys_clk_pin         5.458        0.000                      0                   72        0.244        0.000                      0                   72        4.500        0.000                       0                    37  


------------------------------------------------------------------------------------------------
| Inter Clock Table
| -----------------
------------------------------------------------------------------------------------------------

From Clock    To Clock          WNS(ns)      TNS(ns)  TNS Failing Endpoints  TNS Total Endpoints      WHS(ns)      THS(ns)  THS Failing Endpoints  THS Total Endpoints  
----------    --------          -------      -------  ---------------------  -------------------      -------      -------  ---------------------  -------------------  


------------------------------------------------------------------------------------------------
| Other Path Groups Table
| -----------------------
------------------------------------------------------------------------------------------------

Path Group    From Clock    To Clock          WNS(ns)      TNS(ns)  TNS Failing Endpoints  TNS Total Endpoints      WHS(ns)      THS(ns)  THS Failing Endpoints  THS Total Endpoints  
----------    ----------    --------          -------      -------  ---------------------  -------------------      -------      -------  ---------------------  -------------------  


------------------------------------------------------------------------------------------------
| User Ignored Path Table
| -----------------------
------------------------------------------------------------------------------------------------

Path Group    From Clock    To Clock    
----------    ----------    --------    


------------------------------------------------------------------------------------------------
| Unconstrained Path Table
| ------------------------
------------------------------------------------------------------------------------------------

Path Group    From Clock    To Clock    
----------    ----------    --------    
(none)        sys_clk_pin                 
(none)                      sys_clk_pin   


------------------------------------------------------------------------------------------------
| Timing Details
| --------------
------------------------------------------------------------------------------------------------


---------------------------------------------------------------------------------------------------
From Clock:  sys_clk_pin
  To Clock:  sys_clk_pin

Setup :            0  Failing Endpoints,  Worst Slack        5.458ns,  Total Violation        0.000ns
Hold  :            0  Failing Endpoints,  Worst Slack        0.244ns,  Total Violation        0.000ns
PW    :            0  Failing Endpoints,  Worst Slack        4.500ns,  Total Violation        0.000ns
---------------------------------------------------------------------------------------------------


Max Delay Paths
--------------------------------------------------------------------------------------
Slack (MET) :             5.458ns  (required time - arrival time)
  Source:                 timer_reg[9]/C
                            (rising edge-triggered cell FDRE clocked by sys_clk_pin  {rise@0.000ns fall@5.000ns period=10.000ns})
  Destination:            timer_reg[0]/R
                            (rising edge-triggered cell FDRE clocked by sys_clk_pin  {rise@0.000ns fall@5.000ns period=10.000ns})
  Path Group:             sys_clk_pin
  Path Type:              Setup (Max at Slow Process Corner)
  Requirement:            10.000ns  (sys_clk_pin rise@10.000ns - sys_clk_pin rise@0.000ns)
  Data Path Delay:        3.709ns  (logic 1.542ns (41.574%)  route 2.167ns (58.426%))
  Logic Levels:           5  (CARRY4=4 LUT4=1)
  Clock Path Skew:        -0.025ns (DCD - SCD + CPR)
    Destination Clock Delay (DCD):    5.036ns = ( 15.036 - 10.000 ) 
    Source Clock Delay      (SCD):    5.336ns
    Clock Pessimism Removal (CPR):    0.275ns
  Clock Uncertainty:      0.035ns  ((TSJ^2 + TIJ^2)^1/2 + DJ) / 2 + PE
    Total System Jitter     (TSJ):    0.071ns
    Total Input Jitter      (TIJ):    0.000ns
    Discrete Jitter          (DJ):    0.000ns
    Phase Error              (PE):    0.000ns

    Location             Delay type                Incr(ns)  Path(ns)    Netlist Resource(s)
  -------------------------------------------------------------------    -------------------
                         (clock sys_clk_pin rise edge)
                                                      0.000     0.000 r  
    E3                                                0.000     0.000 r  clk (IN)
                         net (fo=0)                   0.000     0.000    clk
    E3                   IBUF (Prop_ibuf_I_O)         1.482     1.482 r  clk_IBUF_inst/O
                         net (fo=1, routed)           2.025     3.506    clk_IBUF
    BUFGCTRL_X0Y16       BUFG (Prop_bufg_I_O)         0.096     3.602 r  clk_IBUF_BUFG_inst/O
                         net (fo=36, routed)          1.733     5.336    clk_IBUF_BUFG
    SLICE_X88Y52         FDRE                                         r  timer_reg[9]/C
  -------------------------------------------------------------------    -------------------
    SLICE_X88Y52         FDRE (Prop_fdre_C_Q)         0.518     5.854 r  timer_reg[9]/Q
                         net (fo=3, routed)           1.138     6.992    timer_reg[9]
    SLICE_X89Y52         LUT4 (Prop_lut4_I2_O)        0.124     7.116 r  timer[0]_i_28/O
                         net (fo=1, routed)           0.000     7.116    timer[0]_i_28_n_0
    SLICE_X89Y52         CARRY4 (Prop_carry4_S[3]_CO[3])
                                                      0.401     7.517 r  timer_reg[0]_i_16/CO[3]
                         net (fo=1, routed)           0.000     7.517    timer_reg[0]_i_16_n_0
    SLICE_X89Y53         CARRY4 (Prop_carry4_CI_CO[3])
                                                      0.114     7.631 r  timer_reg[0]_i_7/CO[3]
                         net (fo=1, routed)           0.000     7.631    timer_reg[0]_i_7_n_0
    SLICE_X89Y54         CARRY4 (Prop_carry4_CI_CO[3])
                                                      0.114     7.745 r  timer_reg[0]_i_3/CO[3]
                         net (fo=1, routed)           0.000     7.745    timer_reg[0]_i_3_n_0
    SLICE_X89Y55         CARRY4 (Prop_carry4_CI_CO[0])
                                                      0.271     8.016 r  timer_reg[0]_i_1/CO[0]
                         net (fo=36, routed)          1.029     9.045    sel
    SLICE_X88Y50         FDRE                                         r  timer_reg[0]/R
  -------------------------------------------------------------------    -------------------

                         (clock sys_clk_pin rise edge)
                                                     10.000    10.000 r  
    E3                                                0.000    10.000 r  clk (IN)
                         net (fo=0)                   0.000    10.000    clk
    E3                   IBUF (Prop_ibuf_I_O)         1.411    11.411 r  clk_IBUF_inst/O
                         net (fo=1, routed)           1.920    13.331    clk_IBUF
    BUFGCTRL_X0Y16       BUFG (Prop_bufg_I_O)         0.091    13.422 r  clk_IBUF_BUFG_inst/O
                         net (fo=36, routed)          1.613    15.036    clk_IBUF_BUFG
    SLICE_X88Y50         FDRE                                         r  timer_reg[0]/C
                         clock pessimism              0.275    15.311    
                         clock uncertainty           -0.035    15.275    
    SLICE_X88Y50         FDRE (Setup_fdre_C_R)       -0.773    14.502    timer_reg[0]
  -------------------------------------------------------------------
                         required time                         14.502    
                         arrival time                          -9.045    
  -------------------------------------------------------------------
                         slack                                  5.458    

Slack (MET) :             5.458ns  (required time - arrival time)
  Source:                 timer_reg[9]/C
                            (rising edge-triggered cell FDRE clocked by sys_clk_pin  {rise@0.000ns fall@5.000ns period=10.000ns})
  Destination:            timer_reg[1]/R
                            (rising edge-triggered cell FDRE clocked by sys_clk_pin  {rise@0.000ns fall@5.000ns period=10.000ns})
  Path Group:             sys_clk_pin
  Path Type:              Setup (Max at Slow Process Corner)
  Requirement:            10.000ns  (sys_clk_pin rise@10.000ns - sys_clk_pin rise@0.000ns)
  Data Path Delay:        3.709ns  (logic 1.542ns (41.574%)  route 2.167ns (58.426%))
  Logic Levels:           5  (CARRY4=4 LUT4=1)
  Clock Path Skew:        -0.025ns (DCD - SCD + CPR)
    Destination Clock Delay (DCD):    5.036ns = ( 15.036 - 10.000 ) 
    Source Clock Delay      (SCD):    5.336ns
    Clock Pessimism Removal (CPR):    0.275ns
  Clock Uncertainty:      0.035ns  ((TSJ^2 + TIJ^2)^1/2 + DJ) / 2 + PE
    Total System Jitter     (TSJ):    0.071ns
    Total Input Jitter      (TIJ):    0.000ns
    Discrete Jitter          (DJ):    0.000ns
    Phase Error              (PE):    0.000ns

    Location             Delay type                Incr(ns)  Path(ns)    Netlist Resource(s)
  -------------------------------------------------------------------    -------------------
                         (clock sys_clk_pin rise edge)
                                                      0.000     0.000 r  
    E3                                                0.000     0.000 r  clk (IN)
                         net (fo=0)                   0.000     0.000    clk
    E3                   IBUF (Prop_ibuf_I_O)         1.482     1.482 r  clk_IBUF_inst/O
                         net (fo=1, routed)           2.025     3.506    clk_IBUF
    BUFGCTRL_X0Y16       BUFG (Prop_bufg_I_O)         0.096     3.602 r  clk_IBUF_BUFG_inst/O
                         net (fo=36, routed)          1.733     5.336    clk_IBUF_BUFG
    SLICE_X88Y52         FDRE                                         r  timer_reg[9]/C
  -------------------------------------------------------------------    -------------------
    SLICE_X88Y52         FDRE (Prop_fdre_C_Q)         0.518     5.854 r  timer_reg[9]/Q
                         net (fo=3, routed)           1.138     6.992    timer_reg[9]
    SLICE_X89Y52         LUT4 (Prop_lut4_I2_O)        0.124     7.116 r  timer[0]_i_28/O
                         net (fo=1, routed)           0.000     7.116    timer[0]_i_28_n_0
    SLICE_X89Y52         CARRY4 (Prop_carry4_S[3]_CO[3])
                                                      0.401     7.517 r  timer_reg[0]_i_16/CO[3]
                         net (fo=1, routed)           0.000     7.517    timer_reg[0]_i_16_n_0
    SLICE_X89Y53         CARRY4 (Prop_carry4_CI_CO[3])
                                                      0.114     7.631 r  timer_reg[0]_i_7/CO[3]
                         net (fo=1, routed)           0.000     7.631    timer_reg[0]_i_7_n_0
    SLICE_X89Y54         CARRY4 (Prop_carry4_CI_CO[3])
                                                      0.114     7.745 r  timer_reg[0]_i_3/CO[3]
                         net (fo=1, routed)           0.000     7.745    timer_reg[0]_i_3_n_0
    SLICE_X89Y55         CARRY4 (Prop_carry4_CI_CO[0])
                                                      0.271     8.016 r  timer_reg[0]_i_1/CO[0]
                         net (fo=36, routed)          1.029     9.045    sel
    SLICE_X88Y50         FDRE                                         r  timer_reg[1]/R
  -------------------------------------------------------------------    -------------------

                         (clock sys_clk_pin rise edge)
                                                     10.000    10.000 r  
    E3                                                0.000    10.000 r  clk (IN)
                         net (fo=0)                   0.000    10.000    clk
    E3                   IBUF (Prop_ibuf_I_O)         1.411    11.411 r  clk_IBUF_inst/O
                         net (fo=1, routed)           1.920    13.331    clk_IBUF
    BUFGCTRL_X0Y16       BUFG (Prop_bufg_I_O)         0.091    13.422 r  clk_IBUF_BUFG_inst/O
                         net (fo=36, routed)          1.613    15.036    clk_IBUF_BUFG
    SLICE_X88Y50         FDRE                                         r  timer_reg[1]/C
                         clock pessimism              0.275    15.311    
                         clock uncertainty           -0.035    15.275    
    SLICE_X88Y50         FDRE (Setup_fdre_C_R)       -0.773    14.502    timer_reg[1]
  -------------------------------------------------------------------
                         required time                         14.502    
                         arrival time                          -9.045    
  -------------------------------------------------------------------
                         slack                                  5.458    

Slack (MET) :             5.458ns  (required time - arrival time)
  Source:                 timer_reg[9]/C
                            (rising edge-triggered cell FDRE clocked by sys_clk_pin  {rise@0.000ns fall@5.000ns period=10.000ns})
  Destination:            timer_reg[2]/R
                            (rising edge-triggered cell FDRE clocked by sys_clk_pin  {rise@0.000ns fall@5.000ns period=10.000ns})
  Path Group:             sys_clk_pin
  Path Type:              Setup (Max at Slow Process Corner)
  Requirement:            10.000ns  (sys_clk_pin rise@10.000ns - sys_clk_pin rise@0.000ns)
  Data Path Delay:        3.709ns  (logic 1.542ns (41.574%)  route 2.167ns (58.426%))
  Logic Levels:           5  (CARRY4=4 LUT4=1)
  Clock Path Skew:        -0.025ns (DCD - SCD + CPR)
    Destination Clock Delay (DCD):    5.036ns = ( 15.036 - 10.000 ) 
    Source Clock Delay      (SCD):    5.336ns
    Clock Pessimism Removal (CPR):    0.275ns
  Clock Uncertainty:      0.035ns  ((TSJ^2 + TIJ^2)^1/2 + DJ) / 2 + PE
    Total System Jitter     (TSJ):    0.071ns
    Total Input Jitter      (TIJ):    0.000ns
    Discrete Jitter          (DJ):    0.000ns
    Phase Error              (PE):    0.000ns

    Location             Delay type                Incr(ns)  Path(ns)    Netlist Resource(s)
  -------------------------------------------------------------------    -------------------
                         (clock sys_clk_pin rise edge)
                                                      0.000     0.000 r  
    E3                                                0.000     0.000 r  clk (IN)
                         net (fo=0)                   0.000     0.000    clk
    E3                   IBUF (Prop_ibuf_I_O)         1.482     1.482 r  clk_IBUF_inst/O
                         net (fo=1, routed)           2.025     3.506    clk_IBUF
    BUFGCTRL_X0Y16       BUFG (Prop_bufg_I_O)         0.096     3.602 r  clk_IBUF_BUFG_inst/O
                         net (fo=36, routed)          1.733     5.336    clk_IBUF_BUFG
    SLICE_X88Y52         FDRE                                         r  timer_reg[9]/C
  -------------------------------------------------------------------    -------------------
    SLICE_X88Y52         FDRE (Prop_fdre_C_Q)         0.518     5.854 r  timer_reg[9]/Q
                         net (fo=3, routed)           1.138     6.992    timer_reg[9]
    SLICE_X89Y52         LUT4 (Prop_lut4_I2_O)        0.124     7.116 r  timer[0]_i_28/O
                         net (fo=1, routed)           0.000     7.116    timer[0]_i_28_n_0
    SLICE_X89Y52         CARRY4 (Prop_carry4_S[3]_CO[3])
                                                      0.401     7.517 r  timer_reg[0]_i_16/CO[3]
                         net (fo=1, routed)           0.000     7.517    timer_reg[0]_i_16_n_0
    SLICE_X89Y53         CARRY4 (Prop_carry4_CI_CO[3])
                                                      0.114     7.631 r  timer_reg[0]_i_7/CO[3]
                         net (fo=1, routed)           0.000     7.631    timer_reg[0]_i_7_n_0
    SLICE_X89Y54         CARRY4 (Prop_carry4_CI_CO[3])
                                                      0.114     7.745 r  timer_reg[0]_i_3/CO[3]
                         net (fo=1, routed)           0.000     7.745    timer_reg[0]_i_3_n_0
    SLICE_X89Y55         CARRY4 (Prop_carry4_CI_CO[0])
                                                      0.271     8.016 r  timer_reg[0]_i_1/CO[0]
                         net (fo=36, routed)          1.029     9.045    sel
    SLICE_X88Y50         FDRE                                         r  timer_reg[2]/R
  -------------------------------------------------------------------    -------------------

                         (clock sys_clk_pin rise edge)
                                                     10.000    10.000 r  
    E3                                                0.000    10.000 r  clk (IN)
                         net (fo=0)                   0.000    10.000    clk
    E3                   IBUF (Prop_ibuf_I_O)         1.411    11.411 r  clk_IBUF_inst/O
                         net (fo=1, routed)           1.920    13.331    clk_IBUF
    BUFGCTRL_X0Y16       BUFG (Prop_bufg_I_O)         0.091    13.422 r  clk_IBUF_BUFG_inst/O
                         net (fo=36, routed)          1.613    15.036    clk_IBUF_BUFG
    SLICE_X88Y50         FDRE                                         r  timer_reg[2]/C
                         clock pessimism              0.275    15.311    
                         clock uncertainty           -0.035    15.275    
    SLICE_X88Y50         FDRE (Setup_fdre_C_R)       -0.773    14.502    timer_reg[2]
  -------------------------------------------------------------------
                         required time                         14.502    
                         arrival time                          -9.045    
  -------------------------------------------------------------------
                         slack                                  5.458    

Slack (MET) :             5.458ns  (required time - arrival time)
  Source:                 timer_reg[9]/C
                            (rising edge-triggered cell FDRE clocked by sys_clk_pin  {rise@0.000ns fall@5.000ns period=10.000ns})
  Destination:            timer_reg[3]/R
                            (rising edge-triggered cell FDRE clocked by sys_clk_pin  {rise@0.000ns fall@5.000ns period=10.000ns})
  Path Group:             sys_clk_pin
  Path Type:              Setup (Max at Slow Process Corner)
  Requirement:            10.000ns  (sys_clk_pin rise@10.000ns - sys_clk_pin rise@0.000ns)
  Data Path Delay:        3.709ns  (logic 1.542ns (41.574%)  route 2.167ns (58.426%))
  Logic Levels:           5  (CARRY4=4 LUT4=1)
  Clock Path Skew:        -0.025ns (DCD - SCD + CPR)
    Destination Clock Delay (DCD):    5.036ns = ( 15.036 - 10.000 ) 
    Source Clock Delay      (SCD):    5.336ns
    Clock Pessimism Removal (CPR):    0.275ns
  Clock Uncertainty:      0.035ns  ((TSJ^2 + TIJ^2)^1/2 + DJ) / 2 + PE
    Total System Jitter     (TSJ):    0.071ns
    Total Input Jitter      (TIJ):    0.000ns
    Discrete Jitter          (DJ):    0.000ns
    Phase Error              (PE):    0.000ns

    Location             Delay type                Incr(ns)  Path(ns)    Netlist Resource(s)
  -------------------------------------------------------------------    -------------------
                         (clock sys_clk_pin rise edge)
                                                      0.000     0.000 r  
    E3                                                0.000     0.000 r  clk (IN)
                         net (fo=0)                   0.000     0.000    clk
    E3                   IBUF (Prop_ibuf_I_O)         1.482     1.482 r  clk_IBUF_inst/O
                         net (fo=1, routed)           2.025     3.506    clk_IBUF
    BUFGCTRL_X0Y16       BUFG (Prop_bufg_I_O)         0.096     3.602 r  clk_IBUF_BUFG_inst/O
                         net (fo=36, routed)          1.733     5.336    clk_IBUF_BUFG
    SLICE_X88Y52         FDRE                                         r  timer_reg[9]/C
  -------------------------------------------------------------------    -------------------
    SLICE_X88Y52         FDRE (Prop_fdre_C_Q)         0.518     5.854 r  timer_reg[9]/Q
                         net (fo=3, routed)           1.138     6.992    timer_reg[9]
    SLICE_X89Y52         LUT4 (Prop_lut4_I2_O)        0.124     7.116 r  timer[0]_i_28/O
                         net (fo=1, routed)           0.000     7.116    timer[0]_i_28_n_0
    SLICE_X89Y52         CARRY4 (Prop_carry4_S[3]_CO[3])
                                                      0.401     7.517 r  timer_reg[0]_i_16/CO[3]
                         net (fo=1, routed)           0.000     7.517    timer_reg[0]_i_16_n_0
    SLICE_X89Y53         CARRY4 (Prop_carry4_CI_CO[3])
                                                      0.114     7.631 r  timer_reg[0]_i_7/CO[3]
                         net (fo=1, routed)           0.000     7.631    timer_reg[0]_i_7_n_0
    SLICE_X89Y54         CARRY4 (Prop_carry4_CI_CO[3])
                                                      0.114     7.745 r  timer_reg[0]_i_3/CO[3]
                         net (fo=1, routed)           0.000     7.745    timer_reg[0]_i_3_n_0
    SLICE_X89Y55         CARRY4 (Prop_carry4_CI_CO[0])
                                                      0.271     8.016 r  timer_reg[0]_i_1/CO[0]
                         net (fo=36, routed)          1.029     9.045    sel
    SLICE_X88Y50         FDRE                                         r  timer_reg[3]/R
  -------------------------------------------------------------------    -------------------

                         (clock sys_clk_pin rise edge)
                                                     10.000    10.000 r  
    E3                                                0.000    10.000 r  clk (IN)
                         net (fo=0)                   0.000    10.000    clk
    E3                   IBUF (Prop_ibuf_I_O)         1.411    11.411 r  clk_IBUF_inst/O
                         net (fo=1, routed)           1.920    13.331    clk_IBUF
    BUFGCTRL_X0Y16       BUFG (Prop_bufg_I_O)         0.091    13.422 r  clk_IBUF_BUFG_inst/O
                         net (fo=36, routed)          1.613    15.036    clk_IBUF_BUFG
    SLICE_X88Y50         FDRE                                         r  timer_reg[3]/C
                         clock pessimism              0.275    15.311    
                         clock uncertainty           -0.035    15.275    
    SLICE_X88Y50         FDRE (Setup_fdre_C_R)       -0.773    14.502    timer_reg[3]
  -------------------------------------------------------------------
                         required time                         14.502    
                         arrival time                          -9.045    
  -------------------------------------------------------------------
                         slack                                  5.458    

Slack (MET) :             5.535ns  (required time - arrival time)
  Source:                 timer_reg[1]/C
                            (rising edge-triggered cell FDRE clocked by sys_clk_pin  {rise@0.000ns fall@5.000ns period=10.000ns})
  Destination:            timer_reg[20]/R
                            (rising edge-triggered cell FDRE clocked by sys_clk_pin  {rise@0.000ns fall@5.000ns period=10.000ns})
  Path Group:             sys_clk_pin
  Path Type:              Setup (Max at Slow Process Corner)
  Requirement:            10.000ns  (sys_clk_pin rise@10.000ns - sys_clk_pin rise@0.000ns)
  Data Path Delay:        3.631ns  (logic 1.721ns (47.402%)  route 1.910ns (52.598%))
  Logic Levels:           5  (CARRY4=4 LUT2=1)
  Clock Path Skew:        -0.026ns (DCD - SCD + CPR)
    Destination Clock Delay (DCD):    5.035ns = ( 15.035 - 10.000 ) 
    Source Clock Delay      (SCD):    5.336ns
    Clock Pessimism Removal (CPR):    0.275ns
  Clock Uncertainty:      0.035ns  ((TSJ^2 + TIJ^2)^1/2 + DJ) / 2 + PE
    Total System Jitter     (TSJ):    0.071ns
    Total Input Jitter      (TIJ):    0.000ns
    Discrete Jitter          (DJ):    0.000ns
    Phase Error              (PE):    0.000ns

    Location             Delay type                Incr(ns)  Path(ns)    Netlist Resource(s)
  -------------------------------------------------------------------    -------------------
                         (clock sys_clk_pin rise edge)
                                                      0.000     0.000 r  
    E3                                                0.000     0.000 r  clk (IN)
                         net (fo=0)                   0.000     0.000    clk
    E3                   IBUF (Prop_ibuf_I_O)         1.482     1.482 r  clk_IBUF_inst/O
                         net (fo=1, routed)           2.025     3.506    clk_IBUF
    BUFGCTRL_X0Y16       BUFG (Prop_bufg_I_O)         0.096     3.602 r  clk_IBUF_BUFG_inst/O
                         net (fo=36, routed)          1.733     5.336    clk_IBUF_BUFG
    SLICE_X88Y50         FDRE                                         r  timer_reg[1]/C
  -------------------------------------------------------------------    -------------------
    SLICE_X88Y50         FDRE (Prop_fdre_C_Q)         0.518     5.854 r  timer_reg[1]/Q
                         net (fo=2, routed)           0.443     6.297    timer_reg[1]
    SLICE_X89Y50         LUT2 (Prop_lut2_I1_O)        0.124     6.421 r  timer[0]_i_25/O
                         net (fo=1, routed)           0.521     6.942    timer[0]_i_25_n_0
    SLICE_X89Y52         CARRY4 (Prop_carry4_CYINIT_CO[3])
                                                      0.580     7.522 r  timer_reg[0]_i_16/CO[3]
                         net (fo=1, routed)           0.000     7.522    timer_reg[0]_i_16_n_0
    SLICE_X89Y53         CARRY4 (Prop_carry4_CI_CO[3])
                                                      0.114     7.636 r  timer_reg[0]_i_7/CO[3]
                         net (fo=1, routed)           0.000     7.636    timer_reg[0]_i_7_n_0
    SLICE_X89Y54         CARRY4 (Prop_carry4_CI_CO[3])
                                                      0.114     7.750 r  timer_reg[0]_i_3/CO[3]
                         net (fo=1, routed)           0.000     7.750    timer_reg[0]_i_3_n_0
    SLICE_X89Y55         CARRY4 (Prop_carry4_CI_CO[0])
                                                      0.271     8.021 r  timer_reg[0]_i_1/CO[0]
                         net (fo=36, routed)          0.945     8.966    sel
    SLICE_X88Y55         FDRE                                         r  timer_reg[20]/R
  -------------------------------------------------------------------    -------------------

                         (clock sys_clk_pin rise edge)
                                                     10.000    10.000 r  
    E3                                                0.000    10.000 r  clk (IN)
                         net (fo=0)                   0.000    10.000    clk
    E3                   IBUF (Prop_ibuf_I_O)         1.411    11.411 r  clk_IBUF_inst/O
                         net (fo=1, routed)           1.920    13.331    clk_IBUF
    BUFGCTRL_X0Y16       BUFG (Prop_bufg_I_O)         0.091    13.422 r  clk_IBUF_BUFG_inst/O
                         net (fo=36, routed)          1.612    15.035    clk_IBUF_BUFG
    SLICE_X88Y55         FDRE                                         r  timer_reg[20]/C
                         clock pessimism              0.275    15.310    
                         clock uncertainty           -0.035    15.274    
    SLICE_X88Y55         FDRE (Setup_fdre_C_R)       -0.773    14.501    timer_reg[20]
  -------------------------------------------------------------------
                         required time                         14.501    
                         arrival time                          -8.966    
  -------------------------------------------------------------------
                         slack                                  5.535    

Slack (MET) :             5.535ns  (required time - arrival time)
  Source:                 timer_reg[1]/C
                            (rising edge-triggered cell FDRE clocked by sys_clk_pin  {rise@0.000ns fall@5.000ns period=10.000ns})
  Destination:            timer_reg[21]/R
                            (rising edge-triggered cell FDRE clocked by sys_clk_pin  {rise@0.000ns fall@5.000ns period=10.000ns})
  Path Group:             sys_clk_pin
  Path Type:              Setup (Max at Slow Process Corner)
  Requirement:            10.000ns  (sys_clk_pin rise@10.000ns - sys_clk_pin rise@0.000ns)
  Data Path Delay:        3.631ns  (logic 1.721ns (47.402%)  route 1.910ns (52.598%))
  Logic Levels:           5  (CARRY4=4 LUT2=1)
  Clock Path Skew:        -0.026ns (DCD - SCD + CPR)
    Destination Clock Delay (DCD):    5.035ns = ( 15.035 - 10.000 ) 
    Source Clock Delay      (SCD):    5.336ns
    Clock Pessimism Removal (CPR):    0.275ns
  Clock Uncertainty:      0.035ns  ((TSJ^2 + TIJ^2)^1/2 + DJ) / 2 + PE
    Total System Jitter     (TSJ):    0.071ns
    Total Input Jitter      (TIJ):    0.000ns
    Discrete Jitter          (DJ):    0.000ns
    Phase Error              (PE):    0.000ns

    Location             Delay type                Incr(ns)  Path(ns)    Netlist Resource(s)
  -------------------------------------------------------------------    -------------------
                         (clock sys_clk_pin rise edge)
                                                      0.000     0.000 r  
    E3                                                0.000     0.000 r  clk (IN)
                         net (fo=0)                   0.000     0.000    clk
    E3                   IBUF (Prop_ibuf_I_O)         1.482     1.482 r  clk_IBUF_inst/O
                         net (fo=1, routed)           2.025     3.506    clk_IBUF
    BUFGCTRL_X0Y16       BUFG (Prop_bufg_I_O)         0.096     3.602 r  clk_IBUF_BUFG_inst/O
                         net (fo=36, routed)          1.733     5.336    clk_IBUF_BUFG
    SLICE_X88Y50         FDRE                                         r  timer_reg[1]/C
  -------------------------------------------------------------------    -------------------
    SLICE_X88Y50         FDRE (Prop_fdre_C_Q)         0.518     5.854 r  timer_reg[1]/Q
                         net (fo=2, routed)           0.443     6.297    timer_reg[1]
    SLICE_X89Y50         LUT2 (Prop_lut2_I1_O)        0.124     6.421 r  timer[0]_i_25/O
                         net (fo=1, routed)           0.521     6.942    timer[0]_i_25_n_0
    SLICE_X89Y52         CARRY4 (Prop_carry4_CYINIT_CO[3])
                                                      0.580     7.522 r  timer_reg[0]_i_16/CO[3]
                         net (fo=1, routed)           0.000     7.522    timer_reg[0]_i_16_n_0
    SLICE_X89Y53         CARRY4 (Prop_carry4_CI_CO[3])
                                                      0.114     7.636 r  timer_reg[0]_i_7/CO[3]
                         net (fo=1, routed)           0.000     7.636    timer_reg[0]_i_7_n_0
    SLICE_X89Y54         CARRY4 (Prop_carry4_CI_CO[3])
                                                      0.114     7.750 r  timer_reg[0]_i_3/CO[3]
                         net (fo=1, routed)           0.000     7.750    timer_reg[0]_i_3_n_0
    SLICE_X89Y55         CARRY4 (Prop_carry4_CI_CO[0])
                                                      0.271     8.021 r  timer_reg[0]_i_1/CO[0]
                         net (fo=36, routed)          0.945     8.966    sel
    SLICE_X88Y55         FDRE                                         r  timer_reg[21]/R
  -------------------------------------------------------------------    -------------------

                         (clock sys_clk_pin rise edge)
                                                     10.000    10.000 r  
    E3                                                0.000    10.000 r  clk (IN)
                         net (fo=0)                   0.000    10.000    clk
    E3                   IBUF (Prop_ibuf_I_O)         1.411    11.411 r  clk_IBUF_inst/O
                         net (fo=1, routed)           1.920    13.331    clk_IBUF
    BUFGCTRL_X0Y16       BUFG (Prop_bufg_I_O)         0.091    13.422 r  clk_IBUF_BUFG_inst/O
                         net (fo=36, routed)          1.612    15.035    clk_IBUF_BUFG
    SLICE_X88Y55         FDRE                                         r  timer_reg[21]/C
                         clock pessimism              0.275    15.310    
                         clock uncertainty           -0.035    15.274    
    SLICE_X88Y55         FDRE (Setup_fdre_C_R)       -0.773    14.501    timer_reg[21]
  -------------------------------------------------------------------
                         required time                         14.501    
                         arrival time                          -8.966    
  -------------------------------------------------------------------
                         slack                                  5.535    

Slack (MET) :             5.535ns  (required time - arrival time)
  Source:                 timer_reg[1]/C
                            (rising edge-triggered cell FDRE clocked by sys_clk_pin  {rise@0.000ns fall@5.000ns period=10.000ns})
  Destination:            timer_reg[22]/R
                            (rising edge-triggered cell FDRE clocked by sys_clk_pin  {rise@0.000ns fall@5.000ns period=10.000ns})
  Path Group:             sys_clk_pin
  Path Type:              Setup (Max at Slow Process Corner)
  Requirement:            10.000ns  (sys_clk_pin rise@10.000ns - sys_clk_pin rise@0.000ns)
  Data Path Delay:        3.631ns  (logic 1.721ns (47.402%)  route 1.910ns (52.598%))
  Logic Levels:           5  (CARRY4=4 LUT2=1)
  Clock Path Skew:        -0.026ns (DCD - SCD + CPR)
    Destination Clock Delay (DCD):    5.035ns = ( 15.035 - 10.000 ) 
    Source Clock Delay      (SCD):    5.336ns
    Clock Pessimism Removal (CPR):    0.275ns
  Clock Uncertainty:      0.035ns  ((TSJ^2 + TIJ^2)^1/2 + DJ) / 2 + PE
    Total System Jitter     (TSJ):    0.071ns
    Total Input Jitter      (TIJ):    0.000ns
    Discrete Jitter          (DJ):    0.000ns
    Phase Error              (PE):    0.000ns

    Location             Delay type                Incr(ns)  Path(ns)    Netlist Resource(s)
  -------------------------------------------------------------------    -------------------
                         (clock sys_clk_pin rise edge)
                                                      0.000     0.000 r  
    E3                                                0.000     0.000 r  clk (IN)
                         net (fo=0)                   0.000     0.000    clk
    E3                   IBUF (Prop_ibuf_I_O)         1.482     1.482 r  clk_IBUF_inst/O
                         net (fo=1, routed)           2.025     3.506    clk_IBUF
    BUFGCTRL_X0Y16       BUFG (Prop_bufg_I_O)         0.096     3.602 r  clk_IBUF_BUFG_inst/O
                         net (fo=36, routed)          1.733     5.336    clk_IBUF_BUFG
    SLICE_X88Y50         FDRE                                         r  timer_reg[1]/C
  -------------------------------------------------------------------    -------------------
    SLICE_X88Y50         FDRE (Prop_fdre_C_Q)         0.518     5.854 r  timer_reg[1]/Q
                         net (fo=2, routed)           0.443     6.297    timer_reg[1]
    SLICE_X89Y50         LUT2 (Prop_lut2_I1_O)        0.124     6.421 r  timer[0]_i_25/O
                         net (fo=1, routed)           0.521     6.942    timer[0]_i_25_n_0
    SLICE_X89Y52         CARRY4 (Prop_carry4_CYINIT_CO[3])
                                                      0.580     7.522 r  timer_reg[0]_i_16/CO[3]
                         net (fo=1, routed)           0.000     7.522    timer_reg[0]_i_16_n_0
    SLICE_X89Y53         CARRY4 (Prop_carry4_CI_CO[3])
                                                      0.114     7.636 r  timer_reg[0]_i_7/CO[3]
                         net (fo=1, routed)           0.000     7.636    timer_reg[0]_i_7_n_0
    SLICE_X89Y54         CARRY4 (Prop_carry4_CI_CO[3])
                                                      0.114     7.750 r  timer_reg[0]_i_3/CO[3]
                         net (fo=1, routed)           0.000     7.750    timer_reg[0]_i_3_n_0
    SLICE_X89Y55         CARRY4 (Prop_carry4_CI_CO[0])
                                                      0.271     8.021 r  timer_reg[0]_i_1/CO[0]
                         net (fo=36, routed)          0.945     8.966    sel
    SLICE_X88Y55         FDRE                                         r  timer_reg[22]/R
  -------------------------------------------------------------------    -------------------

                         (clock sys_clk_pin rise edge)
                                                     10.000    10.000 r  
    E3                                                0.000    10.000 r  clk (IN)
                         net (fo=0)                   0.000    10.000    clk
    E3                   IBUF (Prop_ibuf_I_O)         1.411    11.411 r  clk_IBUF_inst/O
                         net (fo=1, routed)           1.920    13.331    clk_IBUF
    BUFGCTRL_X0Y16       BUFG (Prop_bufg_I_O)         0.091    13.422 r  clk_IBUF_BUFG_inst/O
                         net (fo=36, routed)          1.612    15.035    clk_IBUF_BUFG
    SLICE_X88Y55         FDRE                                         r  timer_reg[22]/C
                         clock pessimism              0.275    15.310    
                         clock uncertainty           -0.035    15.274    
    SLICE_X88Y55         FDRE (Setup_fdre_C_R)       -0.773    14.501    timer_reg[22]
  -------------------------------------------------------------------
                         required time                         14.501    
                         arrival time                          -8.966    
  -------------------------------------------------------------------
                         slack                                  5.535    

Slack (MET) :             5.535ns  (required time - arrival time)
  Source:                 timer_reg[1]/C
                            (rising edge-triggered cell FDRE clocked by sys_clk_pin  {rise@0.000ns fall@5.000ns period=10.000ns})
  Destination:            timer_reg[23]/R
                            (rising edge-triggered cell FDRE clocked by sys_clk_pin  {rise@0.000ns fall@5.000ns period=10.000ns})
  Path Group:             sys_clk_pin
  Path Type:              Setup (Max at Slow Process Corner)
  Requirement:            10.000ns  (sys_clk_pin rise@10.000ns - sys_clk_pin rise@0.000ns)
  Data Path Delay:        3.631ns  (logic 1.721ns (47.402%)  route 1.910ns (52.598%))
  Logic Levels:           5  (CARRY4=4 LUT2=1)
  Clock Path Skew:        -0.026ns (DCD - SCD + CPR)
    Destination Clock Delay (DCD):    5.035ns = ( 15.035 - 10.000 ) 
    Source Clock Delay      (SCD):    5.336ns
    Clock Pessimism Removal (CPR):    0.275ns
  Clock Uncertainty:      0.035ns  ((TSJ^2 + TIJ^2)^1/2 + DJ) / 2 + PE
    Total System Jitter     (TSJ):    0.071ns
    Total Input Jitter      (TIJ):    0.000ns
    Discrete Jitter          (DJ):    0.000ns
    Phase Error              (PE):    0.000ns

    Location             Delay type                Incr(ns)  Path(ns)    Netlist Resource(s)
  -------------------------------------------------------------------    -------------------
                         (clock sys_clk_pin rise edge)
                                                      0.000     0.000 r  
    E3                                                0.000     0.000 r  clk (IN)
                         net (fo=0)                   0.000     0.000    clk
    E3                   IBUF (Prop_ibuf_I_O)         1.482     1.482 r  clk_IBUF_inst/O
                         net (fo=1, routed)           2.025     3.506    clk_IBUF
    BUFGCTRL_X0Y16       BUFG (Prop_bufg_I_O)         0.096     3.602 r  clk_IBUF_BUFG_inst/O
                         net (fo=36, routed)          1.733     5.336    clk_IBUF_BUFG
    SLICE_X88Y50         FDRE                                         r  timer_reg[1]/C
  -------------------------------------------------------------------    -------------------
    SLICE_X88Y50         FDRE (Prop_fdre_C_Q)         0.518     5.854 r  timer_reg[1]/Q
                         net (fo=2, routed)           0.443     6.297    timer_reg[1]
    SLICE_X89Y50         LUT2 (Prop_lut2_I1_O)        0.124     6.421 r  timer[0]_i_25/O
                         net (fo=1, routed)           0.521     6.942    timer[0]_i_25_n_0
    SLICE_X89Y52         CARRY4 (Prop_carry4_CYINIT_CO[3])
                                                      0.580     7.522 r  timer_reg[0]_i_16/CO[3]
                         net (fo=1, routed)           0.000     7.522    timer_reg[0]_i_16_n_0
    SLICE_X89Y53         CARRY4 (Prop_carry4_CI_CO[3])
                                                      0.114     7.636 r  timer_reg[0]_i_7/CO[3]
                         net (fo=1, routed)           0.000     7.636    timer_reg[0]_i_7_n_0
    SLICE_X89Y54         CARRY4 (Prop_carry4_CI_CO[3])
                                                      0.114     7.750 r  timer_reg[0]_i_3/CO[3]
                         net (fo=1, routed)           0.000     7.750    timer_reg[0]_i_3_n_0
    SLICE_X89Y55         CARRY4 (Prop_carry4_CI_CO[0])
                                                      0.271     8.021 r  timer_reg[0]_i_1/CO[0]
                         net (fo=36, routed)          0.945     8.966    sel
    SLICE_X88Y55         FDRE                                         r  timer_reg[23]/R
  -------------------------------------------------------------------    -------------------

                         (clock sys_clk_pin rise edge)
                                                     10.000    10.000 r  
    E3                                                0.000    10.000 r  clk (IN)
                         net (fo=0)                   0.000    10.000    clk
    E3                   IBUF (Prop_ibuf_I_O)         1.411    11.411 r  clk_IBUF_inst/O
                         net (fo=1, routed)           1.920    13.331    clk_IBUF
    BUFGCTRL_X0Y16       BUFG (Prop_bufg_I_O)         0.091    13.422 r  clk_IBUF_BUFG_inst/O
                         net (fo=36, routed)          1.612    15.035    clk_IBUF_BUFG
    SLICE_X88Y55         FDRE                                         r  timer_reg[23]/C
                         clock pessimism              0.275    15.310    
                         clock uncertainty           -0.035    15.274    
    SLICE_X88Y55         FDRE (Setup_fdre_C_R)       -0.773    14.501    timer_reg[23]
  -------------------------------------------------------------------
                         required time                         14.501    
                         arrival time                          -8.966    
  -------------------------------------------------------------------
                         slack                                  5.535    

Slack (MET) :             5.741ns  (required time - arrival time)
  Source:                 timer_reg[1]/C
                            (rising edge-triggered cell FDRE clocked by sys_clk_pin  {rise@0.000ns fall@5.000ns period=10.000ns})
  Destination:            timer_reg[4]/R
                            (rising edge-triggered cell FDRE clocked by sys_clk_pin  {rise@0.000ns fall@5.000ns period=10.000ns})
  Path Group:             sys_clk_pin
  Path Type:              Setup (Max at Slow Process Corner)
  Requirement:            10.000ns  (sys_clk_pin rise@10.000ns - sys_clk_pin rise@0.000ns)
  Data Path Delay:        3.425ns  (logic 1.721ns (50.244%)  route 1.704ns (49.756%))
  Logic Levels:           5  (CARRY4=4 LUT2=1)
  Clock Path Skew:        -0.025ns (DCD - SCD + CPR)
    Destination Clock Delay (DCD):    5.036ns = ( 15.036 - 10.000 ) 
    Source Clock Delay      (SCD):    5.336ns
    Clock Pessimism Removal (CPR):    0.275ns
  Clock Uncertainty:      0.035ns  ((TSJ^2 + TIJ^2)^1/2 + DJ) / 2 + PE
    Total System Jitter     (TSJ):    0.071ns
    Total Input Jitter      (TIJ):    0.000ns
    Discrete Jitter          (DJ):    0.000ns
    Phase Error              (PE):    0.000ns

    Location             Delay type                Incr(ns)  Path(ns)    Netlist Resource(s)
  -------------------------------------------------------------------    -------------------
                         (clock sys_clk_pin rise edge)
                                                      0.000     0.000 r  
    E3                                                0.000     0.000 r  clk (IN)
                         net (fo=0)                   0.000     0.000    clk
    E3                   IBUF (Prop_ibuf_I_O)         1.482     1.482 r  clk_IBUF_inst/O
                         net (fo=1, routed)           2.025     3.506    clk_IBUF
    BUFGCTRL_X0Y16       BUFG (Prop_bufg_I_O)         0.096     3.602 r  clk_IBUF_BUFG_inst/O
                         net (fo=36, routed)          1.733     5.336    clk_IBUF_BUFG
    SLICE_X88Y50         FDRE                                         r  timer_reg[1]/C
  -------------------------------------------------------------------    -------------------
    SLICE_X88Y50         FDRE (Prop_fdre_C_Q)         0.518     5.854 r  timer_reg[1]/Q
                         net (fo=2, routed)           0.443     6.297    timer_reg[1]
    SLICE_X89Y50         LUT2 (Prop_lut2_I1_O)        0.124     6.421 r  timer[0]_i_25/O
                         net (fo=1, routed)           0.521     6.942    timer[0]_i_25_n_0
    SLICE_X89Y52         CARRY4 (Prop_carry4_CYINIT_CO[3])
                                                      0.580     7.522 r  timer_reg[0]_i_16/CO[3]
                         net (fo=1, routed)           0.000     7.522    timer_reg[0]_i_16_n_0
    SLICE_X89Y53         CARRY4 (Prop_carry4_CI_CO[3])
                                                      0.114     7.636 r  timer_reg[0]_i_7/CO[3]
                         net (fo=1, routed)           0.000     7.636    timer_reg[0]_i_7_n_0
    SLICE_X89Y54         CARRY4 (Prop_carry4_CI_CO[3])
                                                      0.114     7.750 r  timer_reg[0]_i_3/CO[3]
                         net (fo=1, routed)           0.000     7.750    timer_reg[0]_i_3_n_0
    SLICE_X89Y55         CARRY4 (Prop_carry4_CI_CO[0])
                                                      0.271     8.021 r  timer_reg[0]_i_1/CO[0]
                         net (fo=36, routed)          0.740     8.761    sel
    SLICE_X88Y51         FDRE                                         r  timer_reg[4]/R
  -------------------------------------------------------------------    -------------------

                         (clock sys_clk_pin rise edge)
                                                     10.000    10.000 r  
    E3                                                0.000    10.000 r  clk (IN)
                         net (fo=0)                   0.000    10.000    clk
    E3                   IBUF (Prop_ibuf_I_O)         1.411    11.411 r  clk_IBUF_inst/O
                         net (fo=1, routed)           1.920    13.331    clk_IBUF
    BUFGCTRL_X0Y16       BUFG (Prop_bufg_I_O)         0.091    13.422 r  clk_IBUF_BUFG_inst/O
                         net (fo=36, routed)          1.613    15.036    clk_IBUF_BUFG
    SLICE_X88Y51         FDRE                                         r  timer_reg[4]/C
                         clock pessimism              0.275    15.311    
                         clock uncertainty           -0.035    15.275    
    SLICE_X88Y51         FDRE (Setup_fdre_C_R)       -0.773    14.502    timer_reg[4]
  -------------------------------------------------------------------
                         required time                         14.502    
                         arrival time                          -8.761    
  -------------------------------------------------------------------
                         slack                                  5.741    

Slack (MET) :             5.741ns  (required time - arrival time)
  Source:                 timer_reg[1]/C
                            (rising edge-triggered cell FDRE clocked by sys_clk_pin  {rise@0.000ns fall@5.000ns period=10.000ns})
  Destination:            timer_reg[5]/R
                            (rising edge-triggered cell FDRE clocked by sys_clk_pin  {rise@0.000ns fall@5.000ns period=10.000ns})
  Path Group:             sys_clk_pin
  Path Type:              Setup (Max at Slow Process Corner)
  Requirement:            10.000ns  (sys_clk_pin rise@10.000ns - sys_clk_pin rise@0.000ns)
  Data Path Delay:        3.425ns  (logic 1.721ns (50.244%)  route 1.704ns (49.756%))
  Logic Levels:           5  (CARRY4=4 LUT2=1)
  Clock Path Skew:        -0.025ns (DCD - SCD + CPR)
    Destination Clock Delay (DCD):    5.036ns = ( 15.036 - 10.000 ) 
    Source Clock Delay      (SCD):    5.336ns
    Clock Pessimism Removal (CPR):    0.275ns
  Clock Uncertainty:      0.035ns  ((TSJ^2 + TIJ^2)^1/2 + DJ) / 2 + PE
    Total System Jitter     (TSJ):    0.071ns
    Total Input Jitter      (TIJ):    0.000ns
    Discrete Jitter          (DJ):    0.000ns
    Phase Error              (PE):    0.000ns

    Location             Delay type                Incr(ns)  Path(ns)    Netlist Resource(s)
  -------------------------------------------------------------------    -------------------
                         (clock sys_clk_pin rise edge)
                                                      0.000     0.000 r  
    E3                                                0.000     0.000 r  clk (IN)
                         net (fo=0)                   0.000     0.000    clk
    E3                   IBUF (Prop_ibuf_I_O)         1.482     1.482 r  clk_IBUF_inst/O
                         net (fo=1, routed)           2.025     3.506    clk_IBUF
    BUFGCTRL_X0Y16       BUFG (Prop_bufg_I_O)         0.096     3.602 r  clk_IBUF_BUFG_inst/O
                         net (fo=36, routed)          1.733     5.336    clk_IBUF_BUFG
    SLICE_X88Y50         FDRE                                         r  timer_reg[1]/C
  -------------------------------------------------------------------    -------------------
    SLICE_X88Y50         FDRE (Prop_fdre_C_Q)         0.518     5.854 r  timer_reg[1]/Q
                         net (fo=2, routed)           0.443     6.297    timer_reg[1]
    SLICE_X89Y50         LUT2 (Prop_lut2_I1_O)        0.124     6.421 r  timer[0]_i_25/O
                         net (fo=1, routed)           0.521     6.942    timer[0]_i_25_n_0
    SLICE_X89Y52         CARRY4 (Prop_carry4_CYINIT_CO[3])
                                                      0.580     7.522 r  timer_reg[0]_i_16/CO[3]
                         net (fo=1, routed)           0.000     7.522    timer_reg[0]_i_16_n_0
    SLICE_X89Y53         CARRY4 (Prop_carry4_CI_CO[3])
                                                      0.114     7.636 r  timer_reg[0]_i_7/CO[3]
                         net (fo=1, routed)           0.000     7.636    timer_reg[0]_i_7_n_0
    SLICE_X89Y54         CARRY4 (Prop_carry4_CI_CO[3])
                                                      0.114     7.750 r  timer_reg[0]_i_3/CO[3]
                         net (fo=1, routed)           0.000     7.750    timer_reg[0]_i_3_n_0
    SLICE_X89Y55         CARRY4 (Prop_carry4_CI_CO[0])
                                                      0.271     8.021 r  timer_reg[0]_i_1/CO[0]
                         net (fo=36, routed)          0.740     8.761    sel
    SLICE_X88Y51         FDRE                                         r  timer_reg[5]/R
  -------------------------------------------------------------------    -------------------

                         (clock sys_clk_pin rise edge)
                                                     10.000    10.000 r  
    E3                                                0.000    10.000 r  clk (IN)
                         net (fo=0)                   0.000    10.000    clk
    E3                   IBUF (Prop_ibuf_I_O)         1.411    11.411 r  clk_IBUF_inst/O
                         net (fo=1, routed)           1.920    13.331    clk_IBUF
    BUFGCTRL_X0Y16       BUFG (Prop_bufg_I_O)         0.091    13.422 r  clk_IBUF_BUFG_inst/O
                         net (fo=36, routed)          1.613    15.036    clk_IBUF_BUFG
    SLICE_X88Y51         FDRE                                         r  timer_reg[5]/C
                         clock pessimism              0.275    15.311    
                         clock uncertainty           -0.035    15.275    
    SLICE_X88Y51         FDRE (Setup_fdre_C_R)       -0.773    14.502    timer_reg[5]
  -------------------------------------------------------------------
                         required time                         14.502    
                         arrival time                          -8.761    
  -------------------------------------------------------------------
                         slack                                  5.741    





Min Delay Paths
--------------------------------------------------------------------------------------
Slack (MET) :             0.244ns  (arrival time - required time)
  Source:                 counter_in_reg[1]/C
                            (rising edge-triggered cell FDRE clocked by sys_clk_pin  {rise@0.000ns fall@5.000ns period=10.000ns})
  Destination:            counter_in_reg[2]/D
                            (rising edge-triggered cell FDRE clocked by sys_clk_pin  {rise@0.000ns fall@5.000ns period=10.000ns})
  Path Group:             sys_clk_pin
  Path Type:              Hold (Min at Fast Process Corner)
  Requirement:            0.000ns  (sys_clk_pin rise@0.000ns - sys_clk_pin rise@0.000ns)
  Data Path Delay:        0.351ns  (logic 0.183ns (52.092%)  route 0.168ns (47.908%))
  Logic Levels:           1  (LUT3=1)
  Clock Path Skew:        0.000ns (DCD - SCD - CPR)
    Destination Clock Delay (DCD):    2.045ns
    Source Clock Delay      (SCD):    1.527ns
    Clock Pessimism Removal (CPR):    0.517ns

    Location             Delay type                Incr(ns)  Path(ns)    Netlist Resource(s)
  -------------------------------------------------------------------    -------------------
                         (clock sys_clk_pin rise edge)
                                                      0.000     0.000 r  
    E3                                                0.000     0.000 r  clk (IN)
                         net (fo=0)                   0.000     0.000    clk
    E3                   IBUF (Prop_ibuf_I_O)         0.250     0.250 r  clk_IBUF_inst/O
                         net (fo=1, routed)           0.644     0.894    clk_IBUF
    BUFGCTRL_X0Y16       BUFG (Prop_bufg_I_O)         0.026     0.920 r  clk_IBUF_BUFG_inst/O
                         net (fo=36, routed)          0.608     1.527    clk_IBUF_BUFG
    SLICE_X89Y51         FDRE                                         r  counter_in_reg[1]/C
  -------------------------------------------------------------------    -------------------
    SLICE_X89Y51         FDRE (Prop_fdre_C_Q)         0.141     1.668 r  counter_in_reg[1]/Q
                         net (fo=7, routed)           0.168     1.837    counter_OBUF[1]
    SLICE_X89Y51         LUT3 (Prop_lut3_I1_O)        0.042     1.879 r  counter_in[2]_i_1/O
                         net (fo=1, routed)           0.000     1.879    plusOp[2]
    SLICE_X89Y51         FDRE                                         r  counter_in_reg[2]/D
  -------------------------------------------------------------------    -------------------

                         (clock sys_clk_pin rise edge)
                                                      0.000     0.000 r  
    E3                                                0.000     0.000 r  clk (IN)
                         net (fo=0)                   0.000     0.000    clk
    E3                   IBUF (Prop_ibuf_I_O)         0.438     0.438 r  clk_IBUF_inst/O
                         net (fo=1, routed)           0.699     1.136    clk_IBUF
    BUFGCTRL_X0Y16       BUFG (Prop_bufg_I_O)         0.029     1.165 r  clk_IBUF_BUFG_inst/O
                         net (fo=36, routed)          0.880     2.045    clk_IBUF_BUFG
    SLICE_X89Y51         FDRE                                         r  counter_in_reg[2]/C
                         clock pessimism             -0.517     1.527    
    SLICE_X89Y51         FDRE (Hold_fdre_C_D)         0.107     1.634    counter_in_reg[2]
  -------------------------------------------------------------------
                         required time                         -1.634    
                         arrival time                           1.879    
  -------------------------------------------------------------------
                         slack                                  0.244    

Slack (MET) :             0.244ns  (arrival time - required time)
  Source:                 counter_in_reg[6]/C
                            (rising edge-triggered cell FDRE clocked by sys_clk_pin  {rise@0.000ns fall@5.000ns period=10.000ns})
  Destination:            counter_in_reg[7]/D
                            (rising edge-triggered cell FDRE clocked by sys_clk_pin  {rise@0.000ns fall@5.000ns period=10.000ns})
  Path Group:             sys_clk_pin
  Path Type:              Hold (Min at Fast Process Corner)
  Requirement:            0.000ns  (sys_clk_pin rise@0.000ns - sys_clk_pin rise@0.000ns)
  Data Path Delay:        0.351ns  (logic 0.183ns (52.092%)  route 0.168ns (47.908%))
  Logic Levels:           1  (LUT3=1)
  Clock Path Skew:        0.000ns (DCD - SCD - CPR)
    Destination Clock Delay (DCD):    2.044ns
    Source Clock Delay      (SCD):    1.526ns
    Clock Pessimism Removal (CPR):    0.517ns

    Location             Delay type                Incr(ns)  Path(ns)    Netlist Resource(s)
  -------------------------------------------------------------------    -------------------
                         (clock sys_clk_pin rise edge)
                                                      0.000     0.000 r  
    E3                                                0.000     0.000 r  clk (IN)
                         net (fo=0)                   0.000     0.000    clk
    E3                   IBUF (Prop_ibuf_I_O)         0.250     0.250 r  clk_IBUF_inst/O
                         net (fo=1, routed)           0.644     0.894    clk_IBUF
    BUFGCTRL_X0Y16       BUFG (Prop_bufg_I_O)         0.026     0.920 r  clk_IBUF_BUFG_inst/O
                         net (fo=36, routed)          0.607     1.526    clk_IBUF_BUFG
    SLICE_X89Y56         FDRE                                         r  counter_in_reg[6]/C
  -------------------------------------------------------------------    -------------------
    SLICE_X89Y56         FDRE (Prop_fdre_C_Q)         0.141     1.667 r  counter_in_reg[6]/Q
                         net (fo=3, routed)           0.168     1.836    counter_OBUF[6]
    SLICE_X89Y56         LUT3 (Prop_lut3_I1_O)        0.042     1.878 r  counter_in[7]_i_1/O
                         net (fo=1, routed)           0.000     1.878    plusOp[7]
    SLICE_X89Y56         FDRE                                         r  counter_in_reg[7]/D
  -------------------------------------------------------------------    -------------------

                         (clock sys_clk_pin rise edge)
                                                      0.000     0.000 r  
    E3                                                0.000     0.000 r  clk (IN)
                         net (fo=0)                   0.000     0.000    clk
    E3                   IBUF (Prop_ibuf_I_O)         0.438     0.438 r  clk_IBUF_inst/O
                         net (fo=1, routed)           0.699     1.136    clk_IBUF
    BUFGCTRL_X0Y16       BUFG (Prop_bufg_I_O)         0.029     1.165 r  clk_IBUF_BUFG_inst/O
                         net (fo=36, routed)          0.879     2.044    clk_IBUF_BUFG
    SLICE_X89Y56         FDRE                                         r  counter_in_reg[7]/C
                         clock pessimism             -0.517     1.526    
    SLICE_X89Y56         FDRE (Hold_fdre_C_D)         0.107     1.633    counter_in_reg[7]
  -------------------------------------------------------------------
                         required time                         -1.633    
                         arrival time                           1.878    
  -------------------------------------------------------------------
                         slack                                  0.244    

Slack (MET) :             0.260ns  (arrival time - required time)
  Source:                 timer_reg[1]/C
                            (rising edge-triggered cell FDRE clocked by sys_clk_pin  {rise@0.000ns fall@5.000ns period=10.000ns})
  Destination:            timer_reg[1]/D
                            (rising edge-triggered cell FDRE clocked by sys_clk_pin  {rise@0.000ns fall@5.000ns period=10.000ns})
  Path Group:             sys_clk_pin
  Path Type:              Hold (Min at Fast Process Corner)
  Requirement:            0.000ns  (sys_clk_pin rise@0.000ns - sys_clk_pin rise@0.000ns)
  Data Path Delay:        0.394ns  (logic 0.275ns (69.748%)  route 0.119ns (30.252%))
  Logic Levels:           1  (CARRY4=1)
  Clock Path Skew:        0.000ns (DCD - SCD - CPR)
    Destination Clock Delay (DCD):    2.045ns
    Source Clock Delay      (SCD):    1.527ns
    Clock Pessimism Removal (CPR):    0.517ns

    Location             Delay type                Incr(ns)  Path(ns)    Netlist Resource(s)
  -------------------------------------------------------------------    -------------------
                         (clock sys_clk_pin rise edge)
                                                      0.000     0.000 r  
    E3                                                0.000     0.000 r  clk (IN)
                         net (fo=0)                   0.000     0.000    clk
    E3                   IBUF (Prop_ibuf_I_O)         0.250     0.250 r  clk_IBUF_inst/O
                         net (fo=1, routed)           0.644     0.894    clk_IBUF
    BUFGCTRL_X0Y16       BUFG (Prop_bufg_I_O)         0.026     0.920 r  clk_IBUF_BUFG_inst/O
                         net (fo=36, routed)          0.608     1.527    clk_IBUF_BUFG
    SLICE_X88Y50         FDRE                                         r  timer_reg[1]/C
  -------------------------------------------------------------------    -------------------
    SLICE_X88Y50         FDRE (Prop_fdre_C_Q)         0.164     1.691 r  timer_reg[1]/Q
                         net (fo=2, routed)           0.119     1.811    timer_reg[1]
    SLICE_X88Y50         CARRY4 (Prop_carry4_S[1]_O[1])
                                                      0.111     1.922 r  timer_reg[0]_i_2/O[1]
                         net (fo=1, routed)           0.000     1.922    timer_reg[0]_i_2_n_6
    SLICE_X88Y50         FDRE                                         r  timer_reg[1]/D
  -------------------------------------------------------------------    -------------------

                         (clock sys_clk_pin rise edge)
                                                      0.000     0.000 r  
    E3                                                0.000     0.000 r  clk (IN)
                         net (fo=0)                   0.000     0.000    clk
    E3                   IBUF (Prop_ibuf_I_O)         0.438     0.438 r  clk_IBUF_inst/O
                         net (fo=1, routed)           0.699     1.136    clk_IBUF
    BUFGCTRL_X0Y16       BUFG (Prop_bufg_I_O)         0.029     1.165 r  clk_IBUF_BUFG_inst/O
                         net (fo=36, routed)          0.880     2.045    clk_IBUF_BUFG
    SLICE_X88Y50         FDRE                                         r  timer_reg[1]/C
                         clock pessimism             -0.517     1.527    
    SLICE_X88Y50         FDRE (Hold_fdre_C_D)         0.134     1.661    timer_reg[1]
  -------------------------------------------------------------------
                         required time                         -1.661    
                         arrival time                           1.922    
  -------------------------------------------------------------------
                         slack                                  0.260    

Slack (MET) :             0.263ns  (arrival time - required time)
  Source:                 counter_in_reg[1]/C
                            (rising edge-triggered cell FDRE clocked by sys_clk_pin  {rise@0.000ns fall@5.000ns period=10.000ns})
  Destination:            counter_in_reg[1]/D
                            (rising edge-triggered cell FDRE clocked by sys_clk_pin  {rise@0.000ns fall@5.000ns period=10.000ns})
  Path Group:             sys_clk_pin
  Path Type:              Hold (Min at Fast Process Corner)
  Requirement:            0.000ns  (sys_clk_pin rise@0.000ns - sys_clk_pin rise@0.000ns)
  Data Path Delay:        0.354ns  (logic 0.186ns (52.498%)  route 0.168ns (47.502%))
  Logic Levels:           1  (LUT2=1)
  Clock Path Skew:        0.000ns (DCD - SCD - CPR)
    Destination Clock Delay (DCD):    2.045ns
    Source Clock Delay      (SCD):    1.527ns
    Clock Pessimism Removal (CPR):    0.517ns

    Location             Delay type                Incr(ns)  Path(ns)    Netlist Resource(s)
  -------------------------------------------------------------------    -------------------
                         (clock sys_clk_pin rise edge)
                                                      0.000     0.000 r  
    E3                                                0.000     0.000 r  clk (IN)
                         net (fo=0)                   0.000     0.000    clk
    E3                   IBUF (Prop_ibuf_I_O)         0.250     0.250 r  clk_IBUF_inst/O
                         net (fo=1, routed)           0.644     0.894    clk_IBUF
    BUFGCTRL_X0Y16       BUFG (Prop_bufg_I_O)         0.026     0.920 r  clk_IBUF_BUFG_inst/O
                         net (fo=36, routed)          0.608     1.527    clk_IBUF_BUFG
    SLICE_X89Y51         FDRE                                         r  counter_in_reg[1]/C
  -------------------------------------------------------------------    -------------------
    SLICE_X89Y51         FDRE (Prop_fdre_C_Q)         0.141     1.668 r  counter_in_reg[1]/Q
                         net (fo=7, routed)           0.168     1.837    counter_OBUF[1]
    SLICE_X89Y51         LUT2 (Prop_lut2_I1_O)        0.045     1.882 r  counter_in[1]_i_1/O
                         net (fo=1, routed)           0.000     1.882    plusOp[1]
    SLICE_X89Y51         FDRE                                         r  counter_in_reg[1]/D
  -------------------------------------------------------------------    -------------------

                         (clock sys_clk_pin rise edge)
                                                      0.000     0.000 r  
    E3                                                0.000     0.000 r  clk (IN)
                         net (fo=0)                   0.000     0.000    clk
    E3                   IBUF (Prop_ibuf_I_O)         0.438     0.438 r  clk_IBUF_inst/O
                         net (fo=1, routed)           0.699     1.136    clk_IBUF
    BUFGCTRL_X0Y16       BUFG (Prop_bufg_I_O)         0.029     1.165 r  clk_IBUF_BUFG_inst/O
                         net (fo=36, routed)          0.880     2.045    clk_IBUF_BUFG
    SLICE_X89Y51         FDRE                                         r  counter_in_reg[1]/C
                         clock pessimism             -0.517     1.527    
    SLICE_X89Y51         FDRE (Hold_fdre_C_D)         0.091     1.618    counter_in_reg[1]
  -------------------------------------------------------------------
                         required time                         -1.618    
                         arrival time                           1.882    
  -------------------------------------------------------------------
                         slack                                  0.263    

Slack (MET) :             0.263ns  (arrival time - required time)
  Source:                 counter_in_reg[6]/C
                            (rising edge-triggered cell FDRE clocked by sys_clk_pin  {rise@0.000ns fall@5.000ns period=10.000ns})
  Destination:            counter_in_reg[6]/D
                            (rising edge-triggered cell FDRE clocked by sys_clk_pin  {rise@0.000ns fall@5.000ns period=10.000ns})
  Path Group:             sys_clk_pin
  Path Type:              Hold (Min at Fast Process Corner)
  Requirement:            0.000ns  (sys_clk_pin rise@0.000ns - sys_clk_pin rise@0.000ns)
  Data Path Delay:        0.354ns  (logic 0.186ns (52.498%)  route 0.168ns (47.502%))
  Logic Levels:           1  (LUT2=1)
  Clock Path Skew:        0.000ns (DCD - SCD - CPR)
    Destination Clock Delay (DCD):    2.044ns
    Source Clock Delay      (SCD):    1.526ns
    Clock Pessimism Removal (CPR):    0.517ns

    Location             Delay type                Incr(ns)  Path(ns)    Netlist Resource(s)
  -------------------------------------------------------------------    -------------------
                         (clock sys_clk_pin rise edge)
                                                      0.000     0.000 r  
    E3                                                0.000     0.000 r  clk (IN)
                         net (fo=0)                   0.000     0.000    clk
    E3                   IBUF (Prop_ibuf_I_O)         0.250     0.250 r  clk_IBUF_inst/O
                         net (fo=1, routed)           0.644     0.894    clk_IBUF
    BUFGCTRL_X0Y16       BUFG (Prop_bufg_I_O)         0.026     0.920 r  clk_IBUF_BUFG_inst/O
                         net (fo=36, routed)          0.607     1.526    clk_IBUF_BUFG
    SLICE_X89Y56         FDRE                                         r  counter_in_reg[6]/C
  -------------------------------------------------------------------    -------------------
    SLICE_X89Y56         FDRE (Prop_fdre_C_Q)         0.141     1.667 r  counter_in_reg[6]/Q
                         net (fo=3, routed)           0.168     1.836    counter_OBUF[6]
    SLICE_X89Y56         LUT2 (Prop_lut2_I1_O)        0.045     1.881 r  counter_in[6]_i_1/O
                         net (fo=1, routed)           0.000     1.881    plusOp[6]
    SLICE_X89Y56         FDRE                                         r  counter_in_reg[6]/D
  -------------------------------------------------------------------    -------------------

                         (clock sys_clk_pin rise edge)
                                                      0.000     0.000 r  
    E3                                                0.000     0.000 r  clk (IN)
                         net (fo=0)                   0.000     0.000    clk
    E3                   IBUF (Prop_ibuf_I_O)         0.438     0.438 r  clk_IBUF_inst/O
                         net (fo=1, routed)           0.699     1.136    clk_IBUF
    BUFGCTRL_X0Y16       BUFG (Prop_bufg_I_O)         0.029     1.165 r  clk_IBUF_BUFG_inst/O
                         net (fo=36, routed)          0.879     2.044    clk_IBUF_BUFG
    SLICE_X89Y56         FDRE                                         r  counter_in_reg[6]/C
                         clock pessimism             -0.517     1.526    
    SLICE_X89Y56         FDRE (Hold_fdre_C_D)         0.091     1.617    counter_in_reg[6]
  -------------------------------------------------------------------
                         required time                         -1.617    
                         arrival time                           1.881    
  -------------------------------------------------------------------
                         slack                                  0.263    

Slack (MET) :             0.266ns  (arrival time - required time)
  Source:                 timer_reg[14]/C
                            (rising edge-triggered cell FDRE clocked by sys_clk_pin  {rise@0.000ns fall@5.000ns period=10.000ns})
  Destination:            timer_reg[14]/D
                            (rising edge-triggered cell FDRE clocked by sys_clk_pin  {rise@0.000ns fall@5.000ns period=10.000ns})
  Path Group:             sys_clk_pin
  Path Type:              Hold (Min at Fast Process Corner)
  Requirement:            0.000ns  (sys_clk_pin rise@0.000ns - sys_clk_pin rise@0.000ns)
  Data Path Delay:        0.400ns  (logic 0.274ns (68.524%)  route 0.126ns (31.476%))
  Logic Levels:           1  (CARRY4=1)
  Clock Path Skew:        0.000ns (DCD - SCD - CPR)
    Destination Clock Delay (DCD):    2.044ns
    Source Clock Delay      (SCD):    1.526ns
    Clock Pessimism Removal (CPR):    0.517ns

    Location             Delay type                Incr(ns)  Path(ns)    Netlist Resource(s)
  -------------------------------------------------------------------    -------------------
                         (clock sys_clk_pin rise edge)
                                                      0.000     0.000 r  
    E3                                                0.000     0.000 r  clk (IN)
                         net (fo=0)                   0.000     0.000    clk
    E3                   IBUF (Prop_ibuf_I_O)         0.250     0.250 r  clk_IBUF_inst/O
                         net (fo=1, routed)           0.644     0.894    clk_IBUF
    BUFGCTRL_X0Y16       BUFG (Prop_bufg_I_O)         0.026     0.920 r  clk_IBUF_BUFG_inst/O
                         net (fo=36, routed)          0.607     1.526    clk_IBUF_BUFG
    SLICE_X88Y53         FDRE                                         r  timer_reg[14]/C
  -------------------------------------------------------------------    -------------------
    SLICE_X88Y53         FDRE (Prop_fdre_C_Q)         0.164     1.690 r  timer_reg[14]/Q
                         net (fo=3, routed)           0.126     1.816    timer_reg[14]
    SLICE_X88Y53         CARRY4 (Prop_carry4_S[2]_O[2])
                                                      0.110     1.926 r  timer_reg[12]_i_1/O[2]
                         net (fo=1, routed)           0.000     1.926    timer_reg[12]_i_1_n_5
    SLICE_X88Y53         FDRE                                         r  timer_reg[14]/D
  -------------------------------------------------------------------    -------------------

                         (clock sys_clk_pin rise edge)
                                                      0.000     0.000 r  
    E3                                                0.000     0.000 r  clk (IN)
                         net (fo=0)                   0.000     0.000    clk
    E3                   IBUF (Prop_ibuf_I_O)         0.438     0.438 r  clk_IBUF_inst/O
                         net (fo=1, routed)           0.699     1.136    clk_IBUF
    BUFGCTRL_X0Y16       BUFG (Prop_bufg_I_O)         0.029     1.165 r  clk_IBUF_BUFG_inst/O
                         net (fo=36, routed)          0.879     2.044    clk_IBUF_BUFG
    SLICE_X88Y53         FDRE                                         r  timer_reg[14]/C
                         clock pessimism             -0.517     1.526    
    SLICE_X88Y53         FDRE (Hold_fdre_C_D)         0.134     1.660    timer_reg[14]
  -------------------------------------------------------------------
                         required time                         -1.660    
                         arrival time                           1.926    
  -------------------------------------------------------------------
                         slack                                  0.266    

Slack (MET) :             0.266ns  (arrival time - required time)
  Source:                 timer_reg[18]/C
                            (rising edge-triggered cell FDRE clocked by sys_clk_pin  {rise@0.000ns fall@5.000ns period=10.000ns})
  Destination:            timer_reg[18]/D
                            (rising edge-triggered cell FDRE clocked by sys_clk_pin  {rise@0.000ns fall@5.000ns period=10.000ns})
  Path Group:             sys_clk_pin
  Path Type:              Hold (Min at Fast Process Corner)
  Requirement:            0.000ns  (sys_clk_pin rise@0.000ns - sys_clk_pin rise@0.000ns)
  Data Path Delay:        0.400ns  (logic 0.274ns (68.524%)  route 0.126ns (31.476%))
  Logic Levels:           1  (CARRY4=1)
  Clock Path Skew:        0.000ns (DCD - SCD - CPR)
    Destination Clock Delay (DCD):    2.044ns
    Source Clock Delay      (SCD):    1.526ns
    Clock Pessimism Removal (CPR):    0.517ns

    Location             Delay type                Incr(ns)  Path(ns)    Netlist Resource(s)
  -------------------------------------------------------------------    -------------------
                         (clock sys_clk_pin rise edge)
                                                      0.000     0.000 r  
    E3                                                0.000     0.000 r  clk (IN)
                         net (fo=0)                   0.000     0.000    clk
    E3                   IBUF (Prop_ibuf_I_O)         0.250     0.250 r  clk_IBUF_inst/O
                         net (fo=1, routed)           0.644     0.894    clk_IBUF
    BUFGCTRL_X0Y16       BUFG (Prop_bufg_I_O)         0.026     0.920 r  clk_IBUF_BUFG_inst/O
                         net (fo=36, routed)          0.607     1.526    clk_IBUF_BUFG
    SLICE_X88Y54         FDRE                                         r  timer_reg[18]/C
  -------------------------------------------------------------------    -------------------
    SLICE_X88Y54         FDRE (Prop_fdre_C_Q)         0.164     1.690 r  timer_reg[18]/Q
                         net (fo=3, routed)           0.126     1.816    timer_reg[18]
    SLICE_X88Y54         CARRY4 (Prop_carry4_S[2]_O[2])
                                                      0.110     1.926 r  timer_reg[16]_i_1/O[2]
                         net (fo=1, routed)           0.000     1.926    timer_reg[16]_i_1_n_5
    SLICE_X88Y54         FDRE                                         r  timer_reg[18]/D
  -------------------------------------------------------------------    -------------------

                         (clock sys_clk_pin rise edge)
                                                      0.000     0.000 r  
    E3                                                0.000     0.000 r  clk (IN)
                         net (fo=0)                   0.000     0.000    clk
    E3                   IBUF (Prop_ibuf_I_O)         0.438     0.438 r  clk_IBUF_inst/O
                         net (fo=1, routed)           0.699     1.136    clk_IBUF
    BUFGCTRL_X0Y16       BUFG (Prop_bufg_I_O)         0.029     1.165 r  clk_IBUF_BUFG_inst/O
                         net (fo=36, routed)          0.879     2.044    clk_IBUF_BUFG
    SLICE_X88Y54         FDRE                                         r  timer_reg[18]/C
                         clock pessimism             -0.517     1.526    
    SLICE_X88Y54         FDRE (Hold_fdre_C_D)         0.134     1.660    timer_reg[18]
  -------------------------------------------------------------------
                         required time                         -1.660    
                         arrival time                           1.926    
  -------------------------------------------------------------------
                         slack                                  0.266    

Slack (MET) :             0.267ns  (arrival time - required time)
  Source:                 timer_reg[10]/C
                            (rising edge-triggered cell FDRE clocked by sys_clk_pin  {rise@0.000ns fall@5.000ns period=10.000ns})
  Destination:            timer_reg[10]/D
                            (rising edge-triggered cell FDRE clocked by sys_clk_pin  {rise@0.000ns fall@5.000ns period=10.000ns})
  Path Group:             sys_clk_pin
  Path Type:              Hold (Min at Fast Process Corner)
  Requirement:            0.000ns  (sys_clk_pin rise@0.000ns - sys_clk_pin rise@0.000ns)
  Data Path Delay:        0.401ns  (logic 0.274ns (68.412%)  route 0.127ns (31.588%))
  Logic Levels:           1  (CARRY4=1)
  Clock Path Skew:        0.000ns (DCD - SCD - CPR)
    Destination Clock Delay (DCD):    2.045ns
    Source Clock Delay      (SCD):    1.527ns
    Clock Pessimism Removal (CPR):    0.517ns

    Location             Delay type                Incr(ns)  Path(ns)    Netlist Resource(s)
  -------------------------------------------------------------------    -------------------
                         (clock sys_clk_pin rise edge)
                                                      0.000     0.000 r  
    E3                                                0.000     0.000 r  clk (IN)
                         net (fo=0)                   0.000     0.000    clk
    E3                   IBUF (Prop_ibuf_I_O)         0.250     0.250 r  clk_IBUF_inst/O
                         net (fo=1, routed)           0.644     0.894    clk_IBUF
    BUFGCTRL_X0Y16       BUFG (Prop_bufg_I_O)         0.026     0.920 r  clk_IBUF_BUFG_inst/O
                         net (fo=36, routed)          0.608     1.527    clk_IBUF_BUFG
    SLICE_X88Y52         FDRE                                         r  timer_reg[10]/C
  -------------------------------------------------------------------    -------------------
    SLICE_X88Y52         FDRE (Prop_fdre_C_Q)         0.164     1.691 r  timer_reg[10]/Q
                         net (fo=3, routed)           0.127     1.818    timer_reg[10]
    SLICE_X88Y52         CARRY4 (Prop_carry4_S[2]_O[2])
                                                      0.110     1.928 r  timer_reg[8]_i_1/O[2]
                         net (fo=1, routed)           0.000     1.928    timer_reg[8]_i_1_n_5
    SLICE_X88Y52         FDRE                                         r  timer_reg[10]/D
  -------------------------------------------------------------------    -------------------

                         (clock sys_clk_pin rise edge)
                                                      0.000     0.000 r  
    E3                                                0.000     0.000 r  clk (IN)
                         net (fo=0)                   0.000     0.000    clk
    E3                   IBUF (Prop_ibuf_I_O)         0.438     0.438 r  clk_IBUF_inst/O
                         net (fo=1, routed)           0.699     1.136    clk_IBUF
    BUFGCTRL_X0Y16       BUFG (Prop_bufg_I_O)         0.029     1.165 r  clk_IBUF_BUFG_inst/O
                         net (fo=36, routed)          0.880     2.045    clk_IBUF_BUFG
    SLICE_X88Y52         FDRE                                         r  timer_reg[10]/C
                         clock pessimism             -0.517     1.527    
    SLICE_X88Y52         FDRE (Hold_fdre_C_D)         0.134     1.661    timer_reg[10]
  -------------------------------------------------------------------
                         required time                         -1.661    
                         arrival time                           1.928    
  -------------------------------------------------------------------
                         slack                                  0.267    

Slack (MET) :             0.267ns  (arrival time - required time)
  Source:                 timer_reg[22]/C
                            (rising edge-triggered cell FDRE clocked by sys_clk_pin  {rise@0.000ns fall@5.000ns period=10.000ns})
  Destination:            timer_reg[22]/D
                            (rising edge-triggered cell FDRE clocked by sys_clk_pin  {rise@0.000ns fall@5.000ns period=10.000ns})
  Path Group:             sys_clk_pin
  Path Type:              Hold (Min at Fast Process Corner)
  Requirement:            0.000ns  (sys_clk_pin rise@0.000ns - sys_clk_pin rise@0.000ns)
  Data Path Delay:        0.401ns  (logic 0.274ns (68.412%)  route 0.127ns (31.588%))
  Logic Levels:           1  (CARRY4=1)
  Clock Path Skew:        0.000ns (DCD - SCD - CPR)
    Destination Clock Delay (DCD):    2.044ns
    Source Clock Delay      (SCD):    1.526ns
    Clock Pessimism Removal (CPR):    0.517ns

    Location             Delay type                Incr(ns)  Path(ns)    Netlist Resource(s)
  -------------------------------------------------------------------    -------------------
                         (clock sys_clk_pin rise edge)
                                                      0.000     0.000 r  
    E3                                                0.000     0.000 r  clk (IN)
                         net (fo=0)                   0.000     0.000    clk
    E3                   IBUF (Prop_ibuf_I_O)         0.250     0.250 r  clk_IBUF_inst/O
                         net (fo=1, routed)           0.644     0.894    clk_IBUF
    BUFGCTRL_X0Y16       BUFG (Prop_bufg_I_O)         0.026     0.920 r  clk_IBUF_BUFG_inst/O
                         net (fo=36, routed)          0.607     1.526    clk_IBUF_BUFG
    SLICE_X88Y55         FDRE                                         r  timer_reg[22]/C
  -------------------------------------------------------------------    -------------------
    SLICE_X88Y55         FDRE (Prop_fdre_C_Q)         0.164     1.690 r  timer_reg[22]/Q
                         net (fo=2, routed)           0.127     1.817    timer_reg[22]
    SLICE_X88Y55         CARRY4 (Prop_carry4_S[2]_O[2])
                                                      0.110     1.927 r  timer_reg[20]_i_1/O[2]
                         net (fo=1, routed)           0.000     1.927    timer_reg[20]_i_1_n_5
    SLICE_X88Y55         FDRE                                         r  timer_reg[22]/D
  -------------------------------------------------------------------    -------------------

                         (clock sys_clk_pin rise edge)
                                                      0.000     0.000 r  
    E3                                                0.000     0.000 r  clk (IN)
                         net (fo=0)                   0.000     0.000    clk
    E3                   IBUF (Prop_ibuf_I_O)         0.438     0.438 r  clk_IBUF_inst/O
                         net (fo=1, routed)           0.699     1.136    clk_IBUF
    BUFGCTRL_X0Y16       BUFG (Prop_bufg_I_O)         0.029     1.165 r  clk_IBUF_BUFG_inst/O
                         net (fo=36, routed)          0.879     2.044    clk_IBUF_BUFG
    SLICE_X88Y55         FDRE                                         r  timer_reg[22]/C
                         clock pessimism             -0.517     1.526    
    SLICE_X88Y55         FDRE (Hold_fdre_C_D)         0.134     1.660    timer_reg[22]
  -------------------------------------------------------------------
                         required time                         -1.660    
                         arrival time                           1.927    
  -------------------------------------------------------------------
                         slack                                  0.267    

Slack (MET) :             0.267ns  (arrival time - required time)
  Source:                 timer_reg[2]/C
                            (rising edge-triggered cell FDRE clocked by sys_clk_pin  {rise@0.000ns fall@5.000ns period=10.000ns})
  Destination:            timer_reg[2]/D
                            (rising edge-triggered cell FDRE clocked by sys_clk_pin  {rise@0.000ns fall@5.000ns period=10.000ns})
  Path Group:             sys_clk_pin
  Path Type:              Hold (Min at Fast Process Corner)
  Requirement:            0.000ns  (sys_clk_pin rise@0.000ns - sys_clk_pin rise@0.000ns)
  Data Path Delay:        0.401ns  (logic 0.274ns (68.412%)  route 0.127ns (31.588%))
  Logic Levels:           1  (CARRY4=1)
  Clock Path Skew:        0.000ns (DCD - SCD - CPR)
    Destination Clock Delay (DCD):    2.045ns
    Source Clock Delay      (SCD):    1.527ns
    Clock Pessimism Removal (CPR):    0.517ns

    Location             Delay type                Incr(ns)  Path(ns)    Netlist Resource(s)
  -------------------------------------------------------------------    -------------------
                         (clock sys_clk_pin rise edge)
                                                      0.000     0.000 r  
    E3                                                0.000     0.000 r  clk (IN)
                         net (fo=0)                   0.000     0.000    clk
    E3                   IBUF (Prop_ibuf_I_O)         0.250     0.250 r  clk_IBUF_inst/O
                         net (fo=1, routed)           0.644     0.894    clk_IBUF
    BUFGCTRL_X0Y16       BUFG (Prop_bufg_I_O)         0.026     0.920 r  clk_IBUF_BUFG_inst/O
                         net (fo=36, routed)          0.608     1.527    clk_IBUF_BUFG
    SLICE_X88Y50         FDRE                                         r  timer_reg[2]/C
  -------------------------------------------------------------------    -------------------
    SLICE_X88Y50         FDRE (Prop_fdre_C_Q)         0.164     1.691 r  timer_reg[2]/Q
                         net (fo=2, routed)           0.127     1.818    timer_reg[2]
    SLICE_X88Y50         CARRY4 (Prop_carry4_S[2]_O[2])
                                                      0.110     1.928 r  timer_reg[0]_i_2/O[2]
                         net (fo=1, routed)           0.000     1.928    timer_reg[0]_i_2_n_5
    SLICE_X88Y50         FDRE                                         r  timer_reg[2]/D
  -------------------------------------------------------------------    -------------------

                         (clock sys_clk_pin rise edge)
                                                      0.000     0.000 r  
    E3                                                0.000     0.000 r  clk (IN)
                         net (fo=0)                   0.000     0.000    clk
    E3                   IBUF (Prop_ibuf_I_O)         0.438     0.438 r  clk_IBUF_inst/O
                         net (fo=1, routed)           0.699     1.136    clk_IBUF
    BUFGCTRL_X0Y16       BUFG (Prop_bufg_I_O)         0.029     1.165 r  clk_IBUF_BUFG_inst/O
                         net (fo=36, routed)          0.880     2.045    clk_IBUF_BUFG
    SLICE_X88Y50         FDRE                                         r  timer_reg[2]/C
                         clock pessimism             -0.517     1.527    
    SLICE_X88Y50         FDRE (Hold_fdre_C_D)         0.134     1.661    timer_reg[2]
  -------------------------------------------------------------------
                         required time                         -1.661    
                         arrival time                           1.928    
  -------------------------------------------------------------------
                         slack                                  0.267    





Pulse Width Checks
--------------------------------------------------------------------------------------
Clock Name:         sys_clk_pin
Waveform(ns):       { 0.000 5.000 }
Period(ns):         10.000
Sources:            { clk }

Check Type        Corner  Lib Pin  Reference Pin  Required(ns)  Actual(ns)  Slack(ns)  Location        Pin
Min Period        n/a     BUFG/I   n/a            2.155         10.000      7.845      BUFGCTRL_X0Y16  clk_IBUF_BUFG_inst/I
Min Period        n/a     FDRE/C   n/a            1.000         10.000      9.000      SLICE_X89Y50    counter_in_reg[0]/C
Min Period        n/a     FDRE/C   n/a            1.000         10.000      9.000      SLICE_X89Y51    counter_in_reg[1]/C
Min Period        n/a     FDRE/C   n/a            1.000         10.000      9.000      SLICE_X89Y51    counter_in_reg[2]/C
Min Period        n/a     FDRE/C   n/a            1.000         10.000      9.000      SLICE_X89Y51    counter_in_reg[3]/C
Min Period        n/a     FDRE/C   n/a            1.000         10.000      9.000      SLICE_X89Y51    counter_in_reg[4]/C
Min Period        n/a     FDRE/C   n/a            1.000         10.000      9.000      SLICE_X89Y51    counter_in_reg[5]/C
Min Period        n/a     FDRE/C   n/a            1.000         10.000      9.000      SLICE_X89Y56    counter_in_reg[6]/C
Min Period        n/a     FDRE/C   n/a            1.000         10.000      9.000      SLICE_X89Y56    counter_in_reg[7]/C
Min Period        n/a     FDRE/C   n/a            1.000         10.000      9.000      SLICE_X88Y50    timer_reg[0]/C
Low Pulse Width   Slow    FDRE/C   n/a            0.500         5.000       4.500      SLICE_X89Y50    counter_in_reg[0]/C
Low Pulse Width   Fast    FDRE/C   n/a            0.500         5.000       4.500      SLICE_X89Y50    counter_in_reg[0]/C
Low Pulse Width   Slow    FDRE/C   n/a            0.500         5.000       4.500      SLICE_X89Y51    counter_in_reg[1]/C
Low Pulse Width   Fast    FDRE/C   n/a            0.500         5.000       4.500      SLICE_X89Y51    counter_in_reg[1]/C
Low Pulse Width   Slow    FDRE/C   n/a            0.500         5.000       4.500      SLICE_X89Y51    counter_in_reg[2]/C
Low Pulse Width   Fast    FDRE/C   n/a            0.500         5.000       4.500      SLICE_X89Y51    counter_in_reg[2]/C
Low Pulse Width   Slow    FDRE/C   n/a            0.500         5.000       4.500      SLICE_X89Y51    counter_in_reg[3]/C
Low Pulse Width   Fast    FDRE/C   n/a            0.500         5.000       4.500      SLICE_X89Y51    counter_in_reg[3]/C
Low Pulse Width   Slow    FDRE/C   n/a            0.500         5.000       4.500      SLICE_X89Y51    counter_in_reg[4]/C
Low Pulse Width   Fast    FDRE/C   n/a            0.500         5.000       4.500      SLICE_X89Y51    counter_in_reg[4]/C
High Pulse Width  Slow    FDRE/C   n/a            0.500         5.000       4.500      SLICE_X89Y50    counter_in_reg[0]/C
High Pulse Width  Fast    FDRE/C   n/a            0.500         5.000       4.500      SLICE_X89Y50    counter_in_reg[0]/C
High Pulse Width  Slow    FDRE/C   n/a            0.500         5.000       4.500      SLICE_X89Y51    counter_in_reg[1]/C
High Pulse Width  Fast    FDRE/C   n/a            0.500         5.000       4.500      SLICE_X89Y51    counter_in_reg[1]/C
High Pulse Width  Slow    FDRE/C   n/a            0.500         5.000       4.500      SLICE_X89Y51    counter_in_reg[2]/C
High Pulse Width  Fast    FDRE/C   n/a            0.500         5.000       4.500      SLICE_X89Y51    counter_in_reg[2]/C
High Pulse Width  Slow    FDRE/C   n/a            0.500         5.000       4.500      SLICE_X89Y51    counter_in_reg[3]/C
High Pulse Width  Fast    FDRE/C   n/a            0.500         5.000       4.500      SLICE_X89Y51    counter_in_reg[3]/C
High Pulse Width  Slow    FDRE/C   n/a            0.500         5.000       4.500      SLICE_X89Y51    counter_in_reg[4]/C
High Pulse Width  Fast    FDRE/C   n/a            0.500         5.000       4.500      SLICE_X89Y51    counter_in_reg[4]/C



--------------------------------------------------------------------------------------
Path Group:  (none)
From Clock:  sys_clk_pin
  To Clock:  

Max Delay             8 Endpoints
Min Delay             8 Endpoints
--------------------------------------------------------------------------------------


Max Delay Paths
--------------------------------------------------------------------------------------
Slack:                    inf
  Source:                 counter_in_reg[4]/C
                            (rising edge-triggered cell FDRE clocked by sys_clk_pin  {rise@0.000ns fall@5.000ns period=10.000ns})
  Destination:            counter[4]
                            (output port)
  Path Group:             (none)
  Path Type:              Max at Slow Process Corner
  Data Path Delay:        5.146ns  (logic 3.243ns (63.011%)  route 1.904ns (36.989%))
  Logic Levels:           1  (OBUF=1)
  Clock Uncertainty:      0.025ns  ((TSJ^2 + TIJ^2)^1/2 + DJ) / 2 + PE
    Total System Jitter     (TSJ):    0.050ns
    Total Input Jitter      (TIJ):    0.000ns
    Discrete Jitter          (DJ):    0.000ns
    Phase Error              (PE):    0.000ns

    Location             Delay type                Incr(ns)  Path(ns)    Netlist Resource(s)
  -------------------------------------------------------------------    -------------------
                         (clock sys_clk_pin rise edge)
                                                      0.000     0.000 r  
    E3                                                0.000     0.000 r  clk (IN)
                         net (fo=0)                   0.000     0.000    clk
    E3                   IBUF (Prop_ibuf_I_O)         1.482     1.482 r  clk_IBUF_inst/O
                         net (fo=1, routed)           2.025     3.506    clk_IBUF
    BUFGCTRL_X0Y16       BUFG (Prop_bufg_I_O)         0.096     3.602 r  clk_IBUF_BUFG_inst/O
                         net (fo=36, routed)          1.733     5.336    clk_IBUF_BUFG
    SLICE_X89Y51         FDRE                                         r  counter_in_reg[4]/C
  -------------------------------------------------------------------    -------------------
    SLICE_X89Y51         FDRE (Prop_fdre_C_Q)         0.419     5.755 r  counter_in_reg[4]/Q
                         net (fo=4, routed)           1.904     7.658    counter_OBUF[4]
    R7                   OBUF (Prop_obuf_I_O)         2.824    10.482 r  counter_OBUF[4]_inst/O
                         net (fo=0)                   0.000    10.482    counter[4]
    R7                                                                r  counter[4] (OUT)
  -------------------------------------------------------------------    -------------------

Slack:                    inf
  Source:                 counter_in_reg[2]/C
                            (rising edge-triggered cell FDRE clocked by sys_clk_pin  {rise@0.000ns fall@5.000ns period=10.000ns})
  Destination:            counter[2]
                            (output port)
  Path Group:             (none)
  Path Type:              Max at Slow Process Corner
  Data Path Delay:        4.947ns  (logic 3.231ns (65.299%)  route 1.717ns (34.701%))
  Logic Levels:           1  (OBUF=1)
  Clock Uncertainty:      0.025ns  ((TSJ^2 + TIJ^2)^1/2 + DJ) / 2 + PE
    Total System Jitter     (TSJ):    0.050ns
    Total Input Jitter      (TIJ):    0.000ns
    Discrete Jitter          (DJ):    0.000ns
    Phase Error              (PE):    0.000ns

    Location             Delay type                Incr(ns)  Path(ns)    Netlist Resource(s)
  -------------------------------------------------------------------    -------------------
                         (clock sys_clk_pin rise edge)
                                                      0.000     0.000 r  
    E3                                                0.000     0.000 r  clk (IN)
                         net (fo=0)                   0.000     0.000    clk
    E3                   IBUF (Prop_ibuf_I_O)         1.482     1.482 r  clk_IBUF_inst/O
                         net (fo=1, routed)           2.025     3.506    clk_IBUF
    BUFGCTRL_X0Y16       BUFG (Prop_bufg_I_O)         0.096     3.602 r  clk_IBUF_BUFG_inst/O
                         net (fo=36, routed)          1.733     5.336    clk_IBUF_BUFG
    SLICE_X89Y51         FDRE                                         r  counter_in_reg[2]/C
  -------------------------------------------------------------------    -------------------
    SLICE_X89Y51         FDRE (Prop_fdre_C_Q)         0.419     5.755 r  counter_in_reg[2]/Q
                         net (fo=6, routed)           1.717     7.472    counter_OBUF[2]
    R8                   OBUF (Prop_obuf_I_O)         2.812    10.283 r  counter_OBUF[2]_inst/O
                         net (fo=0)                   0.000    10.283    counter[2]
    R8                                                                r  counter[2] (OUT)
  -------------------------------------------------------------------    -------------------

Slack:                    inf
  Source:                 counter_in_reg[7]/C
                            (rising edge-triggered cell FDRE clocked by sys_clk_pin  {rise@0.000ns fall@5.000ns period=10.000ns})
  Destination:            counter[7]
                            (output port)
  Path Group:             (none)
  Path Type:              Max at Slow Process Corner
  Data Path Delay:        4.942ns  (logic 3.254ns (65.846%)  route 1.688ns (34.154%))
  Logic Levels:           1  (OBUF=1)
  Clock Uncertainty:      0.025ns  ((TSJ^2 + TIJ^2)^1/2 + DJ) / 2 + PE
    Total System Jitter     (TSJ):    0.050ns
    Total Input Jitter      (TIJ):    0.000ns
    Discrete Jitter          (DJ):    0.000ns
    Phase Error              (PE):    0.000ns

    Location             Delay type                Incr(ns)  Path(ns)    Netlist Resource(s)
  -------------------------------------------------------------------    -------------------
                         (clock sys_clk_pin rise edge)
                                                      0.000     0.000 r  
    E3                                                0.000     0.000 r  clk (IN)
                         net (fo=0)                   0.000     0.000    clk
    E3                   IBUF (Prop_ibuf_I_O)         1.482     1.482 r  clk_IBUF_inst/O
                         net (fo=1, routed)           2.025     3.506    clk_IBUF
    BUFGCTRL_X0Y16       BUFG (Prop_bufg_I_O)         0.096     3.602 r  clk_IBUF_BUFG_inst/O
                         net (fo=36, routed)          1.732     5.335    clk_IBUF_BUFG
    SLICE_X89Y56         FDRE                                         r  counter_in_reg[7]/C
  -------------------------------------------------------------------    -------------------
    SLICE_X89Y56         FDRE (Prop_fdre_C_Q)         0.419     5.754 r  counter_in_reg[7]/Q
                         net (fo=2, routed)           1.688     7.442    counter_OBUF[7]
    V9                   OBUF (Prop_obuf_I_O)         2.835    10.277 r  counter_OBUF[7]_inst/O
                         net (fo=0)                   0.000    10.277    counter[7]
    V9                                                                r  counter[7] (OUT)
  -------------------------------------------------------------------    -------------------

Slack:                    inf
  Source:                 counter_in_reg[5]/C
                            (rising edge-triggered cell FDRE clocked by sys_clk_pin  {rise@0.000ns fall@5.000ns period=10.000ns})
  Destination:            counter[5]
                            (output port)
  Path Group:             (none)
  Path Type:              Max at Slow Process Corner
  Data Path Delay:        4.846ns  (logic 3.111ns (64.207%)  route 1.734ns (35.793%))
  Logic Levels:           1  (OBUF=1)
  Clock Uncertainty:      0.025ns  ((TSJ^2 + TIJ^2)^1/2 + DJ) / 2 + PE
    Total System Jitter     (TSJ):    0.050ns
    Total Input Jitter      (TIJ):    0.000ns
    Discrete Jitter          (DJ):    0.000ns
    Phase Error              (PE):    0.000ns

    Location             Delay type                Incr(ns)  Path(ns)    Netlist Resource(s)
  -------------------------------------------------------------------    -------------------
                         (clock sys_clk_pin rise edge)
                                                      0.000     0.000 r  
    E3                                                0.000     0.000 r  clk (IN)
                         net (fo=0)                   0.000     0.000    clk
    E3                   IBUF (Prop_ibuf_I_O)         1.482     1.482 r  clk_IBUF_inst/O
                         net (fo=1, routed)           2.025     3.506    clk_IBUF
    BUFGCTRL_X0Y16       BUFG (Prop_bufg_I_O)         0.096     3.602 r  clk_IBUF_BUFG_inst/O
                         net (fo=36, routed)          1.733     5.336    clk_IBUF_BUFG
    SLICE_X89Y51         FDRE                                         r  counter_in_reg[5]/C
  -------------------------------------------------------------------    -------------------
    SLICE_X89Y51         FDRE (Prop_fdre_C_Q)         0.456     5.792 r  counter_in_reg[5]/Q
                         net (fo=3, routed)           1.734     7.526    counter_OBUF[5]
    U6                   OBUF (Prop_obuf_I_O)         2.655    10.181 r  counter_OBUF[5]_inst/O
                         net (fo=0)                   0.000    10.181    counter[5]
    U6                                                                r  counter[5] (OUT)
  -------------------------------------------------------------------    -------------------

Slack:                    inf
  Source:                 counter_in_reg[3]/C
                            (rising edge-triggered cell FDRE clocked by sys_clk_pin  {rise@0.000ns fall@5.000ns period=10.000ns})
  Destination:            counter[3]
                            (output port)
  Path Group:             (none)
  Path Type:              Max at Slow Process Corner
  Data Path Delay:        4.794ns  (logic 3.104ns (64.747%)  route 1.690ns (35.253%))
  Logic Levels:           1  (OBUF=1)
  Clock Uncertainty:      0.025ns  ((TSJ^2 + TIJ^2)^1/2 + DJ) / 2 + PE
    Total System Jitter     (TSJ):    0.050ns
    Total Input Jitter      (TIJ):    0.000ns
    Discrete Jitter          (DJ):    0.000ns
    Phase Error              (PE):    0.000ns

    Location             Delay type                Incr(ns)  Path(ns)    Netlist Resource(s)
  -------------------------------------------------------------------    -------------------
                         (clock sys_clk_pin rise edge)
                                                      0.000     0.000 r  
    E3                                                0.000     0.000 r  clk (IN)
                         net (fo=0)                   0.000     0.000    clk
    E3                   IBUF (Prop_ibuf_I_O)         1.482     1.482 r  clk_IBUF_inst/O
                         net (fo=1, routed)           2.025     3.506    clk_IBUF
    BUFGCTRL_X0Y16       BUFG (Prop_bufg_I_O)         0.096     3.602 r  clk_IBUF_BUFG_inst/O
                         net (fo=36, routed)          1.733     5.336    clk_IBUF_BUFG
    SLICE_X89Y51         FDRE                                         r  counter_in_reg[3]/C
  -------------------------------------------------------------------    -------------------
    SLICE_X89Y51         FDRE (Prop_fdre_C_Q)         0.456     5.792 r  counter_in_reg[3]/Q
                         net (fo=5, routed)           1.690     7.482    counter_OBUF[3]
    T6                   OBUF (Prop_obuf_I_O)         2.648    10.130 r  counter_OBUF[3]_inst/O
                         net (fo=0)                   0.000    10.130    counter[3]
    T6                                                                r  counter[3] (OUT)
  -------------------------------------------------------------------    -------------------

Slack:                    inf
  Source:                 counter_in_reg[1]/C
                            (rising edge-triggered cell FDRE clocked by sys_clk_pin  {rise@0.000ns fall@5.000ns period=10.000ns})
  Destination:            counter[1]
                            (output port)
  Path Group:             (none)
  Path Type:              Max at Slow Process Corner
  Data Path Delay:        4.788ns  (logic 3.101ns (64.767%)  route 1.687ns (35.233%))
  Logic Levels:           1  (OBUF=1)
  Clock Uncertainty:      0.025ns  ((TSJ^2 + TIJ^2)^1/2 + DJ) / 2 + PE
    Total System Jitter     (TSJ):    0.050ns
    Total Input Jitter      (TIJ):    0.000ns
    Discrete Jitter          (DJ):    0.000ns
    Phase Error              (PE):    0.000ns

    Location             Delay type                Incr(ns)  Path(ns)    Netlist Resource(s)
  -------------------------------------------------------------------    -------------------
                         (clock sys_clk_pin rise edge)
                                                      0.000     0.000 r  
    E3                                                0.000     0.000 r  clk (IN)
                         net (fo=0)                   0.000     0.000    clk
    E3                   IBUF (Prop_ibuf_I_O)         1.482     1.482 r  clk_IBUF_inst/O
                         net (fo=1, routed)           2.025     3.506    clk_IBUF
    BUFGCTRL_X0Y16       BUFG (Prop_bufg_I_O)         0.096     3.602 r  clk_IBUF_BUFG_inst/O
                         net (fo=36, routed)          1.733     5.336    clk_IBUF_BUFG
    SLICE_X89Y51         FDRE                                         r  counter_in_reg[1]/C
  -------------------------------------------------------------------    -------------------
    SLICE_X89Y51         FDRE (Prop_fdre_C_Q)         0.456     5.792 r  counter_in_reg[1]/Q
                         net (fo=7, routed)           1.687     7.479    counter_OBUF[1]
    T8                   OBUF (Prop_obuf_I_O)         2.645    10.123 r  counter_OBUF[1]_inst/O
                         net (fo=0)                   0.000    10.123    counter[1]
    T8                                                                r  counter[1] (OUT)
  -------------------------------------------------------------------    -------------------

Slack:                    inf
  Source:                 counter_in_reg[6]/C
                            (rising edge-triggered cell FDRE clocked by sys_clk_pin  {rise@0.000ns fall@5.000ns period=10.000ns})
  Destination:            counter[6]
                            (output port)
  Path Group:             (none)
  Path Type:              Max at Slow Process Corner
  Data Path Delay:        4.784ns  (logic 3.108ns (64.959%)  route 1.676ns (35.041%))
  Logic Levels:           1  (OBUF=1)
  Clock Uncertainty:      0.025ns  ((TSJ^2 + TIJ^2)^1/2 + DJ) / 2 + PE
    Total System Jitter     (TSJ):    0.050ns
    Total Input Jitter      (TIJ):    0.000ns
    Discrete Jitter          (DJ):    0.000ns
    Phase Error              (PE):    0.000ns

    Location             Delay type                Incr(ns)  Path(ns)    Netlist Resource(s)
  -------------------------------------------------------------------    -------------------
                         (clock sys_clk_pin rise edge)
                                                      0.000     0.000 r  
    E3                                                0.000     0.000 r  clk (IN)
                         net (fo=0)                   0.000     0.000    clk
    E3                   IBUF (Prop_ibuf_I_O)         1.482     1.482 r  clk_IBUF_inst/O
                         net (fo=1, routed)           2.025     3.506    clk_IBUF
    BUFGCTRL_X0Y16       BUFG (Prop_bufg_I_O)         0.096     3.602 r  clk_IBUF_BUFG_inst/O
                         net (fo=36, routed)          1.732     5.335    clk_IBUF_BUFG
    SLICE_X89Y56         FDRE                                         r  counter_in_reg[6]/C
  -------------------------------------------------------------------    -------------------
    SLICE_X89Y56         FDRE (Prop_fdre_C_Q)         0.456     5.791 r  counter_in_reg[6]/Q
                         net (fo=3, routed)           1.676     7.467    counter_OBUF[6]
    U7                   OBUF (Prop_obuf_I_O)         2.652    10.119 r  counter_OBUF[6]_inst/O
                         net (fo=0)                   0.000    10.119    counter[6]
    U7                                                                r  counter[6] (OUT)
  -------------------------------------------------------------------    -------------------

Slack:                    inf
  Source:                 counter_in_reg[0]/C
                            (rising edge-triggered cell FDRE clocked by sys_clk_pin  {rise@0.000ns fall@5.000ns period=10.000ns})
  Destination:            counter[0]
                            (output port)
  Path Group:             (none)
  Path Type:              Max at Slow Process Corner
  Data Path Delay:        4.774ns  (logic 3.086ns (64.633%)  route 1.689ns (35.367%))
  Logic Levels:           1  (OBUF=1)
  Clock Uncertainty:      0.025ns  ((TSJ^2 + TIJ^2)^1/2 + DJ) / 2 + PE
    Total System Jitter     (TSJ):    0.050ns
    Total Input Jitter      (TIJ):    0.000ns
    Discrete Jitter          (DJ):    0.000ns
    Phase Error              (PE):    0.000ns

    Location             Delay type                Incr(ns)  Path(ns)    Netlist Resource(s)
  -------------------------------------------------------------------    -------------------
                         (clock sys_clk_pin rise edge)
                                                      0.000     0.000 r  
    E3                                                0.000     0.000 r  clk (IN)
                         net (fo=0)                   0.000     0.000    clk
    E3                   IBUF (Prop_ibuf_I_O)         1.482     1.482 r  clk_IBUF_inst/O
                         net (fo=1, routed)           2.025     3.506    clk_IBUF
    BUFGCTRL_X0Y16       BUFG (Prop_bufg_I_O)         0.096     3.602 r  clk_IBUF_BUFG_inst/O
                         net (fo=36, routed)          1.733     5.336    clk_IBUF_BUFG
    SLICE_X89Y50         FDRE                                         r  counter_in_reg[0]/C
  -------------------------------------------------------------------    -------------------
    SLICE_X89Y50         FDRE (Prop_fdre_C_Q)         0.456     5.792 r  counter_in_reg[0]/Q
                         net (fo=8, routed)           1.689     7.480    counter_OBUF[0]
    U8                   OBUF (Prop_obuf_I_O)         2.630    10.110 r  counter_OBUF[0]_inst/O
                         net (fo=0)                   0.000    10.110    counter[0]
    U8                                                                r  counter[0] (OUT)
  -------------------------------------------------------------------    -------------------





Min Delay Paths
--------------------------------------------------------------------------------------
Slack:                    inf
  Source:                 counter_in_reg[0]/C
                            (rising edge-triggered cell FDRE clocked by sys_clk_pin  {rise@0.000ns fall@5.000ns period=10.000ns})
  Destination:            counter[0]
                            (output port)
  Path Group:             (none)
  Path Type:              Min at Fast Process Corner
  Data Path Delay:        1.643ns  (logic 1.288ns (78.363%)  route 0.356ns (21.637%))
  Logic Levels:           1  (OBUF=1)
  Clock Uncertainty:      0.025ns  ((TSJ^2 + TIJ^2)^1/2 + DJ) / 2 + PE
    Total System Jitter     (TSJ):    0.050ns
    Total Input Jitter      (TIJ):    0.000ns
    Discrete Jitter          (DJ):    0.000ns
    Phase Error              (PE):    0.000ns

    Location             Delay type                Incr(ns)  Path(ns)    Netlist Resource(s)
  -------------------------------------------------------------------    -------------------
                         (clock sys_clk_pin rise edge)
                                                      0.000     0.000 r  
    E3                                                0.000     0.000 r  clk (IN)
                         net (fo=0)                   0.000     0.000    clk
    E3                   IBUF (Prop_ibuf_I_O)         0.250     0.250 r  clk_IBUF_inst/O
                         net (fo=1, routed)           0.644     0.894    clk_IBUF
    BUFGCTRL_X0Y16       BUFG (Prop_bufg_I_O)         0.026     0.920 r  clk_IBUF_BUFG_inst/O
                         net (fo=36, routed)          0.608     1.527    clk_IBUF_BUFG
    SLICE_X89Y50         FDRE                                         r  counter_in_reg[0]/C
  -------------------------------------------------------------------    -------------------
    SLICE_X89Y50         FDRE (Prop_fdre_C_Q)         0.141     1.668 r  counter_in_reg[0]/Q
                         net (fo=8, routed)           0.356     2.024    counter_OBUF[0]
    U8                   OBUF (Prop_obuf_I_O)         1.147     3.170 r  counter_OBUF[0]_inst/O
                         net (fo=0)                   0.000     3.170    counter[0]
    U8                                                                r  counter[0] (OUT)
  -------------------------------------------------------------------    -------------------

Slack:                    inf
  Source:                 counter_in_reg[6]/C
                            (rising edge-triggered cell FDRE clocked by sys_clk_pin  {rise@0.000ns fall@5.000ns period=10.000ns})
  Destination:            counter[6]
                            (output port)
  Path Group:             (none)
  Path Type:              Min at Fast Process Corner
  Data Path Delay:        1.653ns  (logic 1.309ns (79.221%)  route 0.343ns (20.779%))
  Logic Levels:           1  (OBUF=1)
  Clock Uncertainty:      0.025ns  ((TSJ^2 + TIJ^2)^1/2 + DJ) / 2 + PE
    Total System Jitter     (TSJ):    0.050ns
    Total Input Jitter      (TIJ):    0.000ns
    Discrete Jitter          (DJ):    0.000ns
    Phase Error              (PE):    0.000ns

    Location             Delay type                Incr(ns)  Path(ns)    Netlist Resource(s)
  -------------------------------------------------------------------    -------------------
                         (clock sys_clk_pin rise edge)
                                                      0.000     0.000 r  
    E3                                                0.000     0.000 r  clk (IN)
                         net (fo=0)                   0.000     0.000    clk
    E3                   IBUF (Prop_ibuf_I_O)         0.250     0.250 r  clk_IBUF_inst/O
                         net (fo=1, routed)           0.644     0.894    clk_IBUF
    BUFGCTRL_X0Y16       BUFG (Prop_bufg_I_O)         0.026     0.920 r  clk_IBUF_BUFG_inst/O
                         net (fo=36, routed)          0.607     1.526    clk_IBUF_BUFG
    SLICE_X89Y56         FDRE                                         r  counter_in_reg[6]/C
  -------------------------------------------------------------------    -------------------
    SLICE_X89Y56         FDRE (Prop_fdre_C_Q)         0.141     1.667 r  counter_in_reg[6]/Q
                         net (fo=3, routed)           0.343     2.011    counter_OBUF[6]
    U7                   OBUF (Prop_obuf_I_O)         1.168     3.179 r  counter_OBUF[6]_inst/O
                         net (fo=0)                   0.000     3.179    counter[6]
    U7                                                                r  counter[6] (OUT)
  -------------------------------------------------------------------    -------------------

Slack:                    inf
  Source:                 counter_in_reg[1]/C
                            (rising edge-triggered cell FDRE clocked by sys_clk_pin  {rise@0.000ns fall@5.000ns period=10.000ns})
  Destination:            counter[1]
                            (output port)
  Path Group:             (none)
  Path Type:              Min at Fast Process Corner
  Data Path Delay:        1.656ns  (logic 1.303ns (78.638%)  route 0.354ns (21.362%))
  Logic Levels:           1  (OBUF=1)
  Clock Uncertainty:      0.025ns  ((TSJ^2 + TIJ^2)^1/2 + DJ) / 2 + PE
    Total System Jitter     (TSJ):    0.050ns
    Total Input Jitter      (TIJ):    0.000ns
    Discrete Jitter          (DJ):    0.000ns
    Phase Error              (PE):    0.000ns

    Location             Delay type                Incr(ns)  Path(ns)    Netlist Resource(s)
  -------------------------------------------------------------------    -------------------
                         (clock sys_clk_pin rise edge)
                                                      0.000     0.000 r  
    E3                                                0.000     0.000 r  clk (IN)
                         net (fo=0)                   0.000     0.000    clk
    E3                   IBUF (Prop_ibuf_I_O)         0.250     0.250 r  clk_IBUF_inst/O
                         net (fo=1, routed)           0.644     0.894    clk_IBUF
    BUFGCTRL_X0Y16       BUFG (Prop_bufg_I_O)         0.026     0.920 r  clk_IBUF_BUFG_inst/O
                         net (fo=36, routed)          0.608     1.527    clk_IBUF_BUFG
    SLICE_X89Y51         FDRE                                         r  counter_in_reg[1]/C
  -------------------------------------------------------------------    -------------------
    SLICE_X89Y51         FDRE (Prop_fdre_C_Q)         0.141     1.668 r  counter_in_reg[1]/Q
                         net (fo=7, routed)           0.354     2.022    counter_OBUF[1]
    T8                   OBUF (Prop_obuf_I_O)         1.162     3.184 r  counter_OBUF[1]_inst/O
                         net (fo=0)                   0.000     3.184    counter[1]
    T8                                                                r  counter[1] (OUT)
  -------------------------------------------------------------------    -------------------

Slack:                    inf
  Source:                 counter_in_reg[3]/C
                            (rising edge-triggered cell FDRE clocked by sys_clk_pin  {rise@0.000ns fall@5.000ns period=10.000ns})
  Destination:            counter[3]
                            (output port)
  Path Group:             (none)
  Path Type:              Min at Fast Process Corner
  Data Path Delay:        1.669ns  (logic 1.306ns (78.245%)  route 0.363ns (21.755%))
  Logic Levels:           1  (OBUF=1)
  Clock Uncertainty:      0.025ns  ((TSJ^2 + TIJ^2)^1/2 + DJ) / 2 + PE
    Total System Jitter     (TSJ):    0.050ns
    Total Input Jitter      (TIJ):    0.000ns
    Discrete Jitter          (DJ):    0.000ns
    Phase Error              (PE):    0.000ns

    Location             Delay type                Incr(ns)  Path(ns)    Netlist Resource(s)
  -------------------------------------------------------------------    -------------------
                         (clock sys_clk_pin rise edge)
                                                      0.000     0.000 r  
    E3                                                0.000     0.000 r  clk (IN)
                         net (fo=0)                   0.000     0.000    clk
    E3                   IBUF (Prop_ibuf_I_O)         0.250     0.250 r  clk_IBUF_inst/O
                         net (fo=1, routed)           0.644     0.894    clk_IBUF
    BUFGCTRL_X0Y16       BUFG (Prop_bufg_I_O)         0.026     0.920 r  clk_IBUF_BUFG_inst/O
                         net (fo=36, routed)          0.608     1.527    clk_IBUF_BUFG
    SLICE_X89Y51         FDRE                                         r  counter_in_reg[3]/C
  -------------------------------------------------------------------    -------------------
    SLICE_X89Y51         FDRE (Prop_fdre_C_Q)         0.141     1.668 r  counter_in_reg[3]/Q
                         net (fo=5, routed)           0.363     2.031    counter_OBUF[3]
    T6                   OBUF (Prop_obuf_I_O)         1.165     3.196 r  counter_OBUF[3]_inst/O
                         net (fo=0)                   0.000     3.196    counter[3]
    T6                                                                r  counter[3] (OUT)
  -------------------------------------------------------------------    -------------------

Slack:                    inf
  Source:                 counter_in_reg[5]/C
                            (rising edge-triggered cell FDRE clocked by sys_clk_pin  {rise@0.000ns fall@5.000ns period=10.000ns})
  Destination:            counter[5]
                            (output port)
  Path Group:             (none)
  Path Type:              Min at Fast Process Corner
  Data Path Delay:        1.689ns  (logic 1.313ns (77.718%)  route 0.376ns (22.282%))
  Logic Levels:           1  (OBUF=1)
  Clock Uncertainty:      0.025ns  ((TSJ^2 + TIJ^2)^1/2 + DJ) / 2 + PE
    Total System Jitter     (TSJ):    0.050ns
    Total Input Jitter      (TIJ):    0.000ns
    Discrete Jitter          (DJ):    0.000ns
    Phase Error              (PE):    0.000ns

    Location             Delay type                Incr(ns)  Path(ns)    Netlist Resource(s)
  -------------------------------------------------------------------    -------------------
                         (clock sys_clk_pin rise edge)
                                                      0.000     0.000 r  
    E3                                                0.000     0.000 r  clk (IN)
                         net (fo=0)                   0.000     0.000    clk
    E3                   IBUF (Prop_ibuf_I_O)         0.250     0.250 r  clk_IBUF_inst/O
                         net (fo=1, routed)           0.644     0.894    clk_IBUF
    BUFGCTRL_X0Y16       BUFG (Prop_bufg_I_O)         0.026     0.920 r  clk_IBUF_BUFG_inst/O
                         net (fo=36, routed)          0.608     1.527    clk_IBUF_BUFG
    SLICE_X89Y51         FDRE                                         r  counter_in_reg[5]/C
  -------------------------------------------------------------------    -------------------
    SLICE_X89Y51         FDRE (Prop_fdre_C_Q)         0.141     1.668 r  counter_in_reg[5]/Q
                         net (fo=3, routed)           0.376     2.045    counter_OBUF[5]
    U6                   OBUF (Prop_obuf_I_O)         1.172     3.216 r  counter_OBUF[5]_inst/O
                         net (fo=0)                   0.000     3.216    counter[5]
    U6                                                                r  counter[5] (OUT)
  -------------------------------------------------------------------    -------------------

Slack:                    inf
  Source:                 counter_in_reg[7]/C
                            (rising edge-triggered cell FDRE clocked by sys_clk_pin  {rise@0.000ns fall@5.000ns period=10.000ns})
  Destination:            counter[7]
                            (output port)
  Path Group:             (none)
  Path Type:              Min at Fast Process Corner
  Data Path Delay:        1.701ns  (logic 1.359ns (79.892%)  route 0.342ns (20.108%))
  Logic Levels:           1  (OBUF=1)
  Clock Uncertainty:      0.025ns  ((TSJ^2 + TIJ^2)^1/2 + DJ) / 2 + PE
    Total System Jitter     (TSJ):    0.050ns
    Total Input Jitter      (TIJ):    0.000ns
    Discrete Jitter          (DJ):    0.000ns
    Phase Error              (PE):    0.000ns

    Location             Delay type                Incr(ns)  Path(ns)    Netlist Resource(s)
  -------------------------------------------------------------------    -------------------
                         (clock sys_clk_pin rise edge)
                                                      0.000     0.000 r  
    E3                                                0.000     0.000 r  clk (IN)
                         net (fo=0)                   0.000     0.000    clk
    E3                   IBUF (Prop_ibuf_I_O)         0.250     0.250 r  clk_IBUF_inst/O
                         net (fo=1, routed)           0.644     0.894    clk_IBUF
    BUFGCTRL_X0Y16       BUFG (Prop_bufg_I_O)         0.026     0.920 r  clk_IBUF_BUFG_inst/O
                         net (fo=36, routed)          0.607     1.526    clk_IBUF_BUFG
    SLICE_X89Y56         FDRE                                         r  counter_in_reg[7]/C
  -------------------------------------------------------------------    -------------------
    SLICE_X89Y56         FDRE (Prop_fdre_C_Q)         0.128     1.654 r  counter_in_reg[7]/Q
                         net (fo=2, routed)           0.342     1.996    counter_OBUF[7]
    V9                   OBUF (Prop_obuf_I_O)         1.231     3.227 r  counter_OBUF[7]_inst/O
                         net (fo=0)                   0.000     3.227    counter[7]
    V9                                                                r  counter[7] (OUT)
  -------------------------------------------------------------------    -------------------

Slack:                    inf
  Source:                 counter_in_reg[2]/C
                            (rising edge-triggered cell FDRE clocked by sys_clk_pin  {rise@0.000ns fall@5.000ns period=10.000ns})
  Destination:            counter[2]
                            (output port)
  Path Group:             (none)
  Path Type:              Min at Fast Process Corner
  Data Path Delay:        1.706ns  (logic 1.335ns (78.266%)  route 0.371ns (21.734%))
  Logic Levels:           1  (OBUF=1)
  Clock Uncertainty:      0.025ns  ((TSJ^2 + TIJ^2)^1/2 + DJ) / 2 + PE
    Total System Jitter     (TSJ):    0.050ns
    Total Input Jitter      (TIJ):    0.000ns
    Discrete Jitter          (DJ):    0.000ns
    Phase Error              (PE):    0.000ns

    Location             Delay type                Incr(ns)  Path(ns)    Netlist Resource(s)
  -------------------------------------------------------------------    -------------------
                         (clock sys_clk_pin rise edge)
                                                      0.000     0.000 r  
    E3                                                0.000     0.000 r  clk (IN)
                         net (fo=0)                   0.000     0.000    clk
    E3                   IBUF (Prop_ibuf_I_O)         0.250     0.250 r  clk_IBUF_inst/O
                         net (fo=1, routed)           0.644     0.894    clk_IBUF
    BUFGCTRL_X0Y16       BUFG (Prop_bufg_I_O)         0.026     0.920 r  clk_IBUF_BUFG_inst/O
                         net (fo=36, routed)          0.608     1.527    clk_IBUF_BUFG
    SLICE_X89Y51         FDRE                                         r  counter_in_reg[2]/C
  -------------------------------------------------------------------    -------------------
    SLICE_X89Y51         FDRE (Prop_fdre_C_Q)         0.128     1.655 r  counter_in_reg[2]/Q
                         net (fo=6, routed)           0.371     2.026    counter_OBUF[2]
    R8                   OBUF (Prop_obuf_I_O)         1.207     3.233 r  counter_OBUF[2]_inst/O
                         net (fo=0)                   0.000     3.233    counter[2]
    R8                                                                r  counter[2] (OUT)
  -------------------------------------------------------------------    -------------------

Slack:                    inf
  Source:                 counter_in_reg[4]/C
                            (rising edge-triggered cell FDRE clocked by sys_clk_pin  {rise@0.000ns fall@5.000ns period=10.000ns})
  Destination:            counter[4]
                            (output port)
  Path Group:             (none)
  Path Type:              Min at Fast Process Corner
  Data Path Delay:        1.811ns  (logic 1.349ns (74.513%)  route 0.462ns (25.487%))
  Logic Levels:           1  (OBUF=1)
  Clock Uncertainty:      0.025ns  ((TSJ^2 + TIJ^2)^1/2 + DJ) / 2 + PE
    Total System Jitter     (TSJ):    0.050ns
    Total Input Jitter      (TIJ):    0.000ns
    Discrete Jitter          (DJ):    0.000ns
    Phase Error              (PE):    0.000ns

    Location             Delay type                Incr(ns)  Path(ns)    Netlist Resource(s)
  -------------------------------------------------------------------    -------------------
                         (clock sys_clk_pin rise edge)
                                                      0.000     0.000 r  
    E3                                                0.000     0.000 r  clk (IN)
                         net (fo=0)                   0.000     0.000    clk
    E3                   IBUF (Prop_ibuf_I_O)         0.250     0.250 r  clk_IBUF_inst/O
                         net (fo=1, routed)           0.644     0.894    clk_IBUF
    BUFGCTRL_X0Y16       BUFG (Prop_bufg_I_O)         0.026     0.920 r  clk_IBUF_BUFG_inst/O
                         net (fo=36, routed)          0.608     1.527    clk_IBUF_BUFG
    SLICE_X89Y51         FDRE                                         r  counter_in_reg[4]/C
  -------------------------------------------------------------------    -------------------
    SLICE_X89Y51         FDRE (Prop_fdre_C_Q)         0.128     1.655 r  counter_in_reg[4]/Q
                         net (fo=4, routed)           0.462     2.117    counter_OBUF[4]
    R7                   OBUF (Prop_obuf_I_O)         1.221     3.338 r  counter_OBUF[4]_inst/O
                         net (fo=0)                   0.000     3.338    counter[4]
    R7                                                                r  counter[4] (OUT)
  -------------------------------------------------------------------    -------------------





--------------------------------------------------------------------------------------
Path Group:  (none)
From Clock:  
  To Clock:  sys_clk_pin

Max Delay            36 Endpoints
Min Delay            36 Endpoints
--------------------------------------------------------------------------------------


Max Delay Paths
--------------------------------------------------------------------------------------
Slack:                    inf
  Source:                 sw[0]
                            (input port)
  Destination:            timer_reg[0]/R
                            (rising edge-triggered cell FDRE clocked by sys_clk_pin  {rise@0.000ns fall@5.000ns period=10.000ns})
  Path Group:             (none)
  Path Type:              Setup (Max at Slow Process Corner)
  Data Path Delay:        7.830ns  (logic 4.041ns (51.612%)  route 3.789ns (48.388%))
  Logic Levels:           10  (CARRY4=7 IBUF=1 LUT2=1 LUT5=1)
  Clock Path Skew:        5.036ns (DCD - SCD + CPR)
    Destination Clock Delay (DCD):    5.036ns
    Source Clock Delay      (SCD):    0.000ns
    Clock Pessimism Removal (CPR):    0.000ns
  Clock Uncertainty:      0.025ns  ((TSJ^2 + TIJ^2)^1/2 + DJ) / 2 + PE
    Total System Jitter     (TSJ):    0.050ns
    Total Input Jitter      (TIJ):    0.000ns
    Discrete Jitter          (DJ):    0.000ns
    Phase Error              (PE):    0.000ns

    Location             Delay type                Incr(ns)  Path(ns)    Netlist Resource(s)
  -------------------------------------------------------------------    -------------------
    U9                                                0.000     0.000 f  sw[0] (IN)
                         net (fo=0)                   0.000     0.000    sw[0]
    U9                   IBUF (Prop_ibuf_I_O)         0.998     0.998 f  sw_IBUF[0]_inst/O
                         net (fo=21, routed)          1.492     2.491    sw_IBUF[0]
    SLICE_X86Y53         LUT2 (Prop_lut2_I0_O)        0.124     2.615 r  timer[0]_i_43/O
                         net (fo=1, routed)           0.000     2.615    timer[0]_i_43_n_0
    SLICE_X86Y53         CARRY4 (Prop_carry4_S[1]_CO[3])
                                                      0.550     3.165 r  timer_reg[0]_i_35/CO[3]
                         net (fo=1, routed)           0.000     3.165    timer_reg[0]_i_35_n_0
    SLICE_X86Y54         CARRY4 (Prop_carry4_CI_CO[1])
                                                      0.157     3.322 r  timer_reg[0]_i_34/CO[1]
                         net (fo=3, routed)           0.491     3.813    timer_reg[0]_i_34_n_2
    SLICE_X87Y53         CARRY4 (Prop_carry4_CYINIT_CO[3])
                                                      0.785     4.598 r  timer_reg[0]_i_33/CO[3]
                         net (fo=1, routed)           0.000     4.598    timer_reg[0]_i_33_n_0
    SLICE_X87Y54         CARRY4 (Prop_carry4_CI_CO[0])
                                                      0.271     4.869 r  timer_reg[0]_i_32/CO[0]
                         net (fo=2, routed)           0.777     5.646    counter_in1[14]
    SLICE_X89Y53         LUT5 (Prop_lut5_I1_O)        0.373     6.019 r  timer[0]_i_22/O
                         net (fo=1, routed)           0.000     6.019    timer[0]_i_22_n_0
    SLICE_X89Y53         CARRY4 (Prop_carry4_S[2]_CO[3])
                                                      0.398     6.417 r  timer_reg[0]_i_7/CO[3]
                         net (fo=1, routed)           0.000     6.417    timer_reg[0]_i_7_n_0
    SLICE_X89Y54         CARRY4 (Prop_carry4_CI_CO[3])
                                                      0.114     6.531 r  timer_reg[0]_i_3/CO[3]
                         net (fo=1, routed)           0.000     6.531    timer_reg[0]_i_3_n_0
    SLICE_X89Y55         CARRY4 (Prop_carry4_CI_CO[0])
                                                      0.271     6.802 r  timer_reg[0]_i_1/CO[0]
                         net (fo=36, routed)          1.029     7.830    sel
    SLICE_X88Y50         FDRE                                         r  timer_reg[0]/R
  -------------------------------------------------------------------    -------------------

                         (clock sys_clk_pin rise edge)
                                                      0.000     0.000 r  
    E3                                                0.000     0.000 r  clk (IN)
                         net (fo=0)                   0.000     0.000    clk
    E3                   IBUF (Prop_ibuf_I_O)         1.411     1.411 r  clk_IBUF_inst/O
                         net (fo=1, routed)           1.920     3.331    clk_IBUF
    BUFGCTRL_X0Y16       BUFG (Prop_bufg_I_O)         0.091     3.422 r  clk_IBUF_BUFG_inst/O
                         net (fo=36, routed)          1.613     5.036    clk_IBUF_BUFG
    SLICE_X88Y50         FDRE                                         r  timer_reg[0]/C

Slack:                    inf
  Source:                 sw[0]
                            (input port)
  Destination:            timer_reg[1]/R
                            (rising edge-triggered cell FDRE clocked by sys_clk_pin  {rise@0.000ns fall@5.000ns period=10.000ns})
  Path Group:             (none)
  Path Type:              Setup (Max at Slow Process Corner)
  Data Path Delay:        7.830ns  (logic 4.041ns (51.612%)  route 3.789ns (48.388%))
  Logic Levels:           10  (CARRY4=7 IBUF=1 LUT2=1 LUT5=1)
  Clock Path Skew:        5.036ns (DCD - SCD + CPR)
    Destination Clock Delay (DCD):    5.036ns
    Source Clock Delay      (SCD):    0.000ns
    Clock Pessimism Removal (CPR):    0.000ns
  Clock Uncertainty:      0.025ns  ((TSJ^2 + TIJ^2)^1/2 + DJ) / 2 + PE
    Total System Jitter     (TSJ):    0.050ns
    Total Input Jitter      (TIJ):    0.000ns
    Discrete Jitter          (DJ):    0.000ns
    Phase Error              (PE):    0.000ns

    Location             Delay type                Incr(ns)  Path(ns)    Netlist Resource(s)
  -------------------------------------------------------------------    -------------------
    U9                                                0.000     0.000 f  sw[0] (IN)
                         net (fo=0)                   0.000     0.000    sw[0]
    U9                   IBUF (Prop_ibuf_I_O)         0.998     0.998 f  sw_IBUF[0]_inst/O
                         net (fo=21, routed)          1.492     2.491    sw_IBUF[0]
    SLICE_X86Y53         LUT2 (Prop_lut2_I0_O)        0.124     2.615 r  timer[0]_i_43/O
                         net (fo=1, routed)           0.000     2.615    timer[0]_i_43_n_0
    SLICE_X86Y53         CARRY4 (Prop_carry4_S[1]_CO[3])
                                                      0.550     3.165 r  timer_reg[0]_i_35/CO[3]
                         net (fo=1, routed)           0.000     3.165    timer_reg[0]_i_35_n_0
    SLICE_X86Y54         CARRY4 (Prop_carry4_CI_CO[1])
                                                      0.157     3.322 r  timer_reg[0]_i_34/CO[1]
                         net (fo=3, routed)           0.491     3.813    timer_reg[0]_i_34_n_2
    SLICE_X87Y53         CARRY4 (Prop_carry4_CYINIT_CO[3])
                                                      0.785     4.598 r  timer_reg[0]_i_33/CO[3]
                         net (fo=1, routed)           0.000     4.598    timer_reg[0]_i_33_n_0
    SLICE_X87Y54         CARRY4 (Prop_carry4_CI_CO[0])
                                                      0.271     4.869 r  timer_reg[0]_i_32/CO[0]
                         net (fo=2, routed)           0.777     5.646    counter_in1[14]
    SLICE_X89Y53         LUT5 (Prop_lut5_I1_O)        0.373     6.019 r  timer[0]_i_22/O
                         net (fo=1, routed)           0.000     6.019    timer[0]_i_22_n_0
    SLICE_X89Y53         CARRY4 (Prop_carry4_S[2]_CO[3])
                                                      0.398     6.417 r  timer_reg[0]_i_7/CO[3]
                         net (fo=1, routed)           0.000     6.417    timer_reg[0]_i_7_n_0
    SLICE_X89Y54         CARRY4 (Prop_carry4_CI_CO[3])
                                                      0.114     6.531 r  timer_reg[0]_i_3/CO[3]
                         net (fo=1, routed)           0.000     6.531    timer_reg[0]_i_3_n_0
    SLICE_X89Y55         CARRY4 (Prop_carry4_CI_CO[0])
                                                      0.271     6.802 r  timer_reg[0]_i_1/CO[0]
                         net (fo=36, routed)          1.029     7.830    sel
    SLICE_X88Y50         FDRE                                         r  timer_reg[1]/R
  -------------------------------------------------------------------    -------------------

                         (clock sys_clk_pin rise edge)
                                                      0.000     0.000 r  
    E3                                                0.000     0.000 r  clk (IN)
                         net (fo=0)                   0.000     0.000    clk
    E3                   IBUF (Prop_ibuf_I_O)         1.411     1.411 r  clk_IBUF_inst/O
                         net (fo=1, routed)           1.920     3.331    clk_IBUF
    BUFGCTRL_X0Y16       BUFG (Prop_bufg_I_O)         0.091     3.422 r  clk_IBUF_BUFG_inst/O
                         net (fo=36, routed)          1.613     5.036    clk_IBUF_BUFG
    SLICE_X88Y50         FDRE                                         r  timer_reg[1]/C

Slack:                    inf
  Source:                 sw[0]
                            (input port)
  Destination:            timer_reg[2]/R
                            (rising edge-triggered cell FDRE clocked by sys_clk_pin  {rise@0.000ns fall@5.000ns period=10.000ns})
  Path Group:             (none)
  Path Type:              Setup (Max at Slow Process Corner)
  Data Path Delay:        7.830ns  (logic 4.041ns (51.612%)  route 3.789ns (48.388%))
  Logic Levels:           10  (CARRY4=7 IBUF=1 LUT2=1 LUT5=1)
  Clock Path Skew:        5.036ns (DCD - SCD + CPR)
    Destination Clock Delay (DCD):    5.036ns
    Source Clock Delay      (SCD):    0.000ns
    Clock Pessimism Removal (CPR):    0.000ns
  Clock Uncertainty:      0.025ns  ((TSJ^2 + TIJ^2)^1/2 + DJ) / 2 + PE
    Total System Jitter     (TSJ):    0.050ns
    Total Input Jitter      (TIJ):    0.000ns
    Discrete Jitter          (DJ):    0.000ns
    Phase Error              (PE):    0.000ns

    Location             Delay type                Incr(ns)  Path(ns)    Netlist Resource(s)
  -------------------------------------------------------------------    -------------------
    U9                                                0.000     0.000 f  sw[0] (IN)
                         net (fo=0)                   0.000     0.000    sw[0]
    U9                   IBUF (Prop_ibuf_I_O)         0.998     0.998 f  sw_IBUF[0]_inst/O
                         net (fo=21, routed)          1.492     2.491    sw_IBUF[0]
    SLICE_X86Y53         LUT2 (Prop_lut2_I0_O)        0.124     2.615 r  timer[0]_i_43/O
                         net (fo=1, routed)           0.000     2.615    timer[0]_i_43_n_0
    SLICE_X86Y53         CARRY4 (Prop_carry4_S[1]_CO[3])
                                                      0.550     3.165 r  timer_reg[0]_i_35/CO[3]
                         net (fo=1, routed)           0.000     3.165    timer_reg[0]_i_35_n_0
    SLICE_X86Y54         CARRY4 (Prop_carry4_CI_CO[1])
                                                      0.157     3.322 r  timer_reg[0]_i_34/CO[1]
                         net (fo=3, routed)           0.491     3.813    timer_reg[0]_i_34_n_2
    SLICE_X87Y53         CARRY4 (Prop_carry4_CYINIT_CO[3])
                                                      0.785     4.598 r  timer_reg[0]_i_33/CO[3]
                         net (fo=1, routed)           0.000     4.598    timer_reg[0]_i_33_n_0
    SLICE_X87Y54         CARRY4 (Prop_carry4_CI_CO[0])
                                                      0.271     4.869 r  timer_reg[0]_i_32/CO[0]
                         net (fo=2, routed)           0.777     5.646    counter_in1[14]
    SLICE_X89Y53         LUT5 (Prop_lut5_I1_O)        0.373     6.019 r  timer[0]_i_22/O
                         net (fo=1, routed)           0.000     6.019    timer[0]_i_22_n_0
    SLICE_X89Y53         CARRY4 (Prop_carry4_S[2]_CO[3])
                                                      0.398     6.417 r  timer_reg[0]_i_7/CO[3]
                         net (fo=1, routed)           0.000     6.417    timer_reg[0]_i_7_n_0
    SLICE_X89Y54         CARRY4 (Prop_carry4_CI_CO[3])
                                                      0.114     6.531 r  timer_reg[0]_i_3/CO[3]
                         net (fo=1, routed)           0.000     6.531    timer_reg[0]_i_3_n_0
    SLICE_X89Y55         CARRY4 (Prop_carry4_CI_CO[0])
                                                      0.271     6.802 r  timer_reg[0]_i_1/CO[0]
                         net (fo=36, routed)          1.029     7.830    sel
    SLICE_X88Y50         FDRE                                         r  timer_reg[2]/R
  -------------------------------------------------------------------    -------------------

                         (clock sys_clk_pin rise edge)
                                                      0.000     0.000 r  
    E3                                                0.000     0.000 r  clk (IN)
                         net (fo=0)                   0.000     0.000    clk
    E3                   IBUF (Prop_ibuf_I_O)         1.411     1.411 r  clk_IBUF_inst/O
                         net (fo=1, routed)           1.920     3.331    clk_IBUF
    BUFGCTRL_X0Y16       BUFG (Prop_bufg_I_O)         0.091     3.422 r  clk_IBUF_BUFG_inst/O
                         net (fo=36, routed)          1.613     5.036    clk_IBUF_BUFG
    SLICE_X88Y50         FDRE                                         r  timer_reg[2]/C

Slack:                    inf
  Source:                 sw[0]
                            (input port)
  Destination:            timer_reg[3]/R
                            (rising edge-triggered cell FDRE clocked by sys_clk_pin  {rise@0.000ns fall@5.000ns period=10.000ns})
  Path Group:             (none)
  Path Type:              Setup (Max at Slow Process Corner)
  Data Path Delay:        7.830ns  (logic 4.041ns (51.612%)  route 3.789ns (48.388%))
  Logic Levels:           10  (CARRY4=7 IBUF=1 LUT2=1 LUT5=1)
  Clock Path Skew:        5.036ns (DCD - SCD + CPR)
    Destination Clock Delay (DCD):    5.036ns
    Source Clock Delay      (SCD):    0.000ns
    Clock Pessimism Removal (CPR):    0.000ns
  Clock Uncertainty:      0.025ns  ((TSJ^2 + TIJ^2)^1/2 + DJ) / 2 + PE
    Total System Jitter     (TSJ):    0.050ns
    Total Input Jitter      (TIJ):    0.000ns
    Discrete Jitter          (DJ):    0.000ns
    Phase Error              (PE):    0.000ns

    Location             Delay type                Incr(ns)  Path(ns)    Netlist Resource(s)
  -------------------------------------------------------------------    -------------------
    U9                                                0.000     0.000 f  sw[0] (IN)
                         net (fo=0)                   0.000     0.000    sw[0]
    U9                   IBUF (Prop_ibuf_I_O)         0.998     0.998 f  sw_IBUF[0]_inst/O
                         net (fo=21, routed)          1.492     2.491    sw_IBUF[0]
    SLICE_X86Y53         LUT2 (Prop_lut2_I0_O)        0.124     2.615 r  timer[0]_i_43/O
                         net (fo=1, routed)           0.000     2.615    timer[0]_i_43_n_0
    SLICE_X86Y53         CARRY4 (Prop_carry4_S[1]_CO[3])
                                                      0.550     3.165 r  timer_reg[0]_i_35/CO[3]
                         net (fo=1, routed)           0.000     3.165    timer_reg[0]_i_35_n_0
    SLICE_X86Y54         CARRY4 (Prop_carry4_CI_CO[1])
                                                      0.157     3.322 r  timer_reg[0]_i_34/CO[1]
                         net (fo=3, routed)           0.491     3.813    timer_reg[0]_i_34_n_2
    SLICE_X87Y53         CARRY4 (Prop_carry4_CYINIT_CO[3])
                                                      0.785     4.598 r  timer_reg[0]_i_33/CO[3]
                         net (fo=1, routed)           0.000     4.598    timer_reg[0]_i_33_n_0
    SLICE_X87Y54         CARRY4 (Prop_carry4_CI_CO[0])
                                                      0.271     4.869 r  timer_reg[0]_i_32/CO[0]
                         net (fo=2, routed)           0.777     5.646    counter_in1[14]
    SLICE_X89Y53         LUT5 (Prop_lut5_I1_O)        0.373     6.019 r  timer[0]_i_22/O
                         net (fo=1, routed)           0.000     6.019    timer[0]_i_22_n_0
    SLICE_X89Y53         CARRY4 (Prop_carry4_S[2]_CO[3])
                                                      0.398     6.417 r  timer_reg[0]_i_7/CO[3]
                         net (fo=1, routed)           0.000     6.417    timer_reg[0]_i_7_n_0
    SLICE_X89Y54         CARRY4 (Prop_carry4_CI_CO[3])
                                                      0.114     6.531 r  timer_reg[0]_i_3/CO[3]
                         net (fo=1, routed)           0.000     6.531    timer_reg[0]_i_3_n_0
    SLICE_X89Y55         CARRY4 (Prop_carry4_CI_CO[0])
                                                      0.271     6.802 r  timer_reg[0]_i_1/CO[0]
                         net (fo=36, routed)          1.029     7.830    sel
    SLICE_X88Y50         FDRE                                         r  timer_reg[3]/R
  -------------------------------------------------------------------    -------------------

                         (clock sys_clk_pin rise edge)
                                                      0.000     0.000 r  
    E3                                                0.000     0.000 r  clk (IN)
                         net (fo=0)                   0.000     0.000    clk
    E3                   IBUF (Prop_ibuf_I_O)         1.411     1.411 r  clk_IBUF_inst/O
                         net (fo=1, routed)           1.920     3.331    clk_IBUF
    BUFGCTRL_X0Y16       BUFG (Prop_bufg_I_O)         0.091     3.422 r  clk_IBUF_BUFG_inst/O
                         net (fo=36, routed)          1.613     5.036    clk_IBUF_BUFG
    SLICE_X88Y50         FDRE                                         r  timer_reg[3]/C

Slack:                    inf
  Source:                 sw[0]
                            (input port)
  Destination:            counter_in_reg[0]/CE
                            (rising edge-triggered cell FDRE clocked by sys_clk_pin  {rise@0.000ns fall@5.000ns period=10.000ns})
  Path Group:             (none)
  Path Type:              Setup (Max at Slow Process Corner)
  Data Path Delay:        7.798ns  (logic 4.041ns (51.830%)  route 3.756ns (48.170%))
  Logic Levels:           10  (CARRY4=7 IBUF=1 LUT2=1 LUT5=1)
  Clock Path Skew:        5.036ns (DCD - SCD + CPR)
    Destination Clock Delay (DCD):    5.036ns
    Source Clock Delay      (SCD):    0.000ns
    Clock Pessimism Removal (CPR):    0.000ns
  Clock Uncertainty:      0.025ns  ((TSJ^2 + TIJ^2)^1/2 + DJ) / 2 + PE
    Total System Jitter     (TSJ):    0.050ns
    Total Input Jitter      (TIJ):    0.000ns
    Discrete Jitter          (DJ):    0.000ns
    Phase Error              (PE):    0.000ns

    Location             Delay type                Incr(ns)  Path(ns)    Netlist Resource(s)
  -------------------------------------------------------------------    -------------------
    U9                                                0.000     0.000 f  sw[0] (IN)
                         net (fo=0)                   0.000     0.000    sw[0]
    U9                   IBUF (Prop_ibuf_I_O)         0.998     0.998 f  sw_IBUF[0]_inst/O
                         net (fo=21, routed)          1.492     2.491    sw_IBUF[0]
    SLICE_X86Y53         LUT2 (Prop_lut2_I0_O)        0.124     2.615 r  timer[0]_i_43/O
                         net (fo=1, routed)           0.000     2.615    timer[0]_i_43_n_0
    SLICE_X86Y53         CARRY4 (Prop_carry4_S[1]_CO[3])
                                                      0.550     3.165 r  timer_reg[0]_i_35/CO[3]
                         net (fo=1, routed)           0.000     3.165    timer_reg[0]_i_35_n_0
    SLICE_X86Y54         CARRY4 (Prop_carry4_CI_CO[1])
                                                      0.157     3.322 r  timer_reg[0]_i_34/CO[1]
                         net (fo=3, routed)           0.491     3.813    timer_reg[0]_i_34_n_2
    SLICE_X87Y53         CARRY4 (Prop_carry4_CYINIT_CO[3])
                                                      0.785     4.598 r  timer_reg[0]_i_33/CO[3]
                         net (fo=1, routed)           0.000     4.598    timer_reg[0]_i_33_n_0
    SLICE_X87Y54         CARRY4 (Prop_carry4_CI_CO[0])
                                                      0.271     4.869 r  timer_reg[0]_i_32/CO[0]
                         net (fo=2, routed)           0.777     5.646    counter_in1[14]
    SLICE_X89Y53         LUT5 (Prop_lut5_I1_O)        0.373     6.019 r  timer[0]_i_22/O
                         net (fo=1, routed)           0.000     6.019    timer[0]_i_22_n_0
    SLICE_X89Y53         CARRY4 (Prop_carry4_S[2]_CO[3])
                                                      0.398     6.417 r  timer_reg[0]_i_7/CO[3]
                         net (fo=1, routed)           0.000     6.417    timer_reg[0]_i_7_n_0
    SLICE_X89Y54         CARRY4 (Prop_carry4_CI_CO[3])
                                                      0.114     6.531 r  timer_reg[0]_i_3/CO[3]
                         net (fo=1, routed)           0.000     6.531    timer_reg[0]_i_3_n_0
    SLICE_X89Y55         CARRY4 (Prop_carry4_CI_CO[0])
                                                      0.271     6.802 r  timer_reg[0]_i_1/CO[0]
                         net (fo=36, routed)          0.996     7.798    sel
    SLICE_X89Y50         FDRE                                         r  counter_in_reg[0]/CE
  -------------------------------------------------------------------    -------------------

                         (clock sys_clk_pin rise edge)
                                                      0.000     0.000 r  
    E3                                                0.000     0.000 r  clk (IN)
                         net (fo=0)                   0.000     0.000    clk
    E3                   IBUF (Prop_ibuf_I_O)         1.411     1.411 r  clk_IBUF_inst/O
                         net (fo=1, routed)           1.920     3.331    clk_IBUF
    BUFGCTRL_X0Y16       BUFG (Prop_bufg_I_O)         0.091     3.422 r  clk_IBUF_BUFG_inst/O
                         net (fo=36, routed)          1.613     5.036    clk_IBUF_BUFG
    SLICE_X89Y50         FDRE                                         r  counter_in_reg[0]/C

Slack:                    inf
  Source:                 sw[0]
                            (input port)
  Destination:            timer_reg[20]/R
                            (rising edge-triggered cell FDRE clocked by sys_clk_pin  {rise@0.000ns fall@5.000ns period=10.000ns})
  Path Group:             (none)
  Path Type:              Setup (Max at Slow Process Corner)
  Data Path Delay:        7.747ns  (logic 4.041ns (52.169%)  route 3.705ns (47.831%))
  Logic Levels:           10  (CARRY4=7 IBUF=1 LUT2=1 LUT5=1)
  Clock Path Skew:        5.035ns (DCD - SCD + CPR)
    Destination Clock Delay (DCD):    5.035ns
    Source Clock Delay      (SCD):    0.000ns
    Clock Pessimism Removal (CPR):    0.000ns
  Clock Uncertainty:      0.025ns  ((TSJ^2 + TIJ^2)^1/2 + DJ) / 2 + PE
    Total System Jitter     (TSJ):    0.050ns
    Total Input Jitter      (TIJ):    0.000ns
    Discrete Jitter          (DJ):    0.000ns
    Phase Error              (PE):    0.000ns

    Location             Delay type                Incr(ns)  Path(ns)    Netlist Resource(s)
  -------------------------------------------------------------------    -------------------
    U9                                                0.000     0.000 f  sw[0] (IN)
                         net (fo=0)                   0.000     0.000    sw[0]
    U9                   IBUF (Prop_ibuf_I_O)         0.998     0.998 f  sw_IBUF[0]_inst/O
                         net (fo=21, routed)          1.492     2.491    sw_IBUF[0]
    SLICE_X86Y53         LUT2 (Prop_lut2_I0_O)        0.124     2.615 r  timer[0]_i_43/O
                         net (fo=1, routed)           0.000     2.615    timer[0]_i_43_n_0
    SLICE_X86Y53         CARRY4 (Prop_carry4_S[1]_CO[3])
                                                      0.550     3.165 r  timer_reg[0]_i_35/CO[3]
                         net (fo=1, routed)           0.000     3.165    timer_reg[0]_i_35_n_0
    SLICE_X86Y54         CARRY4 (Prop_carry4_CI_CO[1])
                                                      0.157     3.322 r  timer_reg[0]_i_34/CO[1]
                         net (fo=3, routed)           0.491     3.813    timer_reg[0]_i_34_n_2
    SLICE_X87Y53         CARRY4 (Prop_carry4_CYINIT_CO[3])
                                                      0.785     4.598 r  timer_reg[0]_i_33/CO[3]
                         net (fo=1, routed)           0.000     4.598    timer_reg[0]_i_33_n_0
    SLICE_X87Y54         CARRY4 (Prop_carry4_CI_CO[0])
                                                      0.271     4.869 r  timer_reg[0]_i_32/CO[0]
                         net (fo=2, routed)           0.777     5.646    counter_in1[14]
    SLICE_X89Y53         LUT5 (Prop_lut5_I1_O)        0.373     6.019 r  timer[0]_i_22/O
                         net (fo=1, routed)           0.000     6.019    timer[0]_i_22_n_0
    SLICE_X89Y53         CARRY4 (Prop_carry4_S[2]_CO[3])
                                                      0.398     6.417 r  timer_reg[0]_i_7/CO[3]
                         net (fo=1, routed)           0.000     6.417    timer_reg[0]_i_7_n_0
    SLICE_X89Y54         CARRY4 (Prop_carry4_CI_CO[3])
                                                      0.114     6.531 r  timer_reg[0]_i_3/CO[3]
                         net (fo=1, routed)           0.000     6.531    timer_reg[0]_i_3_n_0
    SLICE_X89Y55         CARRY4 (Prop_carry4_CI_CO[0])
                                                      0.271     6.802 r  timer_reg[0]_i_1/CO[0]
                         net (fo=36, routed)          0.945     7.747    sel
    SLICE_X88Y55         FDRE                                         r  timer_reg[20]/R
  -------------------------------------------------------------------    -------------------

                         (clock sys_clk_pin rise edge)
                                                      0.000     0.000 r  
    E3                                                0.000     0.000 r  clk (IN)
                         net (fo=0)                   0.000     0.000    clk
    E3                   IBUF (Prop_ibuf_I_O)         1.411     1.411 r  clk_IBUF_inst/O
                         net (fo=1, routed)           1.920     3.331    clk_IBUF
    BUFGCTRL_X0Y16       BUFG (Prop_bufg_I_O)         0.091     3.422 r  clk_IBUF_BUFG_inst/O
                         net (fo=36, routed)          1.612     5.035    clk_IBUF_BUFG
    SLICE_X88Y55         FDRE                                         r  timer_reg[20]/C

Slack:                    inf
  Source:                 sw[0]
                            (input port)
  Destination:            timer_reg[21]/R
                            (rising edge-triggered cell FDRE clocked by sys_clk_pin  {rise@0.000ns fall@5.000ns period=10.000ns})
  Path Group:             (none)
  Path Type:              Setup (Max at Slow Process Corner)
  Data Path Delay:        7.747ns  (logic 4.041ns (52.169%)  route 3.705ns (47.831%))
  Logic Levels:           10  (CARRY4=7 IBUF=1 LUT2=1 LUT5=1)
  Clock Path Skew:        5.035ns (DCD - SCD + CPR)
    Destination Clock Delay (DCD):    5.035ns
    Source Clock Delay      (SCD):    0.000ns
    Clock Pessimism Removal (CPR):    0.000ns
  Clock Uncertainty:      0.025ns  ((TSJ^2 + TIJ^2)^1/2 + DJ) / 2 + PE
    Total System Jitter     (TSJ):    0.050ns
    Total Input Jitter      (TIJ):    0.000ns
    Discrete Jitter          (DJ):    0.000ns
    Phase Error              (PE):    0.000ns

    Location             Delay type                Incr(ns)  Path(ns)    Netlist Resource(s)
  -------------------------------------------------------------------    -------------------
    U9                                                0.000     0.000 f  sw[0] (IN)
                         net (fo=0)                   0.000     0.000    sw[0]
    U9                   IBUF (Prop_ibuf_I_O)         0.998     0.998 f  sw_IBUF[0]_inst/O
                         net (fo=21, routed)          1.492     2.491    sw_IBUF[0]
    SLICE_X86Y53         LUT2 (Prop_lut2_I0_O)        0.124     2.615 r  timer[0]_i_43/O
                         net (fo=1, routed)           0.000     2.615    timer[0]_i_43_n_0
    SLICE_X86Y53         CARRY4 (Prop_carry4_S[1]_CO[3])
                                                      0.550     3.165 r  timer_reg[0]_i_35/CO[3]
                         net (fo=1, routed)           0.000     3.165    timer_reg[0]_i_35_n_0
    SLICE_X86Y54         CARRY4 (Prop_carry4_CI_CO[1])
                                                      0.157     3.322 r  timer_reg[0]_i_34/CO[1]
                         net (fo=3, routed)           0.491     3.813    timer_reg[0]_i_34_n_2
    SLICE_X87Y53         CARRY4 (Prop_carry4_CYINIT_CO[3])
                                                      0.785     4.598 r  timer_reg[0]_i_33/CO[3]
                         net (fo=1, routed)           0.000     4.598    timer_reg[0]_i_33_n_0
    SLICE_X87Y54         CARRY4 (Prop_carry4_CI_CO[0])
                                                      0.271     4.869 r  timer_reg[0]_i_32/CO[0]
                         net (fo=2, routed)           0.777     5.646    counter_in1[14]
    SLICE_X89Y53         LUT5 (Prop_lut5_I1_O)        0.373     6.019 r  timer[0]_i_22/O
                         net (fo=1, routed)           0.000     6.019    timer[0]_i_22_n_0
    SLICE_X89Y53         CARRY4 (Prop_carry4_S[2]_CO[3])
                                                      0.398     6.417 r  timer_reg[0]_i_7/CO[3]
                         net (fo=1, routed)           0.000     6.417    timer_reg[0]_i_7_n_0
    SLICE_X89Y54         CARRY4 (Prop_carry4_CI_CO[3])
                                                      0.114     6.531 r  timer_reg[0]_i_3/CO[3]
                         net (fo=1, routed)           0.000     6.531    timer_reg[0]_i_3_n_0
    SLICE_X89Y55         CARRY4 (Prop_carry4_CI_CO[0])
                                                      0.271     6.802 r  timer_reg[0]_i_1/CO[0]
                         net (fo=36, routed)          0.945     7.747    sel
    SLICE_X88Y55         FDRE                                         r  timer_reg[21]/R
  -------------------------------------------------------------------    -------------------

                         (clock sys_clk_pin rise edge)
                                                      0.000     0.000 r  
    E3                                                0.000     0.000 r  clk (IN)
                         net (fo=0)                   0.000     0.000    clk
    E3                   IBUF (Prop_ibuf_I_O)         1.411     1.411 r  clk_IBUF_inst/O
                         net (fo=1, routed)           1.920     3.331    clk_IBUF
    BUFGCTRL_X0Y16       BUFG (Prop_bufg_I_O)         0.091     3.422 r  clk_IBUF_BUFG_inst/O
                         net (fo=36, routed)          1.612     5.035    clk_IBUF_BUFG
    SLICE_X88Y55         FDRE                                         r  timer_reg[21]/C

Slack:                    inf
  Source:                 sw[0]
                            (input port)
  Destination:            timer_reg[22]/R
                            (rising edge-triggered cell FDRE clocked by sys_clk_pin  {rise@0.000ns fall@5.000ns period=10.000ns})
  Path Group:             (none)
  Path Type:              Setup (Max at Slow Process Corner)
  Data Path Delay:        7.747ns  (logic 4.041ns (52.169%)  route 3.705ns (47.831%))
  Logic Levels:           10  (CARRY4=7 IBUF=1 LUT2=1 LUT5=1)
  Clock Path Skew:        5.035ns (DCD - SCD + CPR)
    Destination Clock Delay (DCD):    5.035ns
    Source Clock Delay      (SCD):    0.000ns
    Clock Pessimism Removal (CPR):    0.000ns
  Clock Uncertainty:      0.025ns  ((TSJ^2 + TIJ^2)^1/2 + DJ) / 2 + PE
    Total System Jitter     (TSJ):    0.050ns
    Total Input Jitter      (TIJ):    0.000ns
    Discrete Jitter          (DJ):    0.000ns
    Phase Error              (PE):    0.000ns

    Location             Delay type                Incr(ns)  Path(ns)    Netlist Resource(s)
  -------------------------------------------------------------------    -------------------
    U9                                                0.000     0.000 f  sw[0] (IN)
                         net (fo=0)                   0.000     0.000    sw[0]
    U9                   IBUF (Prop_ibuf_I_O)         0.998     0.998 f  sw_IBUF[0]_inst/O
                         net (fo=21, routed)          1.492     2.491    sw_IBUF[0]
    SLICE_X86Y53         LUT2 (Prop_lut2_I0_O)        0.124     2.615 r  timer[0]_i_43/O
                         net (fo=1, routed)           0.000     2.615    timer[0]_i_43_n_0
    SLICE_X86Y53         CARRY4 (Prop_carry4_S[1]_CO[3])
                                                      0.550     3.165 r  timer_reg[0]_i_35/CO[3]
                         net (fo=1, routed)           0.000     3.165    timer_reg[0]_i_35_n_0
    SLICE_X86Y54         CARRY4 (Prop_carry4_CI_CO[1])
                                                      0.157     3.322 r  timer_reg[0]_i_34/CO[1]
                         net (fo=3, routed)           0.491     3.813    timer_reg[0]_i_34_n_2
    SLICE_X87Y53         CARRY4 (Prop_carry4_CYINIT_CO[3])
                                                      0.785     4.598 r  timer_reg[0]_i_33/CO[3]
                         net (fo=1, routed)           0.000     4.598    timer_reg[0]_i_33_n_0
    SLICE_X87Y54         CARRY4 (Prop_carry4_CI_CO[0])
                                                      0.271     4.869 r  timer_reg[0]_i_32/CO[0]
                         net (fo=2, routed)           0.777     5.646    counter_in1[14]
    SLICE_X89Y53         LUT5 (Prop_lut5_I1_O)        0.373     6.019 r  timer[0]_i_22/O
                         net (fo=1, routed)           0.000     6.019    timer[0]_i_22_n_0
    SLICE_X89Y53         CARRY4 (Prop_carry4_S[2]_CO[3])
                                                      0.398     6.417 r  timer_reg[0]_i_7/CO[3]
                         net (fo=1, routed)           0.000     6.417    timer_reg[0]_i_7_n_0
    SLICE_X89Y54         CARRY4 (Prop_carry4_CI_CO[3])
                                                      0.114     6.531 r  timer_reg[0]_i_3/CO[3]
                         net (fo=1, routed)           0.000     6.531    timer_reg[0]_i_3_n_0
    SLICE_X89Y55         CARRY4 (Prop_carry4_CI_CO[0])
                                                      0.271     6.802 r  timer_reg[0]_i_1/CO[0]
                         net (fo=36, routed)          0.945     7.747    sel
    SLICE_X88Y55         FDRE                                         r  timer_reg[22]/R
  -------------------------------------------------------------------    -------------------

                         (clock sys_clk_pin rise edge)
                                                      0.000     0.000 r  
    E3                                                0.000     0.000 r  clk (IN)
                         net (fo=0)                   0.000     0.000    clk
    E3                   IBUF (Prop_ibuf_I_O)         1.411     1.411 r  clk_IBUF_inst/O
                         net (fo=1, routed)           1.920     3.331    clk_IBUF
    BUFGCTRL_X0Y16       BUFG (Prop_bufg_I_O)         0.091     3.422 r  clk_IBUF_BUFG_inst/O
                         net (fo=36, routed)          1.612     5.035    clk_IBUF_BUFG
    SLICE_X88Y55         FDRE                                         r  timer_reg[22]/C

Slack:                    inf
  Source:                 sw[0]
                            (input port)
  Destination:            timer_reg[23]/R
                            (rising edge-triggered cell FDRE clocked by sys_clk_pin  {rise@0.000ns fall@5.000ns period=10.000ns})
  Path Group:             (none)
  Path Type:              Setup (Max at Slow Process Corner)
  Data Path Delay:        7.747ns  (logic 4.041ns (52.169%)  route 3.705ns (47.831%))
  Logic Levels:           10  (CARRY4=7 IBUF=1 LUT2=1 LUT5=1)
  Clock Path Skew:        5.035ns (DCD - SCD + CPR)
    Destination Clock Delay (DCD):    5.035ns
    Source Clock Delay      (SCD):    0.000ns
    Clock Pessimism Removal (CPR):    0.000ns
  Clock Uncertainty:      0.025ns  ((TSJ^2 + TIJ^2)^1/2 + DJ) / 2 + PE
    Total System Jitter     (TSJ):    0.050ns
    Total Input Jitter      (TIJ):    0.000ns
    Discrete Jitter          (DJ):    0.000ns
    Phase Error              (PE):    0.000ns

    Location             Delay type                Incr(ns)  Path(ns)    Netlist Resource(s)
  -------------------------------------------------------------------    -------------------
    U9                                                0.000     0.000 f  sw[0] (IN)
                         net (fo=0)                   0.000     0.000    sw[0]
    U9                   IBUF (Prop_ibuf_I_O)         0.998     0.998 f  sw_IBUF[0]_inst/O
                         net (fo=21, routed)          1.492     2.491    sw_IBUF[0]
    SLICE_X86Y53         LUT2 (Prop_lut2_I0_O)        0.124     2.615 r  timer[0]_i_43/O
                         net (fo=1, routed)           0.000     2.615    timer[0]_i_43_n_0
    SLICE_X86Y53         CARRY4 (Prop_carry4_S[1]_CO[3])
                                                      0.550     3.165 r  timer_reg[0]_i_35/CO[3]
                         net (fo=1, routed)           0.000     3.165    timer_reg[0]_i_35_n_0
    SLICE_X86Y54         CARRY4 (Prop_carry4_CI_CO[1])
                                                      0.157     3.322 r  timer_reg[0]_i_34/CO[1]
                         net (fo=3, routed)           0.491     3.813    timer_reg[0]_i_34_n_2
    SLICE_X87Y53         CARRY4 (Prop_carry4_CYINIT_CO[3])
                                                      0.785     4.598 r  timer_reg[0]_i_33/CO[3]
                         net (fo=1, routed)           0.000     4.598    timer_reg[0]_i_33_n_0
    SLICE_X87Y54         CARRY4 (Prop_carry4_CI_CO[0])
                                                      0.271     4.869 r  timer_reg[0]_i_32/CO[0]
                         net (fo=2, routed)           0.777     5.646    counter_in1[14]
    SLICE_X89Y53         LUT5 (Prop_lut5_I1_O)        0.373     6.019 r  timer[0]_i_22/O
                         net (fo=1, routed)           0.000     6.019    timer[0]_i_22_n_0
    SLICE_X89Y53         CARRY4 (Prop_carry4_S[2]_CO[3])
                                                      0.398     6.417 r  timer_reg[0]_i_7/CO[3]
                         net (fo=1, routed)           0.000     6.417    timer_reg[0]_i_7_n_0
    SLICE_X89Y54         CARRY4 (Prop_carry4_CI_CO[3])
                                                      0.114     6.531 r  timer_reg[0]_i_3/CO[3]
                         net (fo=1, routed)           0.000     6.531    timer_reg[0]_i_3_n_0
    SLICE_X89Y55         CARRY4 (Prop_carry4_CI_CO[0])
                                                      0.271     6.802 r  timer_reg[0]_i_1/CO[0]
                         net (fo=36, routed)          0.945     7.747    sel
    SLICE_X88Y55         FDRE                                         r  timer_reg[23]/R
  -------------------------------------------------------------------    -------------------

                         (clock sys_clk_pin rise edge)
                                                      0.000     0.000 r  
    E3                                                0.000     0.000 r  clk (IN)
                         net (fo=0)                   0.000     0.000    clk
    E3                   IBUF (Prop_ibuf_I_O)         1.411     1.411 r  clk_IBUF_inst/O
                         net (fo=1, routed)           1.920     3.331    clk_IBUF
    BUFGCTRL_X0Y16       BUFG (Prop_bufg_I_O)         0.091     3.422 r  clk_IBUF_BUFG_inst/O
                         net (fo=36, routed)          1.612     5.035    clk_IBUF_BUFG
    SLICE_X88Y55         FDRE                                         r  timer_reg[23]/C

Slack:                    inf
  Source:                 sw[0]
                            (input port)
  Destination:            timer_reg[4]/R
                            (rising edge-triggered cell FDRE clocked by sys_clk_pin  {rise@0.000ns fall@5.000ns period=10.000ns})
  Path Group:             (none)
  Path Type:              Setup (Max at Slow Process Corner)
  Data Path Delay:        7.541ns  (logic 4.041ns (53.590%)  route 3.500ns (46.410%))
  Logic Levels:           10  (CARRY4=7 IBUF=1 LUT2=1 LUT5=1)
  Clock Path Skew:        5.036ns (DCD - SCD + CPR)
    Destination Clock Delay (DCD):    5.036ns
    Source Clock Delay      (SCD):    0.000ns
    Clock Pessimism Removal (CPR):    0.000ns
  Clock Uncertainty:      0.025ns  ((TSJ^2 + TIJ^2)^1/2 + DJ) / 2 + PE
    Total System Jitter     (TSJ):    0.050ns
    Total Input Jitter      (TIJ):    0.000ns
    Discrete Jitter          (DJ):    0.000ns
    Phase Error              (PE):    0.000ns

    Location             Delay type                Incr(ns)  Path(ns)    Netlist Resource(s)
  -------------------------------------------------------------------    -------------------
    U9                                                0.000     0.000 f  sw[0] (IN)
                         net (fo=0)                   0.000     0.000    sw[0]
    U9                   IBUF (Prop_ibuf_I_O)         0.998     0.998 f  sw_IBUF[0]_inst/O
                         net (fo=21, routed)          1.492     2.491    sw_IBUF[0]
    SLICE_X86Y53         LUT2 (Prop_lut2_I0_O)        0.124     2.615 r  timer[0]_i_43/O
                         net (fo=1, routed)           0.000     2.615    timer[0]_i_43_n_0
    SLICE_X86Y53         CARRY4 (Prop_carry4_S[1]_CO[3])
                                                      0.550     3.165 r  timer_reg[0]_i_35/CO[3]
                         net (fo=1, routed)           0.000     3.165    timer_reg[0]_i_35_n_0
    SLICE_X86Y54         CARRY4 (Prop_carry4_CI_CO[1])
                                                      0.157     3.322 r  timer_reg[0]_i_34/CO[1]
                         net (fo=3, routed)           0.491     3.813    timer_reg[0]_i_34_n_2
    SLICE_X87Y53         CARRY4 (Prop_carry4_CYINIT_CO[3])
                                                      0.785     4.598 r  timer_reg[0]_i_33/CO[3]
                         net (fo=1, routed)           0.000     4.598    timer_reg[0]_i_33_n_0
    SLICE_X87Y54         CARRY4 (Prop_carry4_CI_CO[0])
                                                      0.271     4.869 r  timer_reg[0]_i_32/CO[0]
                         net (fo=2, routed)           0.777     5.646    counter_in1[14]
    SLICE_X89Y53         LUT5 (Prop_lut5_I1_O)        0.373     6.019 r  timer[0]_i_22/O
                         net (fo=1, routed)           0.000     6.019    timer[0]_i_22_n_0
    SLICE_X89Y53         CARRY4 (Prop_carry4_S[2]_CO[3])
                                                      0.398     6.417 r  timer_reg[0]_i_7/CO[3]
                         net (fo=1, routed)           0.000     6.417    timer_reg[0]_i_7_n_0
    SLICE_X89Y54         CARRY4 (Prop_carry4_CI_CO[3])
                                                      0.114     6.531 r  timer_reg[0]_i_3/CO[3]
                         net (fo=1, routed)           0.000     6.531    timer_reg[0]_i_3_n_0
    SLICE_X89Y55         CARRY4 (Prop_carry4_CI_CO[0])
                                                      0.271     6.802 r  timer_reg[0]_i_1/CO[0]
                         net (fo=36, routed)          0.740     7.541    sel
    SLICE_X88Y51         FDRE                                         r  timer_reg[4]/R
  -------------------------------------------------------------------    -------------------

                         (clock sys_clk_pin rise edge)
                                                      0.000     0.000 r  
    E3                                                0.000     0.000 r  clk (IN)
                         net (fo=0)                   0.000     0.000    clk
    E3                   IBUF (Prop_ibuf_I_O)         1.411     1.411 r  clk_IBUF_inst/O
                         net (fo=1, routed)           1.920     3.331    clk_IBUF
    BUFGCTRL_X0Y16       BUFG (Prop_bufg_I_O)         0.091     3.422 r  clk_IBUF_BUFG_inst/O
                         net (fo=36, routed)          1.613     5.036    clk_IBUF_BUFG
    SLICE_X88Y51         FDRE                                         r  timer_reg[4]/C





Min Delay Paths
--------------------------------------------------------------------------------------
Slack:                    inf
  Source:                 sw[0]
                            (input port)
  Destination:            timer_reg[24]/R
                            (rising edge-triggered cell FDRE clocked by sys_clk_pin  {rise@0.000ns fall@5.000ns period=10.000ns})
  Path Group:             (none)
  Path Type:              Hold (Min at Fast Process Corner)
  Data Path Delay:        1.033ns  (logic 0.357ns (34.548%)  route 0.676ns (65.452%))
  Logic Levels:           3  (CARRY4=1 IBUF=1 LUT4=1)
  Clock Path Skew:        2.044ns (DCD - SCD - CPR)
    Destination Clock Delay (DCD):    2.044ns
    Source Clock Delay      (SCD):    0.000ns
    Clock Pessimism Removal (CPR):    -0.000ns

    Location             Delay type                Incr(ns)  Path(ns)    Netlist Resource(s)
  -------------------------------------------------------------------    -------------------
    U9                                                0.000     0.000 r  sw[0] (IN)
                         net (fo=0)                   0.000     0.000    sw[0]
    U9                   IBUF (Prop_ibuf_I_O)         0.227     0.227 r  sw_IBUF[0]_inst/O
                         net (fo=21, routed)          0.532     0.759    sw_IBUF[0]
    SLICE_X89Y55         LUT4 (Prop_lut4_I3_O)        0.042     0.801 r  timer[0]_i_4/O
                         net (fo=1, routed)           0.000     0.801    timer[0]_i_4_n_0
    SLICE_X89Y55         CARRY4 (Prop_carry4_DI[0]_CO[0])
                                                      0.088     0.889 r  timer_reg[0]_i_1/CO[0]
                         net (fo=36, routed)          0.144     1.033    sel
    SLICE_X88Y56         FDRE                                         r  timer_reg[24]/R
  -------------------------------------------------------------------    -------------------

                         (clock sys_clk_pin rise edge)
                                                      0.000     0.000 r  
    E3                                                0.000     0.000 r  clk (IN)
                         net (fo=0)                   0.000     0.000    clk
    E3                   IBUF (Prop_ibuf_I_O)         0.438     0.438 r  clk_IBUF_inst/O
                         net (fo=1, routed)           0.699     1.136    clk_IBUF
    BUFGCTRL_X0Y16       BUFG (Prop_bufg_I_O)         0.029     1.165 r  clk_IBUF_BUFG_inst/O
                         net (fo=36, routed)          0.879     2.044    clk_IBUF_BUFG
    SLICE_X88Y56         FDRE                                         r  timer_reg[24]/C

Slack:                    inf
  Source:                 sw[0]
                            (input port)
  Destination:            timer_reg[25]/R
                            (rising edge-triggered cell FDRE clocked by sys_clk_pin  {rise@0.000ns fall@5.000ns period=10.000ns})
  Path Group:             (none)
  Path Type:              Hold (Min at Fast Process Corner)
  Data Path Delay:        1.033ns  (logic 0.357ns (34.548%)  route 0.676ns (65.452%))
  Logic Levels:           3  (CARRY4=1 IBUF=1 LUT4=1)
  Clock Path Skew:        2.044ns (DCD - SCD - CPR)
    Destination Clock Delay (DCD):    2.044ns
    Source Clock Delay      (SCD):    0.000ns
    Clock Pessimism Removal (CPR):    -0.000ns

    Location             Delay type                Incr(ns)  Path(ns)    Netlist Resource(s)
  -------------------------------------------------------------------    -------------------
    U9                                                0.000     0.000 r  sw[0] (IN)
                         net (fo=0)                   0.000     0.000    sw[0]
    U9                   IBUF (Prop_ibuf_I_O)         0.227     0.227 r  sw_IBUF[0]_inst/O
                         net (fo=21, routed)          0.532     0.759    sw_IBUF[0]
    SLICE_X89Y55         LUT4 (Prop_lut4_I3_O)        0.042     0.801 r  timer[0]_i_4/O
                         net (fo=1, routed)           0.000     0.801    timer[0]_i_4_n_0
    SLICE_X89Y55         CARRY4 (Prop_carry4_DI[0]_CO[0])
                                                      0.088     0.889 r  timer_reg[0]_i_1/CO[0]
                         net (fo=36, routed)          0.144     1.033    sel
    SLICE_X88Y56         FDRE                                         r  timer_reg[25]/R
  -------------------------------------------------------------------    -------------------

                         (clock sys_clk_pin rise edge)
                                                      0.000     0.000 r  
    E3                                                0.000     0.000 r  clk (IN)
                         net (fo=0)                   0.000     0.000    clk
    E3                   IBUF (Prop_ibuf_I_O)         0.438     0.438 r  clk_IBUF_inst/O
                         net (fo=1, routed)           0.699     1.136    clk_IBUF
    BUFGCTRL_X0Y16       BUFG (Prop_bufg_I_O)         0.029     1.165 r  clk_IBUF_BUFG_inst/O
                         net (fo=36, routed)          0.879     2.044    clk_IBUF_BUFG
    SLICE_X88Y56         FDRE                                         r  timer_reg[25]/C

Slack:                    inf
  Source:                 sw[0]
                            (input port)
  Destination:            timer_reg[26]/R
                            (rising edge-triggered cell FDRE clocked by sys_clk_pin  {rise@0.000ns fall@5.000ns period=10.000ns})
  Path Group:             (none)
  Path Type:              Hold (Min at Fast Process Corner)
  Data Path Delay:        1.033ns  (logic 0.357ns (34.548%)  route 0.676ns (65.452%))
  Logic Levels:           3  (CARRY4=1 IBUF=1 LUT4=1)
  Clock Path Skew:        2.044ns (DCD - SCD - CPR)
    Destination Clock Delay (DCD):    2.044ns
    Source Clock Delay      (SCD):    0.000ns
    Clock Pessimism Removal (CPR):    -0.000ns

    Location             Delay type                Incr(ns)  Path(ns)    Netlist Resource(s)
  -------------------------------------------------------------------    -------------------
    U9                                                0.000     0.000 r  sw[0] (IN)
                         net (fo=0)                   0.000     0.000    sw[0]
    U9                   IBUF (Prop_ibuf_I_O)         0.227     0.227 r  sw_IBUF[0]_inst/O
                         net (fo=21, routed)          0.532     0.759    sw_IBUF[0]
    SLICE_X89Y55         LUT4 (Prop_lut4_I3_O)        0.042     0.801 r  timer[0]_i_4/O
                         net (fo=1, routed)           0.000     0.801    timer[0]_i_4_n_0
    SLICE_X89Y55         CARRY4 (Prop_carry4_DI[0]_CO[0])
                                                      0.088     0.889 r  timer_reg[0]_i_1/CO[0]
                         net (fo=36, routed)          0.144     1.033    sel
    SLICE_X88Y56         FDRE                                         r  timer_reg[26]/R
  -------------------------------------------------------------------    -------------------

                         (clock sys_clk_pin rise edge)
                                                      0.000     0.000 r  
    E3                                                0.000     0.000 r  clk (IN)
                         net (fo=0)                   0.000     0.000    clk
    E3                   IBUF (Prop_ibuf_I_O)         0.438     0.438 r  clk_IBUF_inst/O
                         net (fo=1, routed)           0.699     1.136    clk_IBUF
    BUFGCTRL_X0Y16       BUFG (Prop_bufg_I_O)         0.029     1.165 r  clk_IBUF_BUFG_inst/O
                         net (fo=36, routed)          0.879     2.044    clk_IBUF_BUFG
    SLICE_X88Y56         FDRE                                         r  timer_reg[26]/C

Slack:                    inf
  Source:                 sw[0]
                            (input port)
  Destination:            timer_reg[27]/R
                            (rising edge-triggered cell FDRE clocked by sys_clk_pin  {rise@0.000ns fall@5.000ns period=10.000ns})
  Path Group:             (none)
  Path Type:              Hold (Min at Fast Process Corner)
  Data Path Delay:        1.033ns  (logic 0.357ns (34.548%)  route 0.676ns (65.452%))
  Logic Levels:           3  (CARRY4=1 IBUF=1 LUT4=1)
  Clock Path Skew:        2.044ns (DCD - SCD - CPR)
    Destination Clock Delay (DCD):    2.044ns
    Source Clock Delay      (SCD):    0.000ns
    Clock Pessimism Removal (CPR):    -0.000ns

    Location             Delay type                Incr(ns)  Path(ns)    Netlist Resource(s)
  -------------------------------------------------------------------    -------------------
    U9                                                0.000     0.000 r  sw[0] (IN)
                         net (fo=0)                   0.000     0.000    sw[0]
    U9                   IBUF (Prop_ibuf_I_O)         0.227     0.227 r  sw_IBUF[0]_inst/O
                         net (fo=21, routed)          0.532     0.759    sw_IBUF[0]
    SLICE_X89Y55         LUT4 (Prop_lut4_I3_O)        0.042     0.801 r  timer[0]_i_4/O
                         net (fo=1, routed)           0.000     0.801    timer[0]_i_4_n_0
    SLICE_X89Y55         CARRY4 (Prop_carry4_DI[0]_CO[0])
                                                      0.088     0.889 r  timer_reg[0]_i_1/CO[0]
                         net (fo=36, routed)          0.144     1.033    sel
    SLICE_X88Y56         FDRE                                         r  timer_reg[27]/R
  -------------------------------------------------------------------    -------------------

                         (clock sys_clk_pin rise edge)
                                                      0.000     0.000 r  
    E3                                                0.000     0.000 r  clk (IN)
                         net (fo=0)                   0.000     0.000    clk
    E3                   IBUF (Prop_ibuf_I_O)         0.438     0.438 r  clk_IBUF_inst/O
                         net (fo=1, routed)           0.699     1.136    clk_IBUF
    BUFGCTRL_X0Y16       BUFG (Prop_bufg_I_O)         0.029     1.165 r  clk_IBUF_BUFG_inst/O
                         net (fo=36, routed)          0.879     2.044    clk_IBUF_BUFG
    SLICE_X88Y56         FDRE                                         r  timer_reg[27]/C

Slack:                    inf
  Source:                 sw[0]
                            (input port)
  Destination:            counter_in_reg[6]/CE
                            (rising edge-triggered cell FDRE clocked by sys_clk_pin  {rise@0.000ns fall@5.000ns period=10.000ns})
  Path Group:             (none)
  Path Type:              Hold (Min at Fast Process Corner)
  Data Path Delay:        1.100ns  (logic 0.357ns (32.458%)  route 0.743ns (67.542%))
  Logic Levels:           3  (CARRY4=1 IBUF=1 LUT4=1)
  Clock Path Skew:        2.044ns (DCD - SCD - CPR)
    Destination Clock Delay (DCD):    2.044ns
    Source Clock Delay      (SCD):    0.000ns
    Clock Pessimism Removal (CPR):    -0.000ns

    Location             Delay type                Incr(ns)  Path(ns)    Netlist Resource(s)
  -------------------------------------------------------------------    -------------------
    U9                                                0.000     0.000 r  sw[0] (IN)
                         net (fo=0)                   0.000     0.000    sw[0]
    U9                   IBUF (Prop_ibuf_I_O)         0.227     0.227 r  sw_IBUF[0]_inst/O
                         net (fo=21, routed)          0.532     0.759    sw_IBUF[0]
    SLICE_X89Y55         LUT4 (Prop_lut4_I3_O)        0.042     0.801 r  timer[0]_i_4/O
                         net (fo=1, routed)           0.000     0.801    timer[0]_i_4_n_0
    SLICE_X89Y55         CARRY4 (Prop_carry4_DI[0]_CO[0])
                                                      0.088     0.889 r  timer_reg[0]_i_1/CO[0]
                         net (fo=36, routed)          0.210     1.100    sel
    SLICE_X89Y56         FDRE                                         r  counter_in_reg[6]/CE
  -------------------------------------------------------------------    -------------------

                         (clock sys_clk_pin rise edge)
                                                      0.000     0.000 r  
    E3                                                0.000     0.000 r  clk (IN)
                         net (fo=0)                   0.000     0.000    clk
    E3                   IBUF (Prop_ibuf_I_O)         0.438     0.438 r  clk_IBUF_inst/O
                         net (fo=1, routed)           0.699     1.136    clk_IBUF
    BUFGCTRL_X0Y16       BUFG (Prop_bufg_I_O)         0.029     1.165 r  clk_IBUF_BUFG_inst/O
                         net (fo=36, routed)          0.879     2.044    clk_IBUF_BUFG
    SLICE_X89Y56         FDRE                                         r  counter_in_reg[6]/C

Slack:                    inf
  Source:                 sw[0]
                            (input port)
  Destination:            counter_in_reg[7]/CE
                            (rising edge-triggered cell FDRE clocked by sys_clk_pin  {rise@0.000ns fall@5.000ns period=10.000ns})
  Path Group:             (none)
  Path Type:              Hold (Min at Fast Process Corner)
  Data Path Delay:        1.100ns  (logic 0.357ns (32.458%)  route 0.743ns (67.542%))
  Logic Levels:           3  (CARRY4=1 IBUF=1 LUT4=1)
  Clock Path Skew:        2.044ns (DCD - SCD - CPR)
    Destination Clock Delay (DCD):    2.044ns
    Source Clock Delay      (SCD):    0.000ns
    Clock Pessimism Removal (CPR):    -0.000ns

    Location             Delay type                Incr(ns)  Path(ns)    Netlist Resource(s)
  -------------------------------------------------------------------    -------------------
    U9                                                0.000     0.000 r  sw[0] (IN)
                         net (fo=0)                   0.000     0.000    sw[0]
    U9                   IBUF (Prop_ibuf_I_O)         0.227     0.227 r  sw_IBUF[0]_inst/O
                         net (fo=21, routed)          0.532     0.759    sw_IBUF[0]
    SLICE_X89Y55         LUT4 (Prop_lut4_I3_O)        0.042     0.801 r  timer[0]_i_4/O
                         net (fo=1, routed)           0.000     0.801    timer[0]_i_4_n_0
    SLICE_X89Y55         CARRY4 (Prop_carry4_DI[0]_CO[0])
                                                      0.088     0.889 r  timer_reg[0]_i_1/CO[0]
                         net (fo=36, routed)          0.210     1.100    sel
    SLICE_X89Y56         FDRE                                         r  counter_in_reg[7]/CE
  -------------------------------------------------------------------    -------------------

                         (clock sys_clk_pin rise edge)
                                                      0.000     0.000 r  
    E3                                                0.000     0.000 r  clk (IN)
                         net (fo=0)                   0.000     0.000    clk
    E3                   IBUF (Prop_ibuf_I_O)         0.438     0.438 r  clk_IBUF_inst/O
                         net (fo=1, routed)           0.699     1.136    clk_IBUF
    BUFGCTRL_X0Y16       BUFG (Prop_bufg_I_O)         0.029     1.165 r  clk_IBUF_BUFG_inst/O
                         net (fo=36, routed)          0.879     2.044    clk_IBUF_BUFG
    SLICE_X89Y56         FDRE                                         r  counter_in_reg[7]/C

Slack:                    inf
  Source:                 sw[0]
                            (input port)
  Destination:            timer_reg[16]/R
                            (rising edge-triggered cell FDRE clocked by sys_clk_pin  {rise@0.000ns fall@5.000ns period=10.000ns})
  Path Group:             (none)
  Path Type:              Hold (Min at Fast Process Corner)
  Data Path Delay:        1.103ns  (logic 0.357ns (32.375%)  route 0.746ns (67.625%))
  Logic Levels:           3  (CARRY4=1 IBUF=1 LUT4=1)
  Clock Path Skew:        2.044ns (DCD - SCD - CPR)
    Destination Clock Delay (DCD):    2.044ns
    Source Clock Delay      (SCD):    0.000ns
    Clock Pessimism Removal (CPR):    -0.000ns

    Location             Delay type                Incr(ns)  Path(ns)    Netlist Resource(s)
  -------------------------------------------------------------------    -------------------
    U9                                                0.000     0.000 r  sw[0] (IN)
                         net (fo=0)                   0.000     0.000    sw[0]
    U9                   IBUF (Prop_ibuf_I_O)         0.227     0.227 r  sw_IBUF[0]_inst/O
                         net (fo=21, routed)          0.532     0.759    sw_IBUF[0]
    SLICE_X89Y55         LUT4 (Prop_lut4_I3_O)        0.042     0.801 r  timer[0]_i_4/O
                         net (fo=1, routed)           0.000     0.801    timer[0]_i_4_n_0
    SLICE_X89Y55         CARRY4 (Prop_carry4_DI[0]_CO[0])
                                                      0.088     0.889 r  timer_reg[0]_i_1/CO[0]
                         net (fo=36, routed)          0.213     1.103    sel
    SLICE_X88Y54         FDRE                                         r  timer_reg[16]/R
  -------------------------------------------------------------------    -------------------

                         (clock sys_clk_pin rise edge)
                                                      0.000     0.000 r  
    E3                                                0.000     0.000 r  clk (IN)
                         net (fo=0)                   0.000     0.000    clk
    E3                   IBUF (Prop_ibuf_I_O)         0.438     0.438 r  clk_IBUF_inst/O
                         net (fo=1, routed)           0.699     1.136    clk_IBUF
    BUFGCTRL_X0Y16       BUFG (Prop_bufg_I_O)         0.029     1.165 r  clk_IBUF_BUFG_inst/O
                         net (fo=36, routed)          0.879     2.044    clk_IBUF_BUFG
    SLICE_X88Y54         FDRE                                         r  timer_reg[16]/C

Slack:                    inf
  Source:                 sw[0]
                            (input port)
  Destination:            timer_reg[17]/R
                            (rising edge-triggered cell FDRE clocked by sys_clk_pin  {rise@0.000ns fall@5.000ns period=10.000ns})
  Path Group:             (none)
  Path Type:              Hold (Min at Fast Process Corner)
  Data Path Delay:        1.103ns  (logic 0.357ns (32.375%)  route 0.746ns (67.625%))
  Logic Levels:           3  (CARRY4=1 IBUF=1 LUT4=1)
  Clock Path Skew:        2.044ns (DCD - SCD - CPR)
    Destination Clock Delay (DCD):    2.044ns
    Source Clock Delay      (SCD):    0.000ns
    Clock Pessimism Removal (CPR):    -0.000ns

    Location             Delay type                Incr(ns)  Path(ns)    Netlist Resource(s)
  -------------------------------------------------------------------    -------------------
    U9                                                0.000     0.000 r  sw[0] (IN)
                         net (fo=0)                   0.000     0.000    sw[0]
    U9                   IBUF (Prop_ibuf_I_O)         0.227     0.227 r  sw_IBUF[0]_inst/O
                         net (fo=21, routed)          0.532     0.759    sw_IBUF[0]
    SLICE_X89Y55         LUT4 (Prop_lut4_I3_O)        0.042     0.801 r  timer[0]_i_4/O
                         net (fo=1, routed)           0.000     0.801    timer[0]_i_4_n_0
    SLICE_X89Y55         CARRY4 (Prop_carry4_DI[0]_CO[0])
                                                      0.088     0.889 r  timer_reg[0]_i_1/CO[0]
                         net (fo=36, routed)          0.213     1.103    sel
    SLICE_X88Y54         FDRE                                         r  timer_reg[17]/R
  -------------------------------------------------------------------    -------------------

                         (clock sys_clk_pin rise edge)
                                                      0.000     0.000 r  
    E3                                                0.000     0.000 r  clk (IN)
                         net (fo=0)                   0.000     0.000    clk
    E3                   IBUF (Prop_ibuf_I_O)         0.438     0.438 r  clk_IBUF_inst/O
                         net (fo=1, routed)           0.699     1.136    clk_IBUF
    BUFGCTRL_X0Y16       BUFG (Prop_bufg_I_O)         0.029     1.165 r  clk_IBUF_BUFG_inst/O
                         net (fo=36, routed)          0.879     2.044    clk_IBUF_BUFG
    SLICE_X88Y54         FDRE                                         r  timer_reg[17]/C

Slack:                    inf
  Source:                 sw[0]
                            (input port)
  Destination:            timer_reg[18]/R
                            (rising edge-triggered cell FDRE clocked by sys_clk_pin  {rise@0.000ns fall@5.000ns period=10.000ns})
  Path Group:             (none)
  Path Type:              Hold (Min at Fast Process Corner)
  Data Path Delay:        1.103ns  (logic 0.357ns (32.375%)  route 0.746ns (67.625%))
  Logic Levels:           3  (CARRY4=1 IBUF=1 LUT4=1)
  Clock Path Skew:        2.044ns (DCD - SCD - CPR)
    Destination Clock Delay (DCD):    2.044ns
    Source Clock Delay      (SCD):    0.000ns
    Clock Pessimism Removal (CPR):    -0.000ns

    Location             Delay type                Incr(ns)  Path(ns)    Netlist Resource(s)
  -------------------------------------------------------------------    -------------------
    U9                                                0.000     0.000 r  sw[0] (IN)
                         net (fo=0)                   0.000     0.000    sw[0]
    U9                   IBUF (Prop_ibuf_I_O)         0.227     0.227 r  sw_IBUF[0]_inst/O
                         net (fo=21, routed)          0.532     0.759    sw_IBUF[0]
    SLICE_X89Y55         LUT4 (Prop_lut4_I3_O)        0.042     0.801 r  timer[0]_i_4/O
                         net (fo=1, routed)           0.000     0.801    timer[0]_i_4_n_0
    SLICE_X89Y55         CARRY4 (Prop_carry4_DI[0]_CO[0])
                                                      0.088     0.889 r  timer_reg[0]_i_1/CO[0]
                         net (fo=36, routed)          0.213     1.103    sel
    SLICE_X88Y54         FDRE                                         r  timer_reg[18]/R
  -------------------------------------------------------------------    -------------------

                         (clock sys_clk_pin rise edge)
                                                      0.000     0.000 r  
    E3                                                0.000     0.000 r  clk (IN)
                         net (fo=0)                   0.000     0.000    clk
    E3                   IBUF (Prop_ibuf_I_O)         0.438     0.438 r  clk_IBUF_inst/O
                         net (fo=1, routed)           0.699     1.136    clk_IBUF
    BUFGCTRL_X0Y16       BUFG (Prop_bufg_I_O)         0.029     1.165 r  clk_IBUF_BUFG_inst/O
                         net (fo=36, routed)          0.879     2.044    clk_IBUF_BUFG
    SLICE_X88Y54         FDRE                                         r  timer_reg[18]/C

Slack:                    inf
  Source:                 sw[0]
                            (input port)
  Destination:            timer_reg[19]/R
                            (rising edge-triggered cell FDRE clocked by sys_clk_pin  {rise@0.000ns fall@5.000ns period=10.000ns})
  Path Group:             (none)
  Path Type:              Hold (Min at Fast Process Corner)
  Data Path Delay:        1.103ns  (logic 0.357ns (32.375%)  route 0.746ns (67.625%))
  Logic Levels:           3  (CARRY4=1 IBUF=1 LUT4=1)
  Clock Path Skew:        2.044ns (DCD - SCD - CPR)
    Destination Clock Delay (DCD):    2.044ns
    Source Clock Delay      (SCD):    0.000ns
    Clock Pessimism Removal (CPR):    -0.000ns

    Location             Delay type                Incr(ns)  Path(ns)    Netlist Resource(s)
  -------------------------------------------------------------------    -------------------
    U9                                                0.000     0.000 r  sw[0] (IN)
                         net (fo=0)                   0.000     0.000    sw[0]
    U9                   IBUF (Prop_ibuf_I_O)         0.227     0.227 r  sw_IBUF[0]_inst/O
                         net (fo=21, routed)          0.532     0.759    sw_IBUF[0]
    SLICE_X89Y55         LUT4 (Prop_lut4_I3_O)        0.042     0.801 r  timer[0]_i_4/O
                         net (fo=1, routed)           0.000     0.801    timer[0]_i_4_n_0
    SLICE_X89Y55         CARRY4 (Prop_carry4_DI[0]_CO[0])
                                                      0.088     0.889 r  timer_reg[0]_i_1/CO[0]
                         net (fo=36, routed)          0.213     1.103    sel
    SLICE_X88Y54         FDRE                                         r  timer_reg[19]/R
  -------------------------------------------------------------------    -------------------

                         (clock sys_clk_pin rise edge)
                                                      0.000     0.000 r  
    E3                                                0.000     0.000 r  clk (IN)
                         net (fo=0)                   0.000     0.000    clk
    E3                   IBUF (Prop_ibuf_I_O)         0.438     0.438 r  clk_IBUF_inst/O
                         net (fo=1, routed)           0.699     1.136    clk_IBUF
    BUFGCTRL_X0Y16       BUFG (Prop_bufg_I_O)         0.029     1.165 r  clk_IBUF_BUFG_inst/O
                         net (fo=36, routed)          0.879     2.044    clk_IBUF_BUFG
    SLICE_X88Y54         FDRE                                         r  timer_reg[19]/C





