Copyright 1986-2022 Xilinx, Inc. All Rights Reserved.
---------------------------------------------------------------------------------------------------------------------------------------------------------------------------------------------------------------
| Tool Version : Vivado v.2022.2 (win64) Build 3671981 Fri Oct 14 05:00:03 MDT 2022
| Date         : Mon May 12 21:37:17 2025
| Host         : DESKTOP-11IAEMT running 64-bit major release  (build 9200)
| Command      : report_timing_summary -max_paths 10 -report_unconstrained -file Matrix_timing_summary_routed.rpt -pb Matrix_timing_summary_routed.pb -rpx Matrix_timing_summary_routed.rpx -warn_on_violation
| Design       : Matrix
| Device       : 7a100t-csg324
| Speed File   : -1  PRODUCTION 1.23 2018-06-13
---------------------------------------------------------------------------------------------------------------------------------------------------------------------------------------------------------------

Timing Summary Report

------------------------------------------------------------------------------------------------
| Timer Settings
| --------------
------------------------------------------------------------------------------------------------

  Enable Multi Corner Analysis               :  Yes
  Enable Pessimism Removal                   :  Yes
  Pessimism Removal Resolution               :  Nearest Common Node
  Enable Input Delay Default Clock           :  No
  Enable Preset / Clear Arcs                 :  No
  Disable Flight Delays                      :  No
  Ignore I/O Paths                           :  No
  Timing Early Launch at Borrowing Latches   :  No
  Borrow Time for Max Delay Exceptions       :  Yes
  Merge Timing Exceptions                    :  Yes

  Corner  Analyze    Analyze    
  Name    Max Paths  Min Paths  
  ------  ---------  ---------  
  Slow    Yes        Yes        
  Fast    Yes        Yes        


------------------------------------------------------------------------------------------------
| Report Methodology
| ------------------
------------------------------------------------------------------------------------------------

Rule       Severity  Description                    Violations  
---------  --------  -----------------------------  ----------  
TIMING-18  Warning   Missing input or output delay  30          

Note: This report is based on the most recent report_methodology run and may not be up-to-date. Run report_methodology on the current design for the latest report.



check_timing report

Table of Contents
-----------------
1. checking no_clock (0)
2. checking constant_clock (0)
3. checking pulse_width_clock (0)
4. checking unconstrained_internal_endpoints (0)
5. checking no_input_delay (6)
6. checking no_output_delay (21)
7. checking multiple_clock (0)
8. checking generated_clocks (0)
9. checking loops (0)
10. checking partial_input_delay (0)
11. checking partial_output_delay (0)
12. checking latch_loops (0)

1. checking no_clock (0)
------------------------
 There are 0 register/latch pins with no clock.


2. checking constant_clock (0)
------------------------------
 There are 0 register/latch pins with constant_clock.


3. checking pulse_width_clock (0)
---------------------------------
 There are 0 register/latch pins which need pulse_width check


4. checking unconstrained_internal_endpoints (0)
------------------------------------------------
 There are 0 pins that are not constrained for maximum delay.

 There are 0 pins that are not constrained for maximum delay due to constant clock.


5. checking no_input_delay (6)
------------------------------
 There are 6 input ports with no input delay specified. (HIGH)

 There are 0 input ports with no input delay but user has a false path constraint.


6. checking no_output_delay (21)
--------------------------------
 There are 21 ports with no output delay specified. (HIGH)

 There are 0 ports with no output delay but user has a false path constraint

 There are 0 ports with no output delay but with a timing clock defined on it or propagating through it


7. checking multiple_clock (0)
------------------------------
 There are 0 register/latch pins with multiple clocks.


8. checking generated_clocks (0)
--------------------------------
 There are 0 generated clocks that are not connected to a clock source.


9. checking loops (0)
---------------------
 There are 0 combinational loops in the design.


10. checking partial_input_delay (0)
------------------------------------
 There are 0 input ports with partial input delay specified.


11. checking partial_output_delay (0)
-------------------------------------
 There are 0 ports with partial output delay specified.


12. checking latch_loops (0)
----------------------------
 There are 0 combinational latch loops in the design through latch input



------------------------------------------------------------------------------------------------
| Design Timing Summary
| ---------------------
------------------------------------------------------------------------------------------------

    WNS(ns)      TNS(ns)  TNS Failing Endpoints  TNS Total Endpoints      WHS(ns)      THS(ns)  THS Failing Endpoints  THS Total Endpoints     WPWS(ns)     TPWS(ns)  TPWS Failing Endpoints  TPWS Total Endpoints  
    -------      -------  ---------------------  -------------------      -------      -------  ---------------------  -------------------     --------     --------  ----------------------  --------------------  
      6.099        0.000                      0                  148        0.196        0.000                      0                  148        4.500        0.000                       0                   105  


All user specified timing constraints are met.


------------------------------------------------------------------------------------------------
| Clock Summary
| -------------
------------------------------------------------------------------------------------------------

Clock        Waveform(ns)       Period(ns)      Frequency(MHz)
-----        ------------       ----------      --------------
sys_clk_pin  {0.000 5.000}      10.000          100.000         


------------------------------------------------------------------------------------------------
| Intra Clock Table
| -----------------
------------------------------------------------------------------------------------------------

Clock             WNS(ns)      TNS(ns)  TNS Failing Endpoints  TNS Total Endpoints      WHS(ns)      THS(ns)  THS Failing Endpoints  THS Total Endpoints     WPWS(ns)     TPWS(ns)  TPWS Failing Endpoints  TPWS Total Endpoints  
-----             -------      -------  ---------------------  -------------------      -------      -------  ---------------------  -------------------     --------     --------  ----------------------  --------------------  
sys_clk_pin         6.099        0.000                      0                  148        0.196        0.000                      0                  148        4.500        0.000                       0                   105  


------------------------------------------------------------------------------------------------
| Inter Clock Table
| -----------------
------------------------------------------------------------------------------------------------

From Clock    To Clock          WNS(ns)      TNS(ns)  TNS Failing Endpoints  TNS Total Endpoints      WHS(ns)      THS(ns)  THS Failing Endpoints  THS Total Endpoints  
----------    --------          -------      -------  ---------------------  -------------------      -------      -------  ---------------------  -------------------  


------------------------------------------------------------------------------------------------
| Other Path Groups Table
| -----------------------
------------------------------------------------------------------------------------------------

Path Group    From Clock    To Clock          WNS(ns)      TNS(ns)  TNS Failing Endpoints  TNS Total Endpoints      WHS(ns)      THS(ns)  THS Failing Endpoints  THS Total Endpoints  
----------    ----------    --------          -------      -------  ---------------------  -------------------      -------      -------  ---------------------  -------------------  


------------------------------------------------------------------------------------------------
| User Ignored Path Table
| -----------------------
------------------------------------------------------------------------------------------------

Path Group    From Clock    To Clock    
----------    ----------    --------    


------------------------------------------------------------------------------------------------
| Unconstrained Path Table
| ------------------------
------------------------------------------------------------------------------------------------

Path Group    From Clock    To Clock    
----------    ----------    --------    
(none)        sys_clk_pin                 
(none)                      sys_clk_pin   


------------------------------------------------------------------------------------------------
| Timing Details
| --------------
------------------------------------------------------------------------------------------------


---------------------------------------------------------------------------------------------------
From Clock:  sys_clk_pin
  To Clock:  sys_clk_pin

Setup :            0  Failing Endpoints,  Worst Slack        6.099ns,  Total Violation        0.000ns
Hold  :            0  Failing Endpoints,  Worst Slack        0.196ns,  Total Violation        0.000ns
PW    :            0  Failing Endpoints,  Worst Slack        4.500ns,  Total Violation        0.000ns
---------------------------------------------------------------------------------------------------


Max Delay Paths
--------------------------------------------------------------------------------------
Slack (MET) :             6.099ns  (required time - arrival time)
  Source:                 i_UART_RX/bittimer_reg[0]/C
                            (rising edge-triggered cell FDRE clocked by sys_clk_pin  {rise@0.000ns fall@5.000ns period=10.000ns})
  Destination:            i_UART_RX/bittimer_reg[10]/R
                            (rising edge-triggered cell FDRE clocked by sys_clk_pin  {rise@0.000ns fall@5.000ns period=10.000ns})
  Path Group:             sys_clk_pin
  Path Type:              Setup (Max at Slow Process Corner)
  Requirement:            10.000ns  (sys_clk_pin rise@10.000ns - sys_clk_pin rise@0.000ns)
  Data Path Delay:        3.315ns  (logic 0.956ns (28.843%)  route 2.359ns (71.157%))
  Logic Levels:           2  (LUT5=1 LUT6=1)
  Clock Path Skew:        -0.027ns (DCD - SCD + CPR)
    Destination Clock Delay (DCD):    5.023ns = ( 15.023 - 10.000 ) 
    Source Clock Delay      (SCD):    5.325ns
    Clock Pessimism Removal (CPR):    0.275ns
  Clock Uncertainty:      0.035ns  ((TSJ^2 + TIJ^2)^1/2 + DJ) / 2 + PE
    Total System Jitter     (TSJ):    0.071ns
    Total Input Jitter      (TIJ):    0.000ns
    Discrete Jitter          (DJ):    0.000ns
    Phase Error              (PE):    0.000ns

    Location             Delay type                Incr(ns)  Path(ns)    Netlist Resource(s)
  -------------------------------------------------------------------    -------------------
                         (clock sys_clk_pin rise edge)
                                                      0.000     0.000 r  
    E3                                                0.000     0.000 r  clk (IN)
                         net (fo=0)                   0.000     0.000    clk
    E3                   IBUF (Prop_ibuf_I_O)         1.482     1.482 r  clk_IBUF_inst/O
                         net (fo=1, routed)           2.025     3.506    clk_IBUF
    BUFGCTRL_X0Y16       BUFG (Prop_bufg_I_O)         0.096     3.602 r  clk_IBUF_BUFG_inst/O
                         net (fo=104, routed)         1.722     5.325    i_UART_RX/clk_IBUF_BUFG
    SLICE_X0Y88          FDRE                                         r  i_UART_RX/bittimer_reg[0]/C
  -------------------------------------------------------------------    -------------------
    SLICE_X0Y88          FDRE (Prop_fdre_C_Q)         0.456     5.781 r  i_UART_RX/bittimer_reg[0]/Q
                         net (fo=13, routed)          1.345     7.126    i_UART_RX/bittimer_reg_n_0_[0]
    SLICE_X2Y86          LUT5 (Prop_lut5_I3_O)        0.152     7.278 f  i_UART_RX/bittimer[10]_i_6/O
                         net (fo=1, routed)           0.310     7.588    i_UART_RX/bittimer[10]_i_6_n_0
    SLICE_X2Y87          LUT6 (Prop_lut6_I3_O)        0.348     7.936 r  i_UART_RX/bittimer[10]_i_1/O
                         net (fo=10, routed)          0.703     8.639    i_UART_RX/bittimer[10]_i_1_n_0
    SLICE_X2Y86          FDRE                                         r  i_UART_RX/bittimer_reg[10]/R
  -------------------------------------------------------------------    -------------------

                         (clock sys_clk_pin rise edge)
                                                     10.000    10.000 r  
    E3                                                0.000    10.000 r  clk (IN)
                         net (fo=0)                   0.000    10.000    clk
    E3                   IBUF (Prop_ibuf_I_O)         1.411    11.411 r  clk_IBUF_inst/O
                         net (fo=1, routed)           1.920    13.331    clk_IBUF
    BUFGCTRL_X0Y16       BUFG (Prop_bufg_I_O)         0.091    13.422 r  clk_IBUF_BUFG_inst/O
                         net (fo=104, routed)         1.600    15.023    i_UART_RX/clk_IBUF_BUFG
    SLICE_X2Y86          FDRE                                         r  i_UART_RX/bittimer_reg[10]/C
                         clock pessimism              0.275    15.298    
                         clock uncertainty           -0.035    15.262    
    SLICE_X2Y86          FDRE (Setup_fdre_C_R)       -0.524    14.738    i_UART_RX/bittimer_reg[10]
  -------------------------------------------------------------------
                         required time                         14.738    
                         arrival time                          -8.639    
  -------------------------------------------------------------------
                         slack                                  6.099    

Slack (MET) :             6.099ns  (required time - arrival time)
  Source:                 i_UART_RX/bittimer_reg[0]/C
                            (rising edge-triggered cell FDRE clocked by sys_clk_pin  {rise@0.000ns fall@5.000ns period=10.000ns})
  Destination:            i_UART_RX/bittimer_reg[2]/R
                            (rising edge-triggered cell FDRE clocked by sys_clk_pin  {rise@0.000ns fall@5.000ns period=10.000ns})
  Path Group:             sys_clk_pin
  Path Type:              Setup (Max at Slow Process Corner)
  Requirement:            10.000ns  (sys_clk_pin rise@10.000ns - sys_clk_pin rise@0.000ns)
  Data Path Delay:        3.315ns  (logic 0.956ns (28.843%)  route 2.359ns (71.157%))
  Logic Levels:           2  (LUT5=1 LUT6=1)
  Clock Path Skew:        -0.027ns (DCD - SCD + CPR)
    Destination Clock Delay (DCD):    5.023ns = ( 15.023 - 10.000 ) 
    Source Clock Delay      (SCD):    5.325ns
    Clock Pessimism Removal (CPR):    0.275ns
  Clock Uncertainty:      0.035ns  ((TSJ^2 + TIJ^2)^1/2 + DJ) / 2 + PE
    Total System Jitter     (TSJ):    0.071ns
    Total Input Jitter      (TIJ):    0.000ns
    Discrete Jitter          (DJ):    0.000ns
    Phase Error              (PE):    0.000ns

    Location             Delay type                Incr(ns)  Path(ns)    Netlist Resource(s)
  -------------------------------------------------------------------    -------------------
                         (clock sys_clk_pin rise edge)
                                                      0.000     0.000 r  
    E3                                                0.000     0.000 r  clk (IN)
                         net (fo=0)                   0.000     0.000    clk
    E3                   IBUF (Prop_ibuf_I_O)         1.482     1.482 r  clk_IBUF_inst/O
                         net (fo=1, routed)           2.025     3.506    clk_IBUF
    BUFGCTRL_X0Y16       BUFG (Prop_bufg_I_O)         0.096     3.602 r  clk_IBUF_BUFG_inst/O
                         net (fo=104, routed)         1.722     5.325    i_UART_RX/clk_IBUF_BUFG
    SLICE_X0Y88          FDRE                                         r  i_UART_RX/bittimer_reg[0]/C
  -------------------------------------------------------------------    -------------------
    SLICE_X0Y88          FDRE (Prop_fdre_C_Q)         0.456     5.781 r  i_UART_RX/bittimer_reg[0]/Q
                         net (fo=13, routed)          1.345     7.126    i_UART_RX/bittimer_reg_n_0_[0]
    SLICE_X2Y86          LUT5 (Prop_lut5_I3_O)        0.152     7.278 f  i_UART_RX/bittimer[10]_i_6/O
                         net (fo=1, routed)           0.310     7.588    i_UART_RX/bittimer[10]_i_6_n_0
    SLICE_X2Y87          LUT6 (Prop_lut6_I3_O)        0.348     7.936 r  i_UART_RX/bittimer[10]_i_1/O
                         net (fo=10, routed)          0.703     8.639    i_UART_RX/bittimer[10]_i_1_n_0
    SLICE_X2Y86          FDRE                                         r  i_UART_RX/bittimer_reg[2]/R
  -------------------------------------------------------------------    -------------------

                         (clock sys_clk_pin rise edge)
                                                     10.000    10.000 r  
    E3                                                0.000    10.000 r  clk (IN)
                         net (fo=0)                   0.000    10.000    clk
    E3                   IBUF (Prop_ibuf_I_O)         1.411    11.411 r  clk_IBUF_inst/O
                         net (fo=1, routed)           1.920    13.331    clk_IBUF
    BUFGCTRL_X0Y16       BUFG (Prop_bufg_I_O)         0.091    13.422 r  clk_IBUF_BUFG_inst/O
                         net (fo=104, routed)         1.600    15.023    i_UART_RX/clk_IBUF_BUFG
    SLICE_X2Y86          FDRE                                         r  i_UART_RX/bittimer_reg[2]/C
                         clock pessimism              0.275    15.298    
                         clock uncertainty           -0.035    15.262    
    SLICE_X2Y86          FDRE (Setup_fdre_C_R)       -0.524    14.738    i_UART_RX/bittimer_reg[2]
  -------------------------------------------------------------------
                         required time                         14.738    
                         arrival time                          -8.639    
  -------------------------------------------------------------------
                         slack                                  6.099    

Slack (MET) :             6.194ns  (required time - arrival time)
  Source:                 i_UART_RX/bittimer_reg[0]/C
                            (rising edge-triggered cell FDRE clocked by sys_clk_pin  {rise@0.000ns fall@5.000ns period=10.000ns})
  Destination:            i_UART_RX/bittimer_reg[3]/R
                            (rising edge-triggered cell FDRE clocked by sys_clk_pin  {rise@0.000ns fall@5.000ns period=10.000ns})
  Path Group:             sys_clk_pin
  Path Type:              Setup (Max at Slow Process Corner)
  Requirement:            10.000ns  (sys_clk_pin rise@10.000ns - sys_clk_pin rise@0.000ns)
  Data Path Delay:        3.315ns  (logic 0.956ns (28.843%)  route 2.359ns (71.157%))
  Logic Levels:           2  (LUT5=1 LUT6=1)
  Clock Path Skew:        -0.027ns (DCD - SCD + CPR)
    Destination Clock Delay (DCD):    5.023ns = ( 15.023 - 10.000 ) 
    Source Clock Delay      (SCD):    5.325ns
    Clock Pessimism Removal (CPR):    0.275ns
  Clock Uncertainty:      0.035ns  ((TSJ^2 + TIJ^2)^1/2 + DJ) / 2 + PE
    Total System Jitter     (TSJ):    0.071ns
    Total Input Jitter      (TIJ):    0.000ns
    Discrete Jitter          (DJ):    0.000ns
    Phase Error              (PE):    0.000ns

    Location             Delay type                Incr(ns)  Path(ns)    Netlist Resource(s)
  -------------------------------------------------------------------    -------------------
                         (clock sys_clk_pin rise edge)
                                                      0.000     0.000 r  
    E3                                                0.000     0.000 r  clk (IN)
                         net (fo=0)                   0.000     0.000    clk
    E3                   IBUF (Prop_ibuf_I_O)         1.482     1.482 r  clk_IBUF_inst/O
                         net (fo=1, routed)           2.025     3.506    clk_IBUF
    BUFGCTRL_X0Y16       BUFG (Prop_bufg_I_O)         0.096     3.602 r  clk_IBUF_BUFG_inst/O
                         net (fo=104, routed)         1.722     5.325    i_UART_RX/clk_IBUF_BUFG
    SLICE_X0Y88          FDRE                                         r  i_UART_RX/bittimer_reg[0]/C
  -------------------------------------------------------------------    -------------------
    SLICE_X0Y88          FDRE (Prop_fdre_C_Q)         0.456     5.781 r  i_UART_RX/bittimer_reg[0]/Q
                         net (fo=13, routed)          1.345     7.126    i_UART_RX/bittimer_reg_n_0_[0]
    SLICE_X2Y86          LUT5 (Prop_lut5_I3_O)        0.152     7.278 f  i_UART_RX/bittimer[10]_i_6/O
                         net (fo=1, routed)           0.310     7.588    i_UART_RX/bittimer[10]_i_6_n_0
    SLICE_X2Y87          LUT6 (Prop_lut6_I3_O)        0.348     7.936 r  i_UART_RX/bittimer[10]_i_1/O
                         net (fo=10, routed)          0.703     8.639    i_UART_RX/bittimer[10]_i_1_n_0
    SLICE_X3Y86          FDRE                                         r  i_UART_RX/bittimer_reg[3]/R
  -------------------------------------------------------------------    -------------------

                         (clock sys_clk_pin rise edge)
                                                     10.000    10.000 r  
    E3                                                0.000    10.000 r  clk (IN)
                         net (fo=0)                   0.000    10.000    clk
    E3                   IBUF (Prop_ibuf_I_O)         1.411    11.411 r  clk_IBUF_inst/O
                         net (fo=1, routed)           1.920    13.331    clk_IBUF
    BUFGCTRL_X0Y16       BUFG (Prop_bufg_I_O)         0.091    13.422 r  clk_IBUF_BUFG_inst/O
                         net (fo=104, routed)         1.600    15.023    i_UART_RX/clk_IBUF_BUFG
    SLICE_X3Y86          FDRE                                         r  i_UART_RX/bittimer_reg[3]/C
                         clock pessimism              0.275    15.298    
                         clock uncertainty           -0.035    15.262    
    SLICE_X3Y86          FDRE (Setup_fdre_C_R)       -0.429    14.833    i_UART_RX/bittimer_reg[3]
  -------------------------------------------------------------------
                         required time                         14.833    
                         arrival time                          -8.639    
  -------------------------------------------------------------------
                         slack                                  6.194    

Slack (MET) :             6.194ns  (required time - arrival time)
  Source:                 i_UART_RX/bittimer_reg[0]/C
                            (rising edge-triggered cell FDRE clocked by sys_clk_pin  {rise@0.000ns fall@5.000ns period=10.000ns})
  Destination:            i_UART_RX/bittimer_reg[4]/R
                            (rising edge-triggered cell FDRE clocked by sys_clk_pin  {rise@0.000ns fall@5.000ns period=10.000ns})
  Path Group:             sys_clk_pin
  Path Type:              Setup (Max at Slow Process Corner)
  Requirement:            10.000ns  (sys_clk_pin rise@10.000ns - sys_clk_pin rise@0.000ns)
  Data Path Delay:        3.315ns  (logic 0.956ns (28.843%)  route 2.359ns (71.157%))
  Logic Levels:           2  (LUT5=1 LUT6=1)
  Clock Path Skew:        -0.027ns (DCD - SCD + CPR)
    Destination Clock Delay (DCD):    5.023ns = ( 15.023 - 10.000 ) 
    Source Clock Delay      (SCD):    5.325ns
    Clock Pessimism Removal (CPR):    0.275ns
  Clock Uncertainty:      0.035ns  ((TSJ^2 + TIJ^2)^1/2 + DJ) / 2 + PE
    Total System Jitter     (TSJ):    0.071ns
    Total Input Jitter      (TIJ):    0.000ns
    Discrete Jitter          (DJ):    0.000ns
    Phase Error              (PE):    0.000ns

    Location             Delay type                Incr(ns)  Path(ns)    Netlist Resource(s)
  -------------------------------------------------------------------    -------------------
                         (clock sys_clk_pin rise edge)
                                                      0.000     0.000 r  
    E3                                                0.000     0.000 r  clk (IN)
                         net (fo=0)                   0.000     0.000    clk
    E3                   IBUF (Prop_ibuf_I_O)         1.482     1.482 r  clk_IBUF_inst/O
                         net (fo=1, routed)           2.025     3.506    clk_IBUF
    BUFGCTRL_X0Y16       BUFG (Prop_bufg_I_O)         0.096     3.602 r  clk_IBUF_BUFG_inst/O
                         net (fo=104, routed)         1.722     5.325    i_UART_RX/clk_IBUF_BUFG
    SLICE_X0Y88          FDRE                                         r  i_UART_RX/bittimer_reg[0]/C
  -------------------------------------------------------------------    -------------------
    SLICE_X0Y88          FDRE (Prop_fdre_C_Q)         0.456     5.781 r  i_UART_RX/bittimer_reg[0]/Q
                         net (fo=13, routed)          1.345     7.126    i_UART_RX/bittimer_reg_n_0_[0]
    SLICE_X2Y86          LUT5 (Prop_lut5_I3_O)        0.152     7.278 f  i_UART_RX/bittimer[10]_i_6/O
                         net (fo=1, routed)           0.310     7.588    i_UART_RX/bittimer[10]_i_6_n_0
    SLICE_X2Y87          LUT6 (Prop_lut6_I3_O)        0.348     7.936 r  i_UART_RX/bittimer[10]_i_1/O
                         net (fo=10, routed)          0.703     8.639    i_UART_RX/bittimer[10]_i_1_n_0
    SLICE_X3Y86          FDRE                                         r  i_UART_RX/bittimer_reg[4]/R
  -------------------------------------------------------------------    -------------------

                         (clock sys_clk_pin rise edge)
                                                     10.000    10.000 r  
    E3                                                0.000    10.000 r  clk (IN)
                         net (fo=0)                   0.000    10.000    clk
    E3                   IBUF (Prop_ibuf_I_O)         1.411    11.411 r  clk_IBUF_inst/O
                         net (fo=1, routed)           1.920    13.331    clk_IBUF
    BUFGCTRL_X0Y16       BUFG (Prop_bufg_I_O)         0.091    13.422 r  clk_IBUF_BUFG_inst/O
                         net (fo=104, routed)         1.600    15.023    i_UART_RX/clk_IBUF_BUFG
    SLICE_X3Y86          FDRE                                         r  i_UART_RX/bittimer_reg[4]/C
                         clock pessimism              0.275    15.298    
                         clock uncertainty           -0.035    15.262    
    SLICE_X3Y86          FDRE (Setup_fdre_C_R)       -0.429    14.833    i_UART_RX/bittimer_reg[4]
  -------------------------------------------------------------------
                         required time                         14.833    
                         arrival time                          -8.639    
  -------------------------------------------------------------------
                         slack                                  6.194    

Slack (MET) :             6.194ns  (required time - arrival time)
  Source:                 i_UART_RX/bittimer_reg[0]/C
                            (rising edge-triggered cell FDRE clocked by sys_clk_pin  {rise@0.000ns fall@5.000ns period=10.000ns})
  Destination:            i_UART_RX/bittimer_reg[5]/R
                            (rising edge-triggered cell FDRE clocked by sys_clk_pin  {rise@0.000ns fall@5.000ns period=10.000ns})
  Path Group:             sys_clk_pin
  Path Type:              Setup (Max at Slow Process Corner)
  Requirement:            10.000ns  (sys_clk_pin rise@10.000ns - sys_clk_pin rise@0.000ns)
  Data Path Delay:        3.315ns  (logic 0.956ns (28.843%)  route 2.359ns (71.157%))
  Logic Levels:           2  (LUT5=1 LUT6=1)
  Clock Path Skew:        -0.027ns (DCD - SCD + CPR)
    Destination Clock Delay (DCD):    5.023ns = ( 15.023 - 10.000 ) 
    Source Clock Delay      (SCD):    5.325ns
    Clock Pessimism Removal (CPR):    0.275ns
  Clock Uncertainty:      0.035ns  ((TSJ^2 + TIJ^2)^1/2 + DJ) / 2 + PE
    Total System Jitter     (TSJ):    0.071ns
    Total Input Jitter      (TIJ):    0.000ns
    Discrete Jitter          (DJ):    0.000ns
    Phase Error              (PE):    0.000ns

    Location             Delay type                Incr(ns)  Path(ns)    Netlist Resource(s)
  -------------------------------------------------------------------    -------------------
                         (clock sys_clk_pin rise edge)
                                                      0.000     0.000 r  
    E3                                                0.000     0.000 r  clk (IN)
                         net (fo=0)                   0.000     0.000    clk
    E3                   IBUF (Prop_ibuf_I_O)         1.482     1.482 r  clk_IBUF_inst/O
                         net (fo=1, routed)           2.025     3.506    clk_IBUF
    BUFGCTRL_X0Y16       BUFG (Prop_bufg_I_O)         0.096     3.602 r  clk_IBUF_BUFG_inst/O
                         net (fo=104, routed)         1.722     5.325    i_UART_RX/clk_IBUF_BUFG
    SLICE_X0Y88          FDRE                                         r  i_UART_RX/bittimer_reg[0]/C
  -------------------------------------------------------------------    -------------------
    SLICE_X0Y88          FDRE (Prop_fdre_C_Q)         0.456     5.781 r  i_UART_RX/bittimer_reg[0]/Q
                         net (fo=13, routed)          1.345     7.126    i_UART_RX/bittimer_reg_n_0_[0]
    SLICE_X2Y86          LUT5 (Prop_lut5_I3_O)        0.152     7.278 f  i_UART_RX/bittimer[10]_i_6/O
                         net (fo=1, routed)           0.310     7.588    i_UART_RX/bittimer[10]_i_6_n_0
    SLICE_X2Y87          LUT6 (Prop_lut6_I3_O)        0.348     7.936 r  i_UART_RX/bittimer[10]_i_1/O
                         net (fo=10, routed)          0.703     8.639    i_UART_RX/bittimer[10]_i_1_n_0
    SLICE_X3Y86          FDRE                                         r  i_UART_RX/bittimer_reg[5]/R
  -------------------------------------------------------------------    -------------------

                         (clock sys_clk_pin rise edge)
                                                     10.000    10.000 r  
    E3                                                0.000    10.000 r  clk (IN)
                         net (fo=0)                   0.000    10.000    clk
    E3                   IBUF (Prop_ibuf_I_O)         1.411    11.411 r  clk_IBUF_inst/O
                         net (fo=1, routed)           1.920    13.331    clk_IBUF
    BUFGCTRL_X0Y16       BUFG (Prop_bufg_I_O)         0.091    13.422 r  clk_IBUF_BUFG_inst/O
                         net (fo=104, routed)         1.600    15.023    i_UART_RX/clk_IBUF_BUFG
    SLICE_X3Y86          FDRE                                         r  i_UART_RX/bittimer_reg[5]/C
                         clock pessimism              0.275    15.298    
                         clock uncertainty           -0.035    15.262    
    SLICE_X3Y86          FDRE (Setup_fdre_C_R)       -0.429    14.833    i_UART_RX/bittimer_reg[5]
  -------------------------------------------------------------------
                         required time                         14.833    
                         arrival time                          -8.639    
  -------------------------------------------------------------------
                         slack                                  6.194    

Slack (MET) :             6.243ns  (required time - arrival time)
  Source:                 i_UART_RX/bittimer_reg[0]/C
                            (rising edge-triggered cell FDRE clocked by sys_clk_pin  {rise@0.000ns fall@5.000ns period=10.000ns})
  Destination:            i_UART_RX/bittimer_reg[6]/R
                            (rising edge-triggered cell FDRE clocked by sys_clk_pin  {rise@0.000ns fall@5.000ns period=10.000ns})
  Path Group:             sys_clk_pin
  Path Type:              Setup (Max at Slow Process Corner)
  Requirement:            10.000ns  (sys_clk_pin rise@10.000ns - sys_clk_pin rise@0.000ns)
  Data Path Delay:        3.266ns  (logic 0.956ns (29.268%)  route 2.310ns (70.732%))
  Logic Levels:           2  (LUT5=1 LUT6=1)
  Clock Path Skew:        -0.026ns (DCD - SCD + CPR)
    Destination Clock Delay (DCD):    5.024ns = ( 15.024 - 10.000 ) 
    Source Clock Delay      (SCD):    5.325ns
    Clock Pessimism Removal (CPR):    0.275ns
  Clock Uncertainty:      0.035ns  ((TSJ^2 + TIJ^2)^1/2 + DJ) / 2 + PE
    Total System Jitter     (TSJ):    0.071ns
    Total Input Jitter      (TIJ):    0.000ns
    Discrete Jitter          (DJ):    0.000ns
    Phase Error              (PE):    0.000ns

    Location             Delay type                Incr(ns)  Path(ns)    Netlist Resource(s)
  -------------------------------------------------------------------    -------------------
                         (clock sys_clk_pin rise edge)
                                                      0.000     0.000 r  
    E3                                                0.000     0.000 r  clk (IN)
                         net (fo=0)                   0.000     0.000    clk
    E3                   IBUF (Prop_ibuf_I_O)         1.482     1.482 r  clk_IBUF_inst/O
                         net (fo=1, routed)           2.025     3.506    clk_IBUF
    BUFGCTRL_X0Y16       BUFG (Prop_bufg_I_O)         0.096     3.602 r  clk_IBUF_BUFG_inst/O
                         net (fo=104, routed)         1.722     5.325    i_UART_RX/clk_IBUF_BUFG
    SLICE_X0Y88          FDRE                                         r  i_UART_RX/bittimer_reg[0]/C
  -------------------------------------------------------------------    -------------------
    SLICE_X0Y88          FDRE (Prop_fdre_C_Q)         0.456     5.781 r  i_UART_RX/bittimer_reg[0]/Q
                         net (fo=13, routed)          1.345     7.126    i_UART_RX/bittimer_reg_n_0_[0]
    SLICE_X2Y86          LUT5 (Prop_lut5_I3_O)        0.152     7.278 f  i_UART_RX/bittimer[10]_i_6/O
                         net (fo=1, routed)           0.310     7.588    i_UART_RX/bittimer[10]_i_6_n_0
    SLICE_X2Y87          LUT6 (Prop_lut6_I3_O)        0.348     7.936 r  i_UART_RX/bittimer[10]_i_1/O
                         net (fo=10, routed)          0.655     8.591    i_UART_RX/bittimer[10]_i_1_n_0
    SLICE_X3Y87          FDRE                                         r  i_UART_RX/bittimer_reg[6]/R
  -------------------------------------------------------------------    -------------------

                         (clock sys_clk_pin rise edge)
                                                     10.000    10.000 r  
    E3                                                0.000    10.000 r  clk (IN)
                         net (fo=0)                   0.000    10.000    clk
    E3                   IBUF (Prop_ibuf_I_O)         1.411    11.411 r  clk_IBUF_inst/O
                         net (fo=1, routed)           1.920    13.331    clk_IBUF
    BUFGCTRL_X0Y16       BUFG (Prop_bufg_I_O)         0.091    13.422 r  clk_IBUF_BUFG_inst/O
                         net (fo=104, routed)         1.601    15.024    i_UART_RX/clk_IBUF_BUFG
    SLICE_X3Y87          FDRE                                         r  i_UART_RX/bittimer_reg[6]/C
                         clock pessimism              0.275    15.299    
                         clock uncertainty           -0.035    15.263    
    SLICE_X3Y87          FDRE (Setup_fdre_C_R)       -0.429    14.834    i_UART_RX/bittimer_reg[6]
  -------------------------------------------------------------------
                         required time                         14.834    
                         arrival time                          -8.591    
  -------------------------------------------------------------------
                         slack                                  6.243    

Slack (MET) :             6.243ns  (required time - arrival time)
  Source:                 i_UART_RX/bittimer_reg[0]/C
                            (rising edge-triggered cell FDRE clocked by sys_clk_pin  {rise@0.000ns fall@5.000ns period=10.000ns})
  Destination:            i_UART_RX/bittimer_reg[7]/R
                            (rising edge-triggered cell FDRE clocked by sys_clk_pin  {rise@0.000ns fall@5.000ns period=10.000ns})
  Path Group:             sys_clk_pin
  Path Type:              Setup (Max at Slow Process Corner)
  Requirement:            10.000ns  (sys_clk_pin rise@10.000ns - sys_clk_pin rise@0.000ns)
  Data Path Delay:        3.266ns  (logic 0.956ns (29.268%)  route 2.310ns (70.732%))
  Logic Levels:           2  (LUT5=1 LUT6=1)
  Clock Path Skew:        -0.026ns (DCD - SCD + CPR)
    Destination Clock Delay (DCD):    5.024ns = ( 15.024 - 10.000 ) 
    Source Clock Delay      (SCD):    5.325ns
    Clock Pessimism Removal (CPR):    0.275ns
  Clock Uncertainty:      0.035ns  ((TSJ^2 + TIJ^2)^1/2 + DJ) / 2 + PE
    Total System Jitter     (TSJ):    0.071ns
    Total Input Jitter      (TIJ):    0.000ns
    Discrete Jitter          (DJ):    0.000ns
    Phase Error              (PE):    0.000ns

    Location             Delay type                Incr(ns)  Path(ns)    Netlist Resource(s)
  -------------------------------------------------------------------    -------------------
                         (clock sys_clk_pin rise edge)
                                                      0.000     0.000 r  
    E3                                                0.000     0.000 r  clk (IN)
                         net (fo=0)                   0.000     0.000    clk
    E3                   IBUF (Prop_ibuf_I_O)         1.482     1.482 r  clk_IBUF_inst/O
                         net (fo=1, routed)           2.025     3.506    clk_IBUF
    BUFGCTRL_X0Y16       BUFG (Prop_bufg_I_O)         0.096     3.602 r  clk_IBUF_BUFG_inst/O
                         net (fo=104, routed)         1.722     5.325    i_UART_RX/clk_IBUF_BUFG
    SLICE_X0Y88          FDRE                                         r  i_UART_RX/bittimer_reg[0]/C
  -------------------------------------------------------------------    -------------------
    SLICE_X0Y88          FDRE (Prop_fdre_C_Q)         0.456     5.781 r  i_UART_RX/bittimer_reg[0]/Q
                         net (fo=13, routed)          1.345     7.126    i_UART_RX/bittimer_reg_n_0_[0]
    SLICE_X2Y86          LUT5 (Prop_lut5_I3_O)        0.152     7.278 f  i_UART_RX/bittimer[10]_i_6/O
                         net (fo=1, routed)           0.310     7.588    i_UART_RX/bittimer[10]_i_6_n_0
    SLICE_X2Y87          LUT6 (Prop_lut6_I3_O)        0.348     7.936 r  i_UART_RX/bittimer[10]_i_1/O
                         net (fo=10, routed)          0.655     8.591    i_UART_RX/bittimer[10]_i_1_n_0
    SLICE_X3Y87          FDRE                                         r  i_UART_RX/bittimer_reg[7]/R
  -------------------------------------------------------------------    -------------------

                         (clock sys_clk_pin rise edge)
                                                     10.000    10.000 r  
    E3                                                0.000    10.000 r  clk (IN)
                         net (fo=0)                   0.000    10.000    clk
    E3                   IBUF (Prop_ibuf_I_O)         1.411    11.411 r  clk_IBUF_inst/O
                         net (fo=1, routed)           1.920    13.331    clk_IBUF
    BUFGCTRL_X0Y16       BUFG (Prop_bufg_I_O)         0.091    13.422 r  clk_IBUF_BUFG_inst/O
                         net (fo=104, routed)         1.601    15.024    i_UART_RX/clk_IBUF_BUFG
    SLICE_X3Y87          FDRE                                         r  i_UART_RX/bittimer_reg[7]/C
                         clock pessimism              0.275    15.299    
                         clock uncertainty           -0.035    15.263    
    SLICE_X3Y87          FDRE (Setup_fdre_C_R)       -0.429    14.834    i_UART_RX/bittimer_reg[7]
  -------------------------------------------------------------------
                         required time                         14.834    
                         arrival time                          -8.591    
  -------------------------------------------------------------------
                         slack                                  6.243    

Slack (MET) :             6.243ns  (required time - arrival time)
  Source:                 i_UART_RX/bittimer_reg[0]/C
                            (rising edge-triggered cell FDRE clocked by sys_clk_pin  {rise@0.000ns fall@5.000ns period=10.000ns})
  Destination:            i_UART_RX/bittimer_reg[8]/R
                            (rising edge-triggered cell FDRE clocked by sys_clk_pin  {rise@0.000ns fall@5.000ns period=10.000ns})
  Path Group:             sys_clk_pin
  Path Type:              Setup (Max at Slow Process Corner)
  Requirement:            10.000ns  (sys_clk_pin rise@10.000ns - sys_clk_pin rise@0.000ns)
  Data Path Delay:        3.266ns  (logic 0.956ns (29.268%)  route 2.310ns (70.732%))
  Logic Levels:           2  (LUT5=1 LUT6=1)
  Clock Path Skew:        -0.026ns (DCD - SCD + CPR)
    Destination Clock Delay (DCD):    5.024ns = ( 15.024 - 10.000 ) 
    Source Clock Delay      (SCD):    5.325ns
    Clock Pessimism Removal (CPR):    0.275ns
  Clock Uncertainty:      0.035ns  ((TSJ^2 + TIJ^2)^1/2 + DJ) / 2 + PE
    Total System Jitter     (TSJ):    0.071ns
    Total Input Jitter      (TIJ):    0.000ns
    Discrete Jitter          (DJ):    0.000ns
    Phase Error              (PE):    0.000ns

    Location             Delay type                Incr(ns)  Path(ns)    Netlist Resource(s)
  -------------------------------------------------------------------    -------------------
                         (clock sys_clk_pin rise edge)
                                                      0.000     0.000 r  
    E3                                                0.000     0.000 r  clk (IN)
                         net (fo=0)                   0.000     0.000    clk
    E3                   IBUF (Prop_ibuf_I_O)         1.482     1.482 r  clk_IBUF_inst/O
                         net (fo=1, routed)           2.025     3.506    clk_IBUF
    BUFGCTRL_X0Y16       BUFG (Prop_bufg_I_O)         0.096     3.602 r  clk_IBUF_BUFG_inst/O
                         net (fo=104, routed)         1.722     5.325    i_UART_RX/clk_IBUF_BUFG
    SLICE_X0Y88          FDRE                                         r  i_UART_RX/bittimer_reg[0]/C
  -------------------------------------------------------------------    -------------------
    SLICE_X0Y88          FDRE (Prop_fdre_C_Q)         0.456     5.781 r  i_UART_RX/bittimer_reg[0]/Q
                         net (fo=13, routed)          1.345     7.126    i_UART_RX/bittimer_reg_n_0_[0]
    SLICE_X2Y86          LUT5 (Prop_lut5_I3_O)        0.152     7.278 f  i_UART_RX/bittimer[10]_i_6/O
                         net (fo=1, routed)           0.310     7.588    i_UART_RX/bittimer[10]_i_6_n_0
    SLICE_X2Y87          LUT6 (Prop_lut6_I3_O)        0.348     7.936 r  i_UART_RX/bittimer[10]_i_1/O
                         net (fo=10, routed)          0.655     8.591    i_UART_RX/bittimer[10]_i_1_n_0
    SLICE_X3Y87          FDRE                                         r  i_UART_RX/bittimer_reg[8]/R
  -------------------------------------------------------------------    -------------------

                         (clock sys_clk_pin rise edge)
                                                     10.000    10.000 r  
    E3                                                0.000    10.000 r  clk (IN)
                         net (fo=0)                   0.000    10.000    clk
    E3                   IBUF (Prop_ibuf_I_O)         1.411    11.411 r  clk_IBUF_inst/O
                         net (fo=1, routed)           1.920    13.331    clk_IBUF
    BUFGCTRL_X0Y16       BUFG (Prop_bufg_I_O)         0.091    13.422 r  clk_IBUF_BUFG_inst/O
                         net (fo=104, routed)         1.601    15.024    i_UART_RX/clk_IBUF_BUFG
    SLICE_X3Y87          FDRE                                         r  i_UART_RX/bittimer_reg[8]/C
                         clock pessimism              0.275    15.299    
                         clock uncertainty           -0.035    15.263    
    SLICE_X3Y87          FDRE (Setup_fdre_C_R)       -0.429    14.834    i_UART_RX/bittimer_reg[8]
  -------------------------------------------------------------------
                         required time                         14.834    
                         arrival time                          -8.591    
  -------------------------------------------------------------------
                         slack                                  6.243    

Slack (MET) :             6.243ns  (required time - arrival time)
  Source:                 i_UART_RX/bittimer_reg[0]/C
                            (rising edge-triggered cell FDRE clocked by sys_clk_pin  {rise@0.000ns fall@5.000ns period=10.000ns})
  Destination:            i_UART_RX/bittimer_reg[9]/R
                            (rising edge-triggered cell FDRE clocked by sys_clk_pin  {rise@0.000ns fall@5.000ns period=10.000ns})
  Path Group:             sys_clk_pin
  Path Type:              Setup (Max at Slow Process Corner)
  Requirement:            10.000ns  (sys_clk_pin rise@10.000ns - sys_clk_pin rise@0.000ns)
  Data Path Delay:        3.266ns  (logic 0.956ns (29.268%)  route 2.310ns (70.732%))
  Logic Levels:           2  (LUT5=1 LUT6=1)
  Clock Path Skew:        -0.026ns (DCD - SCD + CPR)
    Destination Clock Delay (DCD):    5.024ns = ( 15.024 - 10.000 ) 
    Source Clock Delay      (SCD):    5.325ns
    Clock Pessimism Removal (CPR):    0.275ns
  Clock Uncertainty:      0.035ns  ((TSJ^2 + TIJ^2)^1/2 + DJ) / 2 + PE
    Total System Jitter     (TSJ):    0.071ns
    Total Input Jitter      (TIJ):    0.000ns
    Discrete Jitter          (DJ):    0.000ns
    Phase Error              (PE):    0.000ns

    Location             Delay type                Incr(ns)  Path(ns)    Netlist Resource(s)
  -------------------------------------------------------------------    -------------------
                         (clock sys_clk_pin rise edge)
                                                      0.000     0.000 r  
    E3                                                0.000     0.000 r  clk (IN)
                         net (fo=0)                   0.000     0.000    clk
    E3                   IBUF (Prop_ibuf_I_O)         1.482     1.482 r  clk_IBUF_inst/O
                         net (fo=1, routed)           2.025     3.506    clk_IBUF
    BUFGCTRL_X0Y16       BUFG (Prop_bufg_I_O)         0.096     3.602 r  clk_IBUF_BUFG_inst/O
                         net (fo=104, routed)         1.722     5.325    i_UART_RX/clk_IBUF_BUFG
    SLICE_X0Y88          FDRE                                         r  i_UART_RX/bittimer_reg[0]/C
  -------------------------------------------------------------------    -------------------
    SLICE_X0Y88          FDRE (Prop_fdre_C_Q)         0.456     5.781 r  i_UART_RX/bittimer_reg[0]/Q
                         net (fo=13, routed)          1.345     7.126    i_UART_RX/bittimer_reg_n_0_[0]
    SLICE_X2Y86          LUT5 (Prop_lut5_I3_O)        0.152     7.278 f  i_UART_RX/bittimer[10]_i_6/O
                         net (fo=1, routed)           0.310     7.588    i_UART_RX/bittimer[10]_i_6_n_0
    SLICE_X2Y87          LUT6 (Prop_lut6_I3_O)        0.348     7.936 r  i_UART_RX/bittimer[10]_i_1/O
                         net (fo=10, routed)          0.655     8.591    i_UART_RX/bittimer[10]_i_1_n_0
    SLICE_X3Y87          FDRE                                         r  i_UART_RX/bittimer_reg[9]/R
  -------------------------------------------------------------------    -------------------

                         (clock sys_clk_pin rise edge)
                                                     10.000    10.000 r  
    E3                                                0.000    10.000 r  clk (IN)
                         net (fo=0)                   0.000    10.000    clk
    E3                   IBUF (Prop_ibuf_I_O)         1.411    11.411 r  clk_IBUF_inst/O
                         net (fo=1, routed)           1.920    13.331    clk_IBUF
    BUFGCTRL_X0Y16       BUFG (Prop_bufg_I_O)         0.091    13.422 r  clk_IBUF_BUFG_inst/O
                         net (fo=104, routed)         1.601    15.024    i_UART_RX/clk_IBUF_BUFG
    SLICE_X3Y87          FDRE                                         r  i_UART_RX/bittimer_reg[9]/C
                         clock pessimism              0.275    15.299    
                         clock uncertainty           -0.035    15.263    
    SLICE_X3Y87          FDRE (Setup_fdre_C_R)       -0.429    14.834    i_UART_RX/bittimer_reg[9]
  -------------------------------------------------------------------
                         required time                         14.834    
                         arrival time                          -8.591    
  -------------------------------------------------------------------
                         slack                                  6.243    

Slack (MET) :             6.347ns  (required time - arrival time)
  Source:                 i_UART_RX/bittimer_reg[0]/C
                            (rising edge-triggered cell FDRE clocked by sys_clk_pin  {rise@0.000ns fall@5.000ns period=10.000ns})
  Destination:            i_UART_RX/bittimer_reg[1]/R
                            (rising edge-triggered cell FDRE clocked by sys_clk_pin  {rise@0.000ns fall@5.000ns period=10.000ns})
  Path Group:             sys_clk_pin
  Path Type:              Setup (Max at Slow Process Corner)
  Requirement:            10.000ns  (sys_clk_pin rise@10.000ns - sys_clk_pin rise@0.000ns)
  Data Path Delay:        3.162ns  (logic 0.956ns (30.230%)  route 2.206ns (69.770%))
  Logic Levels:           2  (LUT5=1 LUT6=1)
  Clock Path Skew:        -0.026ns (DCD - SCD + CPR)
    Destination Clock Delay (DCD):    5.024ns = ( 15.024 - 10.000 ) 
    Source Clock Delay      (SCD):    5.325ns
    Clock Pessimism Removal (CPR):    0.275ns
  Clock Uncertainty:      0.035ns  ((TSJ^2 + TIJ^2)^1/2 + DJ) / 2 + PE
    Total System Jitter     (TSJ):    0.071ns
    Total Input Jitter      (TIJ):    0.000ns
    Discrete Jitter          (DJ):    0.000ns
    Phase Error              (PE):    0.000ns

    Location             Delay type                Incr(ns)  Path(ns)    Netlist Resource(s)
  -------------------------------------------------------------------    -------------------
                         (clock sys_clk_pin rise edge)
                                                      0.000     0.000 r  
    E3                                                0.000     0.000 r  clk (IN)
                         net (fo=0)                   0.000     0.000    clk
    E3                   IBUF (Prop_ibuf_I_O)         1.482     1.482 r  clk_IBUF_inst/O
                         net (fo=1, routed)           2.025     3.506    clk_IBUF
    BUFGCTRL_X0Y16       BUFG (Prop_bufg_I_O)         0.096     3.602 r  clk_IBUF_BUFG_inst/O
                         net (fo=104, routed)         1.722     5.325    i_UART_RX/clk_IBUF_BUFG
    SLICE_X0Y88          FDRE                                         r  i_UART_RX/bittimer_reg[0]/C
  -------------------------------------------------------------------    -------------------
    SLICE_X0Y88          FDRE (Prop_fdre_C_Q)         0.456     5.781 r  i_UART_RX/bittimer_reg[0]/Q
                         net (fo=13, routed)          1.345     7.126    i_UART_RX/bittimer_reg_n_0_[0]
    SLICE_X2Y86          LUT5 (Prop_lut5_I3_O)        0.152     7.278 f  i_UART_RX/bittimer[10]_i_6/O
                         net (fo=1, routed)           0.310     7.588    i_UART_RX/bittimer[10]_i_6_n_0
    SLICE_X2Y87          LUT6 (Prop_lut6_I3_O)        0.348     7.936 r  i_UART_RX/bittimer[10]_i_1/O
                         net (fo=10, routed)          0.551     8.487    i_UART_RX/bittimer[10]_i_1_n_0
    SLICE_X0Y87          FDRE                                         r  i_UART_RX/bittimer_reg[1]/R
  -------------------------------------------------------------------    -------------------

                         (clock sys_clk_pin rise edge)
                                                     10.000    10.000 r  
    E3                                                0.000    10.000 r  clk (IN)
                         net (fo=0)                   0.000    10.000    clk
    E3                   IBUF (Prop_ibuf_I_O)         1.411    11.411 r  clk_IBUF_inst/O
                         net (fo=1, routed)           1.920    13.331    clk_IBUF
    BUFGCTRL_X0Y16       BUFG (Prop_bufg_I_O)         0.091    13.422 r  clk_IBUF_BUFG_inst/O
                         net (fo=104, routed)         1.601    15.024    i_UART_RX/clk_IBUF_BUFG
    SLICE_X0Y87          FDRE                                         r  i_UART_RX/bittimer_reg[1]/C
                         clock pessimism              0.275    15.299    
                         clock uncertainty           -0.035    15.263    
    SLICE_X0Y87          FDRE (Setup_fdre_C_R)       -0.429    14.834    i_UART_RX/bittimer_reg[1]
  -------------------------------------------------------------------
                         required time                         14.834    
                         arrival time                          -8.487    
  -------------------------------------------------------------------
                         slack                                  6.347    





Min Delay Paths
--------------------------------------------------------------------------------------
Slack (MET) :             0.196ns  (arrival time - required time)
  Source:                 anodes_reg[1]/C
                            (rising edge-triggered cell FDRE clocked by sys_clk_pin  {rise@0.000ns fall@5.000ns period=10.000ns})
  Destination:            anodes_reg[2]_lopt_replica/D
                            (rising edge-triggered cell FDRE clocked by sys_clk_pin  {rise@0.000ns fall@5.000ns period=10.000ns})
  Path Group:             sys_clk_pin
  Path Type:              Hold (Min at Fast Process Corner)
  Requirement:            0.000ns  (sys_clk_pin rise@0.000ns - sys_clk_pin rise@0.000ns)
  Data Path Delay:        0.304ns  (logic 0.141ns (46.358%)  route 0.163ns (53.642%))
  Logic Levels:           0  
  Clock Path Skew:        0.038ns (DCD - SCD - CPR)
    Destination Clock Delay (DCD):    2.035ns
    Source Clock Delay      (SCD):    1.517ns
    Clock Pessimism Removal (CPR):    0.479ns

    Location             Delay type                Incr(ns)  Path(ns)    Netlist Resource(s)
  -------------------------------------------------------------------    -------------------
                         (clock sys_clk_pin rise edge)
                                                      0.000     0.000 r  
    E3                                                0.000     0.000 r  clk (IN)
                         net (fo=0)                   0.000     0.000    clk
    E3                   IBUF (Prop_ibuf_I_O)         0.250     0.250 r  clk_IBUF_inst/O
                         net (fo=1, routed)           0.644     0.894    clk_IBUF
    BUFGCTRL_X0Y16       BUFG (Prop_bufg_I_O)         0.026     0.920 r  clk_IBUF_BUFG_inst/O
                         net (fo=104, routed)         0.598     1.517    clk_IBUF_BUFG
    SLICE_X4Y83          FDRE                                         r  anodes_reg[1]/C
  -------------------------------------------------------------------    -------------------
    SLICE_X4Y83          FDRE (Prop_fdre_C_Q)         0.141     1.658 r  anodes_reg[1]/Q
                         net (fo=19, routed)          0.163     1.821    anodes_o_OBUF[1]
    SLICE_X3Y83          FDRE                                         r  anodes_reg[2]_lopt_replica/D
  -------------------------------------------------------------------    -------------------

                         (clock sys_clk_pin rise edge)
                                                      0.000     0.000 r  
    E3                                                0.000     0.000 r  clk (IN)
                         net (fo=0)                   0.000     0.000    clk
    E3                   IBUF (Prop_ibuf_I_O)         0.438     0.438 r  clk_IBUF_inst/O
                         net (fo=1, routed)           0.699     1.136    clk_IBUF
    BUFGCTRL_X0Y16       BUFG (Prop_bufg_I_O)         0.029     1.165 r  clk_IBUF_BUFG_inst/O
                         net (fo=104, routed)         0.870     2.035    clk_IBUF_BUFG
    SLICE_X3Y83          FDRE                                         r  anodes_reg[2]_lopt_replica/C
                         clock pessimism             -0.479     1.555    
    SLICE_X3Y83          FDRE (Hold_fdre_C_D)         0.070     1.625    anodes_reg[2]_lopt_replica
  -------------------------------------------------------------------
                         required time                         -1.625    
                         arrival time                           1.821    
  -------------------------------------------------------------------
                         slack                                  0.196    

Slack (MET) :             0.198ns  (arrival time - required time)
  Source:                 col0_birler_reg[2]/C
                            (rising edge-triggered cell FDRE clocked by sys_clk_pin  {rise@0.000ns fall@5.000ns period=10.000ns})
  Destination:            rc2_onlar_reg[1]/D
                            (rising edge-triggered cell FDRE clocked by sys_clk_pin  {rise@0.000ns fall@5.000ns period=10.000ns})
  Path Group:             sys_clk_pin
  Path Type:              Hold (Min at Fast Process Corner)
  Requirement:            0.000ns  (sys_clk_pin rise@0.000ns - sys_clk_pin rise@0.000ns)
  Data Path Delay:        0.344ns  (logic 0.189ns (54.982%)  route 0.155ns (45.018%))
  Logic Levels:           1  (LUT2=1)
  Clock Path Skew:        0.015ns (DCD - SCD - CPR)
    Destination Clock Delay (DCD):    2.032ns
    Source Clock Delay      (SCD):    1.516ns
    Clock Pessimism Removal (CPR):    0.500ns

    Location             Delay type                Incr(ns)  Path(ns)    Netlist Resource(s)
  -------------------------------------------------------------------    -------------------
                         (clock sys_clk_pin rise edge)
                                                      0.000     0.000 r  
    E3                                                0.000     0.000 r  clk (IN)
                         net (fo=0)                   0.000     0.000    clk
    E3                   IBUF (Prop_ibuf_I_O)         0.250     0.250 r  clk_IBUF_inst/O
                         net (fo=1, routed)           0.644     0.894    clk_IBUF
    BUFGCTRL_X0Y16       BUFG (Prop_bufg_I_O)         0.026     0.920 r  clk_IBUF_BUFG_inst/O
                         net (fo=104, routed)         0.597     1.516    clk_IBUF_BUFG
    SLICE_X5Y82          FDRE                                         r  col0_birler_reg[2]/C
  -------------------------------------------------------------------    -------------------
    SLICE_X5Y82          FDRE (Prop_fdre_C_Q)         0.141     1.657 r  col0_birler_reg[2]/Q
                         net (fo=3, routed)           0.155     1.812    col0_birler[2]
    SLICE_X6Y83          LUT2 (Prop_lut2_I0_O)        0.048     1.860 r  rc2_onlar[1]_i_1/O
                         net (fo=1, routed)           0.000     1.860    rc2_onlar[1]_i_1_n_0
    SLICE_X6Y83          FDRE                                         r  rc2_onlar_reg[1]/D
  -------------------------------------------------------------------    -------------------

                         (clock sys_clk_pin rise edge)
                                                      0.000     0.000 r  
    E3                                                0.000     0.000 r  clk (IN)
                         net (fo=0)                   0.000     0.000    clk
    E3                   IBUF (Prop_ibuf_I_O)         0.438     0.438 r  clk_IBUF_inst/O
                         net (fo=1, routed)           0.699     1.136    clk_IBUF
    BUFGCTRL_X0Y16       BUFG (Prop_bufg_I_O)         0.029     1.165 r  clk_IBUF_BUFG_inst/O
                         net (fo=104, routed)         0.867     2.032    clk_IBUF_BUFG
    SLICE_X6Y83          FDRE                                         r  rc2_onlar_reg[1]/C
                         clock pessimism             -0.500     1.531    
    SLICE_X6Y83          FDRE (Hold_fdre_C_D)         0.131     1.662    rc2_onlar_reg[1]
  -------------------------------------------------------------------
                         required time                         -1.662    
                         arrival time                           1.860    
  -------------------------------------------------------------------
                         slack                                  0.198    

Slack (MET) :             0.199ns  (arrival time - required time)
  Source:                 anodes_reg[3]/C
                            (rising edge-triggered cell FDRE clocked by sys_clk_pin  {rise@0.000ns fall@5.000ns period=10.000ns})
  Destination:            anodes_reg[4]/D
                            (rising edge-triggered cell FDRE clocked by sys_clk_pin  {rise@0.000ns fall@5.000ns period=10.000ns})
  Path Group:             sys_clk_pin
  Path Type:              Hold (Min at Fast Process Corner)
  Requirement:            0.000ns  (sys_clk_pin rise@0.000ns - sys_clk_pin rise@0.000ns)
  Data Path Delay:        0.274ns  (logic 0.141ns (51.505%)  route 0.133ns (48.495%))
  Logic Levels:           0  
  Clock Path Skew:        0.000ns (DCD - SCD - CPR)
    Destination Clock Delay (DCD):    2.037ns
    Source Clock Delay      (SCD):    1.519ns
    Clock Pessimism Removal (CPR):    0.517ns

    Location             Delay type                Incr(ns)  Path(ns)    Netlist Resource(s)
  -------------------------------------------------------------------    -------------------
                         (clock sys_clk_pin rise edge)
                                                      0.000     0.000 r  
    E3                                                0.000     0.000 r  clk (IN)
                         net (fo=0)                   0.000     0.000    clk
    E3                   IBUF (Prop_ibuf_I_O)         0.250     0.250 r  clk_IBUF_inst/O
                         net (fo=1, routed)           0.644     0.894    clk_IBUF
    BUFGCTRL_X0Y16       BUFG (Prop_bufg_I_O)         0.026     0.920 r  clk_IBUF_BUFG_inst/O
                         net (fo=104, routed)         0.600     1.519    clk_IBUF_BUFG
    SLICE_X3Y85          FDRE                                         r  anodes_reg[3]/C
  -------------------------------------------------------------------    -------------------
    SLICE_X3Y85          FDRE (Prop_fdre_C_Q)         0.141     1.660 r  anodes_reg[3]/Q
                         net (fo=9, routed)           0.133     1.793    anodes_o_OBUF[3]
    SLICE_X3Y85          FDRE                                         r  anodes_reg[4]/D
  -------------------------------------------------------------------    -------------------

                         (clock sys_clk_pin rise edge)
                                                      0.000     0.000 r  
    E3                                                0.000     0.000 r  clk (IN)
                         net (fo=0)                   0.000     0.000    clk
    E3                   IBUF (Prop_ibuf_I_O)         0.438     0.438 r  clk_IBUF_inst/O
                         net (fo=1, routed)           0.699     1.136    clk_IBUF
    BUFGCTRL_X0Y16       BUFG (Prop_bufg_I_O)         0.029     1.165 r  clk_IBUF_BUFG_inst/O
                         net (fo=104, routed)         0.872     2.037    clk_IBUF_BUFG
    SLICE_X3Y85          FDRE                                         r  anodes_reg[4]/C
                         clock pessimism             -0.517     1.519    
    SLICE_X3Y85          FDRE (Hold_fdre_C_D)         0.075     1.594    anodes_reg[4]
  -------------------------------------------------------------------
                         required time                         -1.594    
                         arrival time                           1.793    
  -------------------------------------------------------------------
                         slack                                  0.199    

Slack (MET) :             0.202ns  (arrival time - required time)
  Source:                 anodes_reg[0]/C
                            (rising edge-triggered cell FDRE clocked by sys_clk_pin  {rise@0.000ns fall@5.000ns period=10.000ns})
  Destination:            seven_seg_o_reg[6]/D
                            (rising edge-triggered cell FDRE clocked by sys_clk_pin  {rise@0.000ns fall@5.000ns period=10.000ns})
  Path Group:             sys_clk_pin
  Path Type:              Hold (Min at Fast Process Corner)
  Requirement:            0.000ns  (sys_clk_pin rise@0.000ns - sys_clk_pin rise@0.000ns)
  Data Path Delay:        0.307ns  (logic 0.186ns (60.582%)  route 0.121ns (39.418%))
  Logic Levels:           1  (LUT6=1)
  Clock Path Skew:        0.013ns (DCD - SCD - CPR)
    Destination Clock Delay (DCD):    2.032ns
    Source Clock Delay      (SCD):    1.517ns
    Clock Pessimism Removal (CPR):    0.501ns

    Location             Delay type                Incr(ns)  Path(ns)    Netlist Resource(s)
  -------------------------------------------------------------------    -------------------
                         (clock sys_clk_pin rise edge)
                                                      0.000     0.000 r  
    E3                                                0.000     0.000 r  clk (IN)
                         net (fo=0)                   0.000     0.000    clk
    E3                   IBUF (Prop_ibuf_I_O)         0.250     0.250 r  clk_IBUF_inst/O
                         net (fo=1, routed)           0.644     0.894    clk_IBUF
    BUFGCTRL_X0Y16       BUFG (Prop_bufg_I_O)         0.026     0.920 r  clk_IBUF_BUFG_inst/O
                         net (fo=104, routed)         0.598     1.517    clk_IBUF_BUFG
    SLICE_X4Y83          FDRE                                         r  anodes_reg[0]/C
  -------------------------------------------------------------------    -------------------
    SLICE_X4Y83          FDRE (Prop_fdre_C_Q)         0.141     1.658 r  anodes_reg[0]/Q
                         net (fo=16, routed)          0.121     1.779    anodes_o_OBUF[0]
    SLICE_X5Y83          LUT6 (Prop_lut6_I1_O)        0.045     1.824 r  seven_seg_o[6]_i_1/O
                         net (fo=1, routed)           0.000     1.824    seven_seg_o[6]_i_1_n_0
    SLICE_X5Y83          FDRE                                         r  seven_seg_o_reg[6]/D
  -------------------------------------------------------------------    -------------------

                         (clock sys_clk_pin rise edge)
                                                      0.000     0.000 r  
    E3                                                0.000     0.000 r  clk (IN)
                         net (fo=0)                   0.000     0.000    clk
    E3                   IBUF (Prop_ibuf_I_O)         0.438     0.438 r  clk_IBUF_inst/O
                         net (fo=1, routed)           0.699     1.136    clk_IBUF
    BUFGCTRL_X0Y16       BUFG (Prop_bufg_I_O)         0.029     1.165 r  clk_IBUF_BUFG_inst/O
                         net (fo=104, routed)         0.867     2.032    clk_IBUF_BUFG
    SLICE_X5Y83          FDRE                                         r  seven_seg_o_reg[6]/C
                         clock pessimism             -0.501     1.530    
    SLICE_X5Y83          FDRE (Hold_fdre_C_D)         0.092     1.622    seven_seg_o_reg[6]
  -------------------------------------------------------------------
                         required time                         -1.622    
                         arrival time                           1.824    
  -------------------------------------------------------------------
                         slack                                  0.202    

Slack (MET) :             0.216ns  (arrival time - required time)
  Source:                 anodes_reg[5]/C
                            (rising edge-triggered cell FDRE clocked by sys_clk_pin  {rise@0.000ns fall@5.000ns period=10.000ns})
  Destination:            anodes_reg[0]/D
                            (rising edge-triggered cell FDRE clocked by sys_clk_pin  {rise@0.000ns fall@5.000ns period=10.000ns})
  Path Group:             sys_clk_pin
  Path Type:              Hold (Min at Fast Process Corner)
  Requirement:            0.000ns  (sys_clk_pin rise@0.000ns - sys_clk_pin rise@0.000ns)
  Data Path Delay:        0.286ns  (logic 0.141ns (49.297%)  route 0.145ns (50.703%))
  Logic Levels:           0  
  Clock Path Skew:        0.000ns (DCD - SCD - CPR)
    Destination Clock Delay (DCD):    2.032ns
    Source Clock Delay      (SCD):    1.517ns
    Clock Pessimism Removal (CPR):    0.514ns

    Location             Delay type                Incr(ns)  Path(ns)    Netlist Resource(s)
  -------------------------------------------------------------------    -------------------
                         (clock sys_clk_pin rise edge)
                                                      0.000     0.000 r  
    E3                                                0.000     0.000 r  clk (IN)
                         net (fo=0)                   0.000     0.000    clk
    E3                   IBUF (Prop_ibuf_I_O)         0.250     0.250 r  clk_IBUF_inst/O
                         net (fo=1, routed)           0.644     0.894    clk_IBUF
    BUFGCTRL_X0Y16       BUFG (Prop_bufg_I_O)         0.026     0.920 r  clk_IBUF_BUFG_inst/O
                         net (fo=104, routed)         0.598     1.517    clk_IBUF_BUFG
    SLICE_X4Y83          FDRE                                         r  anodes_reg[5]/C
  -------------------------------------------------------------------    -------------------
    SLICE_X4Y83          FDRE (Prop_fdre_C_Q)         0.141     1.658 r  anodes_reg[5]/Q
                         net (fo=9, routed)           0.145     1.803    anodes_o_OBUF[5]
    SLICE_X4Y83          FDRE                                         r  anodes_reg[0]/D
  -------------------------------------------------------------------    -------------------

                         (clock sys_clk_pin rise edge)
                                                      0.000     0.000 r  
    E3                                                0.000     0.000 r  clk (IN)
                         net (fo=0)                   0.000     0.000    clk
    E3                   IBUF (Prop_ibuf_I_O)         0.438     0.438 r  clk_IBUF_inst/O
                         net (fo=1, routed)           0.699     1.136    clk_IBUF
    BUFGCTRL_X0Y16       BUFG (Prop_bufg_I_O)         0.029     1.165 r  clk_IBUF_BUFG_inst/O
                         net (fo=104, routed)         0.867     2.032    clk_IBUF_BUFG
    SLICE_X4Y83          FDRE                                         r  anodes_reg[0]/C
                         clock pessimism             -0.514     1.517    
    SLICE_X4Y83          FDRE (Hold_fdre_C_D)         0.070     1.587    anodes_reg[0]
  -------------------------------------------------------------------
                         required time                         -1.587    
                         arrival time                           1.803    
  -------------------------------------------------------------------
                         slack                                  0.216    

Slack (MET) :             0.218ns  (arrival time - required time)
  Source:                 i_UART_RX/bittimer_reg[4]/C
                            (rising edge-triggered cell FDRE clocked by sys_clk_pin  {rise@0.000ns fall@5.000ns period=10.000ns})
  Destination:            i_UART_RX/bittimer_reg[5]/D
                            (rising edge-triggered cell FDRE clocked by sys_clk_pin  {rise@0.000ns fall@5.000ns period=10.000ns})
  Path Group:             sys_clk_pin
  Path Type:              Hold (Min at Fast Process Corner)
  Requirement:            0.000ns  (sys_clk_pin rise@0.000ns - sys_clk_pin rise@0.000ns)
  Data Path Delay:        0.310ns  (logic 0.227ns (73.136%)  route 0.083ns (26.864%))
  Logic Levels:           1  (LUT6=1)
  Clock Path Skew:        0.000ns (DCD - SCD - CPR)
    Destination Clock Delay (DCD):    2.037ns
    Source Clock Delay      (SCD):    1.519ns
    Clock Pessimism Removal (CPR):    0.517ns

    Location             Delay type                Incr(ns)  Path(ns)    Netlist Resource(s)
  -------------------------------------------------------------------    -------------------
                         (clock sys_clk_pin rise edge)
                                                      0.000     0.000 r  
    E3                                                0.000     0.000 r  clk (IN)
                         net (fo=0)                   0.000     0.000    clk
    E3                   IBUF (Prop_ibuf_I_O)         0.250     0.250 r  clk_IBUF_inst/O
                         net (fo=1, routed)           0.644     0.894    clk_IBUF
    BUFGCTRL_X0Y16       BUFG (Prop_bufg_I_O)         0.026     0.920 r  clk_IBUF_BUFG_inst/O
                         net (fo=104, routed)         0.600     1.519    i_UART_RX/clk_IBUF_BUFG
    SLICE_X3Y86          FDRE                                         r  i_UART_RX/bittimer_reg[4]/C
  -------------------------------------------------------------------    -------------------
    SLICE_X3Y86          FDRE (Prop_fdre_C_Q)         0.128     1.647 r  i_UART_RX/bittimer_reg[4]/Q
                         net (fo=8, routed)           0.083     1.731    i_UART_RX/bittimer_reg_n_0_[4]
    SLICE_X3Y86          LUT6 (Prop_lut6_I4_O)        0.099     1.830 r  i_UART_RX/bittimer[5]_i_1/O
                         net (fo=1, routed)           0.000     1.830    i_UART_RX/bittimer[5]_i_1_n_0
    SLICE_X3Y86          FDRE                                         r  i_UART_RX/bittimer_reg[5]/D
  -------------------------------------------------------------------    -------------------

                         (clock sys_clk_pin rise edge)
                                                      0.000     0.000 r  
    E3                                                0.000     0.000 r  clk (IN)
                         net (fo=0)                   0.000     0.000    clk
    E3                   IBUF (Prop_ibuf_I_O)         0.438     0.438 r  clk_IBUF_inst/O
                         net (fo=1, routed)           0.699     1.136    clk_IBUF
    BUFGCTRL_X0Y16       BUFG (Prop_bufg_I_O)         0.029     1.165 r  clk_IBUF_BUFG_inst/O
                         net (fo=104, routed)         0.872     2.037    i_UART_RX/clk_IBUF_BUFG
    SLICE_X3Y86          FDRE                                         r  i_UART_RX/bittimer_reg[5]/C
                         clock pessimism             -0.517     1.519    
    SLICE_X3Y86          FDRE (Hold_fdre_C_D)         0.092     1.611    i_UART_RX/bittimer_reg[5]
  -------------------------------------------------------------------
                         required time                         -1.611    
                         arrival time                           1.830    
  -------------------------------------------------------------------
                         slack                                  0.218    

Slack (MET) :             0.223ns  (arrival time - required time)
  Source:                 i_UART_RX/shreg_reg[7]/C
                            (rising edge-triggered cell FDRE clocked by sys_clk_pin  {rise@0.000ns fall@5.000ns period=10.000ns})
  Destination:            rx_data_led_o_reg[7]/D
                            (rising edge-triggered cell FDRE clocked by sys_clk_pin  {rise@0.000ns fall@5.000ns period=10.000ns})
  Path Group:             sys_clk_pin
  Path Type:              Hold (Min at Fast Process Corner)
  Requirement:            0.000ns  (sys_clk_pin rise@0.000ns - sys_clk_pin rise@0.000ns)
  Data Path Delay:        0.258ns  (logic 0.128ns (49.519%)  route 0.130ns (50.481%))
  Logic Levels:           0  
  Clock Path Skew:        0.013ns (DCD - SCD - CPR)
    Destination Clock Delay (DCD):    2.037ns
    Source Clock Delay      (SCD):    1.519ns
    Clock Pessimism Removal (CPR):    0.504ns

    Location             Delay type                Incr(ns)  Path(ns)    Netlist Resource(s)
  -------------------------------------------------------------------    -------------------
                         (clock sys_clk_pin rise edge)
                                                      0.000     0.000 r  
    E3                                                0.000     0.000 r  clk (IN)
                         net (fo=0)                   0.000     0.000    clk
    E3                   IBUF (Prop_ibuf_I_O)         0.250     0.250 r  clk_IBUF_inst/O
                         net (fo=1, routed)           0.644     0.894    clk_IBUF
    BUFGCTRL_X0Y16       BUFG (Prop_bufg_I_O)         0.026     0.920 r  clk_IBUF_BUFG_inst/O
                         net (fo=104, routed)         0.600     1.519    i_UART_RX/clk_IBUF_BUFG
    SLICE_X1Y86          FDRE                                         r  i_UART_RX/shreg_reg[7]/C
  -------------------------------------------------------------------    -------------------
    SLICE_X1Y86          FDRE (Prop_fdre_C_Q)         0.128     1.647 r  i_UART_RX/shreg_reg[7]/Q
                         net (fo=2, routed)           0.130     1.778    shreg[7]
    SLICE_X0Y86          FDRE                                         r  rx_data_led_o_reg[7]/D
  -------------------------------------------------------------------    -------------------

                         (clock sys_clk_pin rise edge)
                                                      0.000     0.000 r  
    E3                                                0.000     0.000 r  clk (IN)
                         net (fo=0)                   0.000     0.000    clk
    E3                   IBUF (Prop_ibuf_I_O)         0.438     0.438 r  clk_IBUF_inst/O
                         net (fo=1, routed)           0.699     1.136    clk_IBUF
    BUFGCTRL_X0Y16       BUFG (Prop_bufg_I_O)         0.029     1.165 r  clk_IBUF_BUFG_inst/O
                         net (fo=104, routed)         0.872     2.037    clk_IBUF_BUFG
    SLICE_X0Y86          FDRE                                         r  rx_data_led_o_reg[7]/C
                         clock pessimism             -0.504     1.532    
    SLICE_X0Y86          FDRE (Hold_fdre_C_D)         0.022     1.554    rx_data_led_o_reg[7]
  -------------------------------------------------------------------
                         required time                         -1.554    
                         arrival time                           1.778    
  -------------------------------------------------------------------
                         slack                                  0.223    

Slack (MET) :             0.224ns  (arrival time - required time)
  Source:                 i_UART_RX/shreg_reg[0]/C
                            (rising edge-triggered cell FDRE clocked by sys_clk_pin  {rise@0.000ns fall@5.000ns period=10.000ns})
  Destination:            rx_data_led_o_reg[0]/D
                            (rising edge-triggered cell FDRE clocked by sys_clk_pin  {rise@0.000ns fall@5.000ns period=10.000ns})
  Path Group:             sys_clk_pin
  Path Type:              Hold (Min at Fast Process Corner)
  Requirement:            0.000ns  (sys_clk_pin rise@0.000ns - sys_clk_pin rise@0.000ns)
  Data Path Delay:        0.311ns  (logic 0.141ns (45.298%)  route 0.170ns (54.702%))
  Logic Levels:           0  
  Clock Path Skew:        0.017ns (DCD - SCD - CPR)
    Destination Clock Delay (DCD):    2.040ns
    Source Clock Delay      (SCD):    1.520ns
    Clock Pessimism Removal (CPR):    0.502ns

    Location             Delay type                Incr(ns)  Path(ns)    Netlist Resource(s)
  -------------------------------------------------------------------    -------------------
                         (clock sys_clk_pin rise edge)
                                                      0.000     0.000 r  
    E3                                                0.000     0.000 r  clk (IN)
                         net (fo=0)                   0.000     0.000    clk
    E3                   IBUF (Prop_ibuf_I_O)         0.250     0.250 r  clk_IBUF_inst/O
                         net (fo=1, routed)           0.644     0.894    clk_IBUF
    BUFGCTRL_X0Y16       BUFG (Prop_bufg_I_O)         0.026     0.920 r  clk_IBUF_BUFG_inst/O
                         net (fo=104, routed)         0.601     1.520    i_UART_RX/clk_IBUF_BUFG
    SLICE_X1Y87          FDRE                                         r  i_UART_RX/shreg_reg[0]/C
  -------------------------------------------------------------------    -------------------
    SLICE_X1Y87          FDRE (Prop_fdre_C_Q)         0.141     1.661 r  i_UART_RX/shreg_reg[0]/Q
                         net (fo=1, routed)           0.170     1.832    shreg[0]
    SLICE_X1Y88          FDRE                                         r  rx_data_led_o_reg[0]/D
  -------------------------------------------------------------------    -------------------

                         (clock sys_clk_pin rise edge)
                                                      0.000     0.000 r  
    E3                                                0.000     0.000 r  clk (IN)
                         net (fo=0)                   0.000     0.000    clk
    E3                   IBUF (Prop_ibuf_I_O)         0.438     0.438 r  clk_IBUF_inst/O
                         net (fo=1, routed)           0.699     1.136    clk_IBUF
    BUFGCTRL_X0Y16       BUFG (Prop_bufg_I_O)         0.029     1.165 r  clk_IBUF_BUFG_inst/O
                         net (fo=104, routed)         0.875     2.040    clk_IBUF_BUFG
    SLICE_X1Y88          FDRE                                         r  rx_data_led_o_reg[0]/C
                         clock pessimism             -0.502     1.537    
    SLICE_X1Y88          FDRE (Hold_fdre_C_D)         0.070     1.607    rx_data_led_o_reg[0]
  -------------------------------------------------------------------
                         required time                         -1.607    
                         arrival time                           1.832    
  -------------------------------------------------------------------
                         slack                                  0.224    

Slack (MET) :             0.229ns  (arrival time - required time)
  Source:                 i_UART_RX/shreg_reg[2]/C
                            (rising edge-triggered cell FDRE clocked by sys_clk_pin  {rise@0.000ns fall@5.000ns period=10.000ns})
  Destination:            i_UART_RX/shreg_reg[1]/D
                            (rising edge-triggered cell FDRE clocked by sys_clk_pin  {rise@0.000ns fall@5.000ns period=10.000ns})
  Path Group:             sys_clk_pin
  Path Type:              Hold (Min at Fast Process Corner)
  Requirement:            0.000ns  (sys_clk_pin rise@0.000ns - sys_clk_pin rise@0.000ns)
  Data Path Delay:        0.317ns  (logic 0.141ns (44.514%)  route 0.176ns (55.486%))
  Logic Levels:           0  
  Clock Path Skew:        0.016ns (DCD - SCD - CPR)
    Destination Clock Delay (DCD):    2.038ns
    Source Clock Delay      (SCD):    1.519ns
    Clock Pessimism Removal (CPR):    0.502ns

    Location             Delay type                Incr(ns)  Path(ns)    Netlist Resource(s)
  -------------------------------------------------------------------    -------------------
                         (clock sys_clk_pin rise edge)
                                                      0.000     0.000 r  
    E3                                                0.000     0.000 r  clk (IN)
                         net (fo=0)                   0.000     0.000    clk
    E3                   IBUF (Prop_ibuf_I_O)         0.250     0.250 r  clk_IBUF_inst/O
                         net (fo=1, routed)           0.644     0.894    clk_IBUF
    BUFGCTRL_X0Y16       BUFG (Prop_bufg_I_O)         0.026     0.920 r  clk_IBUF_BUFG_inst/O
                         net (fo=104, routed)         0.600     1.519    i_UART_RX/clk_IBUF_BUFG
    SLICE_X1Y86          FDRE                                         r  i_UART_RX/shreg_reg[2]/C
  -------------------------------------------------------------------    -------------------
    SLICE_X1Y86          FDRE (Prop_fdre_C_Q)         0.141     1.660 r  i_UART_RX/shreg_reg[2]/Q
                         net (fo=2, routed)           0.176     1.836    i_UART_RX/Q[2]
    SLICE_X1Y87          FDRE                                         r  i_UART_RX/shreg_reg[1]/D
  -------------------------------------------------------------------    -------------------

                         (clock sys_clk_pin rise edge)
                                                      0.000     0.000 r  
    E3                                                0.000     0.000 r  clk (IN)
                         net (fo=0)                   0.000     0.000    clk
    E3                   IBUF (Prop_ibuf_I_O)         0.438     0.438 r  clk_IBUF_inst/O
                         net (fo=1, routed)           0.699     1.136    clk_IBUF
    BUFGCTRL_X0Y16       BUFG (Prop_bufg_I_O)         0.029     1.165 r  clk_IBUF_BUFG_inst/O
                         net (fo=104, routed)         0.873     2.038    i_UART_RX/clk_IBUF_BUFG
    SLICE_X1Y87          FDRE                                         r  i_UART_RX/shreg_reg[1]/C
                         clock pessimism             -0.502     1.535    
    SLICE_X1Y87          FDRE (Hold_fdre_C_D)         0.072     1.607    i_UART_RX/shreg_reg[1]
  -------------------------------------------------------------------
                         required time                         -1.607    
                         arrival time                           1.836    
  -------------------------------------------------------------------
                         slack                                  0.229    

Slack (MET) :             0.230ns  (arrival time - required time)
  Source:                 col0_birler_reg[1]/C
                            (rising edge-triggered cell FDRE clocked by sys_clk_pin  {rise@0.000ns fall@5.000ns period=10.000ns})
  Destination:            rc0_birler_reg[1]/D
                            (rising edge-triggered cell FDRE clocked by sys_clk_pin  {rise@0.000ns fall@5.000ns period=10.000ns})
  Path Group:             sys_clk_pin
  Path Type:              Hold (Min at Fast Process Corner)
  Requirement:            0.000ns  (sys_clk_pin rise@0.000ns - sys_clk_pin rise@0.000ns)
  Data Path Delay:        0.366ns  (logic 0.209ns (57.088%)  route 0.157ns (42.912%))
  Logic Levels:           1  (LUT3=1)
  Clock Path Skew:        0.015ns (DCD - SCD - CPR)
    Destination Clock Delay (DCD):    2.032ns
    Source Clock Delay      (SCD):    1.516ns
    Clock Pessimism Removal (CPR):    0.500ns

    Location             Delay type                Incr(ns)  Path(ns)    Netlist Resource(s)
  -------------------------------------------------------------------    -------------------
                         (clock sys_clk_pin rise edge)
                                                      0.000     0.000 r  
    E3                                                0.000     0.000 r  clk (IN)
                         net (fo=0)                   0.000     0.000    clk
    E3                   IBUF (Prop_ibuf_I_O)         0.250     0.250 r  clk_IBUF_inst/O
                         net (fo=1, routed)           0.644     0.894    clk_IBUF
    BUFGCTRL_X0Y16       BUFG (Prop_bufg_I_O)         0.026     0.920 r  clk_IBUF_BUFG_inst/O
                         net (fo=104, routed)         0.597     1.516    clk_IBUF_BUFG
    SLICE_X6Y82          FDRE                                         r  col0_birler_reg[1]/C
  -------------------------------------------------------------------    -------------------
    SLICE_X6Y82          FDRE (Prop_fdre_C_Q)         0.164     1.680 r  col0_birler_reg[1]/Q
                         net (fo=2, routed)           0.157     1.837    col0_birler[1]
    SLICE_X6Y83          LUT3 (Prop_lut3_I1_O)        0.045     1.882 r  rc0_birler[1]_i_1/O
                         net (fo=1, routed)           0.000     1.882    rc0_birler[1]_i_1_n_0
    SLICE_X6Y83          FDRE                                         r  rc0_birler_reg[1]/D
  -------------------------------------------------------------------    -------------------

                         (clock sys_clk_pin rise edge)
                                                      0.000     0.000 r  
    E3                                                0.000     0.000 r  clk (IN)
                         net (fo=0)                   0.000     0.000    clk
    E3                   IBUF (Prop_ibuf_I_O)         0.438     0.438 r  clk_IBUF_inst/O
                         net (fo=1, routed)           0.699     1.136    clk_IBUF
    BUFGCTRL_X0Y16       BUFG (Prop_bufg_I_O)         0.029     1.165 r  clk_IBUF_BUFG_inst/O
                         net (fo=104, routed)         0.867     2.032    clk_IBUF_BUFG
    SLICE_X6Y83          FDRE                                         r  rc0_birler_reg[1]/C
                         clock pessimism             -0.500     1.531    
    SLICE_X6Y83          FDRE (Hold_fdre_C_D)         0.121     1.652    rc0_birler_reg[1]
  -------------------------------------------------------------------
                         required time                         -1.652    
                         arrival time                           1.882    
  -------------------------------------------------------------------
                         slack                                  0.230    





Pulse Width Checks
--------------------------------------------------------------------------------------
Clock Name:         sys_clk_pin
Waveform(ns):       { 0.000 5.000 }
Period(ns):         10.000
Sources:            { clk }

Check Type        Corner  Lib Pin  Reference Pin  Required(ns)  Actual(ns)  Slack(ns)  Location        Pin
Min Period        n/a     BUFG/I   n/a            2.155         10.000      7.845      BUFGCTRL_X0Y16  clk_IBUF_BUFG_inst/I
Min Period        n/a     FDRE/C   n/a            1.000         10.000      9.000      SLICE_X4Y83     anodes_reg[0]/C
Min Period        n/a     FDRE/C   n/a            1.000         10.000      9.000      SLICE_X3Y85     anodes_reg[0]_lopt_replica/C
Min Period        n/a     FDRE/C   n/a            1.000         10.000      9.000      SLICE_X4Y83     anodes_reg[1]/C
Min Period        n/a     FDRE/C   n/a            1.000         10.000      9.000      SLICE_X3Y85     anodes_reg[1]_lopt_replica/C
Min Period        n/a     FDRE/C   n/a            1.000         10.000      9.000      SLICE_X4Y83     anodes_reg[2]/C
Min Period        n/a     FDRE/C   n/a            1.000         10.000      9.000      SLICE_X3Y83     anodes_reg[2]_lopt_replica/C
Min Period        n/a     FDRE/C   n/a            1.000         10.000      9.000      SLICE_X3Y85     anodes_reg[3]/C
Min Period        n/a     FDRE/C   n/a            1.000         10.000      9.000      SLICE_X3Y85     anodes_reg[3]_lopt_replica/C
Min Period        n/a     FDRE/C   n/a            1.000         10.000      9.000      SLICE_X3Y85     anodes_reg[4]/C
Low Pulse Width   Slow    FDRE/C   n/a            0.500         5.000       4.500      SLICE_X4Y83     anodes_reg[0]/C
Low Pulse Width   Fast    FDRE/C   n/a            0.500         5.000       4.500      SLICE_X4Y83     anodes_reg[0]/C
Low Pulse Width   Slow    FDRE/C   n/a            0.500         5.000       4.500      SLICE_X3Y85     anodes_reg[0]_lopt_replica/C
Low Pulse Width   Fast    FDRE/C   n/a            0.500         5.000       4.500      SLICE_X3Y85     anodes_reg[0]_lopt_replica/C
Low Pulse Width   Slow    FDRE/C   n/a            0.500         5.000       4.500      SLICE_X4Y83     anodes_reg[1]/C
Low Pulse Width   Fast    FDRE/C   n/a            0.500         5.000       4.500      SLICE_X4Y83     anodes_reg[1]/C
Low Pulse Width   Slow    FDRE/C   n/a            0.500         5.000       4.500      SLICE_X3Y85     anodes_reg[1]_lopt_replica/C
Low Pulse Width   Fast    FDRE/C   n/a            0.500         5.000       4.500      SLICE_X3Y85     anodes_reg[1]_lopt_replica/C
Low Pulse Width   Slow    FDRE/C   n/a            0.500         5.000       4.500      SLICE_X4Y83     anodes_reg[2]/C
Low Pulse Width   Fast    FDRE/C   n/a            0.500         5.000       4.500      SLICE_X4Y83     anodes_reg[2]/C
High Pulse Width  Slow    FDRE/C   n/a            0.500         5.000       4.500      SLICE_X4Y83     anodes_reg[0]/C
High Pulse Width  Fast    FDRE/C   n/a            0.500         5.000       4.500      SLICE_X4Y83     anodes_reg[0]/C
High Pulse Width  Slow    FDRE/C   n/a            0.500         5.000       4.500      SLICE_X3Y85     anodes_reg[0]_lopt_replica/C
High Pulse Width  Fast    FDRE/C   n/a            0.500         5.000       4.500      SLICE_X3Y85     anodes_reg[0]_lopt_replica/C
High Pulse Width  Slow    FDRE/C   n/a            0.500         5.000       4.500      SLICE_X4Y83     anodes_reg[1]/C
High Pulse Width  Fast    FDRE/C   n/a            0.500         5.000       4.500      SLICE_X4Y83     anodes_reg[1]/C
High Pulse Width  Slow    FDRE/C   n/a            0.500         5.000       4.500      SLICE_X3Y85     anodes_reg[1]_lopt_replica/C
High Pulse Width  Fast    FDRE/C   n/a            0.500         5.000       4.500      SLICE_X3Y85     anodes_reg[1]_lopt_replica/C
High Pulse Width  Slow    FDRE/C   n/a            0.500         5.000       4.500      SLICE_X4Y83     anodes_reg[2]/C
High Pulse Width  Fast    FDRE/C   n/a            0.500         5.000       4.500      SLICE_X4Y83     anodes_reg[2]/C



--------------------------------------------------------------------------------------
Path Group:  (none)
From Clock:  sys_clk_pin
  To Clock:  

Max Delay            21 Endpoints
Min Delay            21 Endpoints
--------------------------------------------------------------------------------------


Max Delay Paths
--------------------------------------------------------------------------------------
Slack:                    inf
  Source:                 seven_seg_o_reg[7]/C
                            (rising edge-triggered cell FDRE clocked by sys_clk_pin  {rise@0.000ns fall@5.000ns period=10.000ns})
  Destination:            seven_seg_o[7]
                            (output port)
  Path Group:             (none)
  Path Type:              Max at Slow Process Corner
  Data Path Delay:        6.792ns  (logic 4.033ns (59.382%)  route 2.759ns (40.618%))
  Logic Levels:           1  (OBUF=1)
  Clock Uncertainty:      0.025ns  ((TSJ^2 + TIJ^2)^1/2 + DJ) / 2 + PE
    Total System Jitter     (TSJ):    0.050ns
    Total Input Jitter      (TIJ):    0.000ns
    Discrete Jitter          (DJ):    0.000ns
    Phase Error              (PE):    0.000ns

    Location             Delay type                Incr(ns)  Path(ns)    Netlist Resource(s)
  -------------------------------------------------------------------    -------------------
                         (clock sys_clk_pin rise edge)
                                                      0.000     0.000 r  
    E3                                                0.000     0.000 r  clk (IN)
                         net (fo=0)                   0.000     0.000    clk
    E3                   IBUF (Prop_ibuf_I_O)         1.482     1.482 r  clk_IBUF_inst/O
                         net (fo=1, routed)           2.025     3.506    clk_IBUF
    BUFGCTRL_X0Y16       BUFG (Prop_bufg_I_O)         0.096     3.602 r  clk_IBUF_BUFG_inst/O
                         net (fo=104, routed)         1.716     5.319    clk_IBUF_BUFG
    SLICE_X5Y83          FDRE                                         r  seven_seg_o_reg[7]/C
  -------------------------------------------------------------------    -------------------
    SLICE_X5Y83          FDRE (Prop_fdre_C_Q)         0.456     5.775 r  seven_seg_o_reg[7]/Q
                         net (fo=1, routed)           2.759     8.533    seven_seg_o_OBUF[7]
    T10                  OBUF (Prop_obuf_I_O)         3.577    12.110 r  seven_seg_o_OBUF[7]_inst/O
                         net (fo=0)                   0.000    12.110    seven_seg_o[7]
    T10                                                               r  seven_seg_o[7] (OUT)
  -------------------------------------------------------------------    -------------------

Slack:                    inf
  Source:                 seven_seg_o_reg[6]/C
                            (rising edge-triggered cell FDRE clocked by sys_clk_pin  {rise@0.000ns fall@5.000ns period=10.000ns})
  Destination:            seven_seg_o[6]
                            (output port)
  Path Group:             (none)
  Path Type:              Max at Slow Process Corner
  Data Path Delay:        6.767ns  (logic 4.011ns (59.284%)  route 2.755ns (40.716%))
  Logic Levels:           1  (OBUF=1)
  Clock Uncertainty:      0.025ns  ((TSJ^2 + TIJ^2)^1/2 + DJ) / 2 + PE
    Total System Jitter     (TSJ):    0.050ns
    Total Input Jitter      (TIJ):    0.000ns
    Discrete Jitter          (DJ):    0.000ns
    Phase Error              (PE):    0.000ns

    Location             Delay type                Incr(ns)  Path(ns)    Netlist Resource(s)
  -------------------------------------------------------------------    -------------------
                         (clock sys_clk_pin rise edge)
                                                      0.000     0.000 r  
    E3                                                0.000     0.000 r  clk (IN)
                         net (fo=0)                   0.000     0.000    clk
    E3                   IBUF (Prop_ibuf_I_O)         1.482     1.482 r  clk_IBUF_inst/O
                         net (fo=1, routed)           2.025     3.506    clk_IBUF
    BUFGCTRL_X0Y16       BUFG (Prop_bufg_I_O)         0.096     3.602 r  clk_IBUF_BUFG_inst/O
                         net (fo=104, routed)         1.716     5.319    clk_IBUF_BUFG
    SLICE_X5Y83          FDRE                                         r  seven_seg_o_reg[6]/C
  -------------------------------------------------------------------    -------------------
    SLICE_X5Y83          FDRE (Prop_fdre_C_Q)         0.456     5.775 r  seven_seg_o_reg[6]/Q
                         net (fo=1, routed)           2.755     8.530    seven_seg_o_OBUF[6]
    R10                  OBUF (Prop_obuf_I_O)         3.555    12.085 r  seven_seg_o_OBUF[6]_inst/O
                         net (fo=0)                   0.000    12.085    seven_seg_o[6]
    R10                                                               r  seven_seg_o[6] (OUT)
  -------------------------------------------------------------------    -------------------

Slack:                    inf
  Source:                 seven_seg_o_reg[4]/C
                            (rising edge-triggered cell FDRE clocked by sys_clk_pin  {rise@0.000ns fall@5.000ns period=10.000ns})
  Destination:            seven_seg_o[4]
                            (output port)
  Path Group:             (none)
  Path Type:              Max at Slow Process Corner
  Data Path Delay:        6.761ns  (logic 4.068ns (60.177%)  route 2.692ns (39.823%))
  Logic Levels:           1  (OBUF=1)
  Clock Uncertainty:      0.025ns  ((TSJ^2 + TIJ^2)^1/2 + DJ) / 2 + PE
    Total System Jitter     (TSJ):    0.050ns
    Total Input Jitter      (TIJ):    0.000ns
    Discrete Jitter          (DJ):    0.000ns
    Phase Error              (PE):    0.000ns

    Location             Delay type                Incr(ns)  Path(ns)    Netlist Resource(s)
  -------------------------------------------------------------------    -------------------
                         (clock sys_clk_pin rise edge)
                                                      0.000     0.000 r  
    E3                                                0.000     0.000 r  clk (IN)
                         net (fo=0)                   0.000     0.000    clk
    E3                   IBUF (Prop_ibuf_I_O)         1.482     1.482 r  clk_IBUF_inst/O
                         net (fo=1, routed)           2.025     3.506    clk_IBUF
    BUFGCTRL_X0Y16       BUFG (Prop_bufg_I_O)         0.096     3.602 r  clk_IBUF_BUFG_inst/O
                         net (fo=104, routed)         1.717     5.320    clk_IBUF_BUFG
    SLICE_X6Y84          FDRE                                         r  seven_seg_o_reg[4]/C
  -------------------------------------------------------------------    -------------------
    SLICE_X6Y84          FDRE (Prop_fdre_C_Q)         0.518     5.838 r  seven_seg_o_reg[4]/Q
                         net (fo=1, routed)           2.692     8.530    seven_seg_o_OBUF[4]
    K13                  OBUF (Prop_obuf_I_O)         3.550    12.080 r  seven_seg_o_OBUF[4]_inst/O
                         net (fo=0)                   0.000    12.080    seven_seg_o[4]
    K13                                                               r  seven_seg_o[4] (OUT)
  -------------------------------------------------------------------    -------------------

Slack:                    inf
  Source:                 anodes_reg[2]_lopt_replica/C
                            (rising edge-triggered cell FDRE clocked by sys_clk_pin  {rise@0.000ns fall@5.000ns period=10.000ns})
  Destination:            anodes_o[2]
                            (output port)
  Path Group:             (none)
  Path Type:              Max at Slow Process Corner
  Data Path Delay:        6.760ns  (logic 4.030ns (59.624%)  route 2.729ns (40.376%))
  Logic Levels:           1  (OBUF=1)
  Clock Uncertainty:      0.025ns  ((TSJ^2 + TIJ^2)^1/2 + DJ) / 2 + PE
    Total System Jitter     (TSJ):    0.050ns
    Total Input Jitter      (TIJ):    0.000ns
    Discrete Jitter          (DJ):    0.000ns
    Phase Error              (PE):    0.000ns

    Location             Delay type                Incr(ns)  Path(ns)    Netlist Resource(s)
  -------------------------------------------------------------------    -------------------
                         (clock sys_clk_pin rise edge)
                                                      0.000     0.000 r  
    E3                                                0.000     0.000 r  clk (IN)
                         net (fo=0)                   0.000     0.000    clk
    E3                   IBUF (Prop_ibuf_I_O)         1.482     1.482 r  clk_IBUF_inst/O
                         net (fo=1, routed)           2.025     3.506    clk_IBUF
    BUFGCTRL_X0Y16       BUFG (Prop_bufg_I_O)         0.096     3.602 r  clk_IBUF_BUFG_inst/O
                         net (fo=104, routed)         1.717     5.320    clk_IBUF_BUFG
    SLICE_X3Y83          FDRE                                         r  anodes_reg[2]_lopt_replica/C
  -------------------------------------------------------------------    -------------------
    SLICE_X3Y83          FDRE (Prop_fdre_C_Q)         0.456     5.776 r  anodes_reg[2]_lopt_replica/Q
                         net (fo=1, routed)           2.729     8.505    anodes_reg[2]_lopt_replica_1
    T9                   OBUF (Prop_obuf_I_O)         3.574    12.079 r  anodes_o_OBUF[2]_inst/O
                         net (fo=0)                   0.000    12.079    anodes_o[2]
    T9                                                                r  anodes_o[2] (OUT)
  -------------------------------------------------------------------    -------------------

Slack:                    inf
  Source:                 anodes_reg[3]_lopt_replica/C
                            (rising edge-triggered cell FDRE clocked by sys_clk_pin  {rise@0.000ns fall@5.000ns period=10.000ns})
  Destination:            anodes_o[3]
                            (output port)
  Path Group:             (none)
  Path Type:              Max at Slow Process Corner
  Data Path Delay:        6.673ns  (logic 4.008ns (60.066%)  route 2.665ns (39.934%))
  Logic Levels:           1  (OBUF=1)
  Clock Uncertainty:      0.025ns  ((TSJ^2 + TIJ^2)^1/2 + DJ) / 2 + PE
    Total System Jitter     (TSJ):    0.050ns
    Total Input Jitter      (TIJ):    0.000ns
    Discrete Jitter          (DJ):    0.000ns
    Phase Error              (PE):    0.000ns

    Location             Delay type                Incr(ns)  Path(ns)    Netlist Resource(s)
  -------------------------------------------------------------------    -------------------
                         (clock sys_clk_pin rise edge)
                                                      0.000     0.000 r  
    E3                                                0.000     0.000 r  clk (IN)
                         net (fo=0)                   0.000     0.000    clk
    E3                   IBUF (Prop_ibuf_I_O)         1.482     1.482 r  clk_IBUF_inst/O
                         net (fo=1, routed)           2.025     3.506    clk_IBUF
    BUFGCTRL_X0Y16       BUFG (Prop_bufg_I_O)         0.096     3.602 r  clk_IBUF_BUFG_inst/O
                         net (fo=104, routed)         1.720     5.323    clk_IBUF_BUFG
    SLICE_X3Y85          FDRE                                         r  anodes_reg[3]_lopt_replica/C
  -------------------------------------------------------------------    -------------------
    SLICE_X3Y85          FDRE (Prop_fdre_C_Q)         0.456     5.779 r  anodes_reg[3]_lopt_replica/Q
                         net (fo=1, routed)           2.665     8.443    anodes_reg[3]_lopt_replica_1
    J14                  OBUF (Prop_obuf_I_O)         3.552    11.995 r  anodes_o_OBUF[3]_inst/O
                         net (fo=0)                   0.000    11.995    anodes_o[3]
    J14                                                               r  anodes_o[3] (OUT)
  -------------------------------------------------------------------    -------------------

Slack:                    inf
  Source:                 rx_data_led_o_reg[0]/C
                            (rising edge-triggered cell FDRE clocked by sys_clk_pin  {rise@0.000ns fall@5.000ns period=10.000ns})
  Destination:            rx_data_led_o[0]
                            (output port)
  Path Group:             (none)
  Path Type:              Max at Slow Process Corner
  Data Path Delay:        6.560ns  (logic 3.976ns (60.616%)  route 2.584ns (39.384%))
  Logic Levels:           1  (OBUF=1)
  Clock Uncertainty:      0.025ns  ((TSJ^2 + TIJ^2)^1/2 + DJ) / 2 + PE
    Total System Jitter     (TSJ):    0.050ns
    Total Input Jitter      (TIJ):    0.000ns
    Discrete Jitter          (DJ):    0.000ns
    Phase Error              (PE):    0.000ns

    Location             Delay type                Incr(ns)  Path(ns)    Netlist Resource(s)
  -------------------------------------------------------------------    -------------------
                         (clock sys_clk_pin rise edge)
                                                      0.000     0.000 r  
    E3                                                0.000     0.000 r  clk (IN)
                         net (fo=0)                   0.000     0.000    clk
    E3                   IBUF (Prop_ibuf_I_O)         1.482     1.482 r  clk_IBUF_inst/O
                         net (fo=1, routed)           2.025     3.506    clk_IBUF
    BUFGCTRL_X0Y16       BUFG (Prop_bufg_I_O)         0.096     3.602 r  clk_IBUF_BUFG_inst/O
                         net (fo=104, routed)         1.722     5.325    clk_IBUF_BUFG
    SLICE_X1Y88          FDRE                                         r  rx_data_led_o_reg[0]/C
  -------------------------------------------------------------------    -------------------
    SLICE_X1Y88          FDRE (Prop_fdre_C_Q)         0.456     5.781 r  rx_data_led_o_reg[0]/Q
                         net (fo=1, routed)           2.584     8.364    rx_data_led_o_OBUF[0]
    H17                  OBUF (Prop_obuf_I_O)         3.520    11.885 r  rx_data_led_o_OBUF[0]_inst/O
                         net (fo=0)                   0.000    11.885    rx_data_led_o[0]
    H17                                                               r  rx_data_led_o[0] (OUT)
  -------------------------------------------------------------------    -------------------

Slack:                    inf
  Source:                 rx_data_led_o_reg[2]/C
                            (rising edge-triggered cell FDRE clocked by sys_clk_pin  {rise@0.000ns fall@5.000ns period=10.000ns})
  Destination:            rx_data_led_o[2]
                            (output port)
  Path Group:             (none)
  Path Type:              Max at Slow Process Corner
  Data Path Delay:        6.536ns  (logic 4.009ns (61.335%)  route 2.527ns (38.665%))
  Logic Levels:           1  (OBUF=1)
  Clock Uncertainty:      0.025ns  ((TSJ^2 + TIJ^2)^1/2 + DJ) / 2 + PE
    Total System Jitter     (TSJ):    0.050ns
    Total Input Jitter      (TIJ):    0.000ns
    Discrete Jitter          (DJ):    0.000ns
    Phase Error              (PE):    0.000ns

    Location             Delay type                Incr(ns)  Path(ns)    Netlist Resource(s)
  -------------------------------------------------------------------    -------------------
                         (clock sys_clk_pin rise edge)
                                                      0.000     0.000 r  
    E3                                                0.000     0.000 r  clk (IN)
                         net (fo=0)                   0.000     0.000    clk
    E3                   IBUF (Prop_ibuf_I_O)         1.482     1.482 r  clk_IBUF_inst/O
                         net (fo=1, routed)           2.025     3.506    clk_IBUF
    BUFGCTRL_X0Y16       BUFG (Prop_bufg_I_O)         0.096     3.602 r  clk_IBUF_BUFG_inst/O
                         net (fo=104, routed)         1.722     5.325    clk_IBUF_BUFG
    SLICE_X1Y88          FDRE                                         r  rx_data_led_o_reg[2]/C
  -------------------------------------------------------------------    -------------------
    SLICE_X1Y88          FDRE (Prop_fdre_C_Q)         0.456     5.781 r  rx_data_led_o_reg[2]/Q
                         net (fo=1, routed)           2.527     8.308    rx_data_led_o_OBUF[2]
    J13                  OBUF (Prop_obuf_I_O)         3.553    11.860 r  rx_data_led_o_OBUF[2]_inst/O
                         net (fo=0)                   0.000    11.860    rx_data_led_o[2]
    J13                                                               r  rx_data_led_o[2] (OUT)
  -------------------------------------------------------------------    -------------------

Slack:                    inf
  Source:                 seven_seg_o_reg[2]/C
                            (rising edge-triggered cell FDRE clocked by sys_clk_pin  {rise@0.000ns fall@5.000ns period=10.000ns})
  Destination:            seven_seg_o[2]
                            (output port)
  Path Group:             (none)
  Path Type:              Max at Slow Process Corner
  Data Path Delay:        6.531ns  (logic 4.017ns (61.499%)  route 2.515ns (38.501%))
  Logic Levels:           1  (OBUF=1)
  Clock Uncertainty:      0.025ns  ((TSJ^2 + TIJ^2)^1/2 + DJ) / 2 + PE
    Total System Jitter     (TSJ):    0.050ns
    Total Input Jitter      (TIJ):    0.000ns
    Discrete Jitter          (DJ):    0.000ns
    Phase Error              (PE):    0.000ns

    Location             Delay type                Incr(ns)  Path(ns)    Netlist Resource(s)
  -------------------------------------------------------------------    -------------------
                         (clock sys_clk_pin rise edge)
                                                      0.000     0.000 r  
    E3                                                0.000     0.000 r  clk (IN)
                         net (fo=0)                   0.000     0.000    clk
    E3                   IBUF (Prop_ibuf_I_O)         1.482     1.482 r  clk_IBUF_inst/O
                         net (fo=1, routed)           2.025     3.506    clk_IBUF
    BUFGCTRL_X0Y16       BUFG (Prop_bufg_I_O)         0.096     3.602 r  clk_IBUF_BUFG_inst/O
                         net (fo=104, routed)         1.718     5.321    clk_IBUF_BUFG
    SLICE_X3Y84          FDRE                                         r  seven_seg_o_reg[2]/C
  -------------------------------------------------------------------    -------------------
    SLICE_X3Y84          FDRE (Prop_fdre_C_Q)         0.456     5.777 r  seven_seg_o_reg[2]/Q
                         net (fo=1, routed)           2.515     8.291    seven_seg_o_OBUF[2]
    T11                  OBUF (Prop_obuf_I_O)         3.561    11.852 r  seven_seg_o_OBUF[2]_inst/O
                         net (fo=0)                   0.000    11.852    seven_seg_o[2]
    T11                                                               r  seven_seg_o[2] (OUT)
  -------------------------------------------------------------------    -------------------

Slack:                    inf
  Source:                 rx_data_led_o_reg[5]/C
                            (rising edge-triggered cell FDRE clocked by sys_clk_pin  {rise@0.000ns fall@5.000ns period=10.000ns})
  Destination:            rx_data_led_o[5]
                            (output port)
  Path Group:             (none)
  Path Type:              Max at Slow Process Corner
  Data Path Delay:        6.522ns  (logic 4.008ns (61.453%)  route 2.514ns (38.547%))
  Logic Levels:           1  (OBUF=1)
  Clock Uncertainty:      0.025ns  ((TSJ^2 + TIJ^2)^1/2 + DJ) / 2 + PE
    Total System Jitter     (TSJ):    0.050ns
    Total Input Jitter      (TIJ):    0.000ns
    Discrete Jitter          (DJ):    0.000ns
    Phase Error              (PE):    0.000ns

    Location             Delay type                Incr(ns)  Path(ns)    Netlist Resource(s)
  -------------------------------------------------------------------    -------------------
                         (clock sys_clk_pin rise edge)
                                                      0.000     0.000 r  
    E3                                                0.000     0.000 r  clk (IN)
                         net (fo=0)                   0.000     0.000    clk
    E3                   IBUF (Prop_ibuf_I_O)         1.482     1.482 r  clk_IBUF_inst/O
                         net (fo=1, routed)           2.025     3.506    clk_IBUF
    BUFGCTRL_X0Y16       BUFG (Prop_bufg_I_O)         0.096     3.602 r  clk_IBUF_BUFG_inst/O
                         net (fo=104, routed)         1.720     5.323    clk_IBUF_BUFG
    SLICE_X0Y86          FDRE                                         r  rx_data_led_o_reg[5]/C
  -------------------------------------------------------------------    -------------------
    SLICE_X0Y86          FDRE (Prop_fdre_C_Q)         0.456     5.779 r  rx_data_led_o_reg[5]/Q
                         net (fo=1, routed)           2.514     8.293    rx_data_led_o_OBUF[5]
    V17                  OBUF (Prop_obuf_I_O)         3.552    11.844 r  rx_data_led_o_OBUF[5]_inst/O
                         net (fo=0)                   0.000    11.844    rx_data_led_o[5]
    V17                                                               r  rx_data_led_o[5] (OUT)
  -------------------------------------------------------------------    -------------------

Slack:                    inf
  Source:                 rx_data_led_o_reg[7]/C
                            (rising edge-triggered cell FDRE clocked by sys_clk_pin  {rise@0.000ns fall@5.000ns period=10.000ns})
  Destination:            rx_data_led_o[7]
                            (output port)
  Path Group:             (none)
  Path Type:              Max at Slow Process Corner
  Data Path Delay:        6.512ns  (logic 4.149ns (63.717%)  route 2.363ns (36.283%))
  Logic Levels:           1  (OBUF=1)
  Clock Uncertainty:      0.025ns  ((TSJ^2 + TIJ^2)^1/2 + DJ) / 2 + PE
    Total System Jitter     (TSJ):    0.050ns
    Total Input Jitter      (TIJ):    0.000ns
    Discrete Jitter          (DJ):    0.000ns
    Phase Error              (PE):    0.000ns

    Location             Delay type                Incr(ns)  Path(ns)    Netlist Resource(s)
  -------------------------------------------------------------------    -------------------
                         (clock sys_clk_pin rise edge)
                                                      0.000     0.000 r  
    E3                                                0.000     0.000 r  clk (IN)
                         net (fo=0)                   0.000     0.000    clk
    E3                   IBUF (Prop_ibuf_I_O)         1.482     1.482 r  clk_IBUF_inst/O
                         net (fo=1, routed)           2.025     3.506    clk_IBUF
    BUFGCTRL_X0Y16       BUFG (Prop_bufg_I_O)         0.096     3.602 r  clk_IBUF_BUFG_inst/O
                         net (fo=104, routed)         1.720     5.323    clk_IBUF_BUFG
    SLICE_X0Y86          FDRE                                         r  rx_data_led_o_reg[7]/C
  -------------------------------------------------------------------    -------------------
    SLICE_X0Y86          FDRE (Prop_fdre_C_Q)         0.419     5.742 r  rx_data_led_o_reg[7]/Q
                         net (fo=1, routed)           2.363     8.104    rx_data_led_o_OBUF[7]
    U16                  OBUF (Prop_obuf_I_O)         3.730    11.835 r  rx_data_led_o_OBUF[7]_inst/O
                         net (fo=0)                   0.000    11.835    rx_data_led_o[7]
    U16                                                               r  rx_data_led_o[7] (OUT)
  -------------------------------------------------------------------    -------------------





Min Delay Paths
--------------------------------------------------------------------------------------
Slack:                    inf
  Source:                 anodes_reg[4]_lopt_replica/C
                            (rising edge-triggered cell FDRE clocked by sys_clk_pin  {rise@0.000ns fall@5.000ns period=10.000ns})
  Destination:            anodes_o[4]
                            (output port)
  Path Group:             (none)
  Path Type:              Min at Fast Process Corner
  Data Path Delay:        1.718ns  (logic 1.392ns (81.002%)  route 0.326ns (18.998%))
  Logic Levels:           1  (OBUF=1)
  Clock Uncertainty:      0.025ns  ((TSJ^2 + TIJ^2)^1/2 + DJ) / 2 + PE
    Total System Jitter     (TSJ):    0.050ns
    Total Input Jitter      (TIJ):    0.000ns
    Discrete Jitter          (DJ):    0.000ns
    Phase Error              (PE):    0.000ns

    Location             Delay type                Incr(ns)  Path(ns)    Netlist Resource(s)
  -------------------------------------------------------------------    -------------------
                         (clock sys_clk_pin rise edge)
                                                      0.000     0.000 r  
    E3                                                0.000     0.000 r  clk (IN)
                         net (fo=0)                   0.000     0.000    clk
    E3                   IBUF (Prop_ibuf_I_O)         0.250     0.250 r  clk_IBUF_inst/O
                         net (fo=1, routed)           0.644     0.894    clk_IBUF
    BUFGCTRL_X0Y16       BUFG (Prop_bufg_I_O)         0.026     0.920 r  clk_IBUF_BUFG_inst/O
                         net (fo=104, routed)         0.599     1.518    clk_IBUF_BUFG
    SLICE_X3Y83          FDRE                                         r  anodes_reg[4]_lopt_replica/C
  -------------------------------------------------------------------    -------------------
    SLICE_X3Y83          FDRE (Prop_fdre_C_Q)         0.141     1.659 r  anodes_reg[4]_lopt_replica/Q
                         net (fo=1, routed)           0.326     1.986    anodes_reg[4]_lopt_replica_1
    P14                  OBUF (Prop_obuf_I_O)         1.251     3.236 r  anodes_o_OBUF[4]_inst/O
                         net (fo=0)                   0.000     3.236    anodes_o[4]
    P14                                                               r  anodes_o[4] (OUT)
  -------------------------------------------------------------------    -------------------

Slack:                    inf
  Source:                 rx_data_led_o_reg[3]/C
                            (rising edge-triggered cell FDRE clocked by sys_clk_pin  {rise@0.000ns fall@5.000ns period=10.000ns})
  Destination:            rx_data_led_o[3]
                            (output port)
  Path Group:             (none)
  Path Type:              Min at Fast Process Corner
  Data Path Delay:        1.738ns  (logic 1.392ns (80.083%)  route 0.346ns (19.917%))
  Logic Levels:           1  (OBUF=1)
  Clock Uncertainty:      0.025ns  ((TSJ^2 + TIJ^2)^1/2 + DJ) / 2 + PE
    Total System Jitter     (TSJ):    0.050ns
    Total Input Jitter      (TIJ):    0.000ns
    Discrete Jitter          (DJ):    0.000ns
    Phase Error              (PE):    0.000ns

    Location             Delay type                Incr(ns)  Path(ns)    Netlist Resource(s)
  -------------------------------------------------------------------    -------------------
                         (clock sys_clk_pin rise edge)
                                                      0.000     0.000 r  
    E3                                                0.000     0.000 r  clk (IN)
                         net (fo=0)                   0.000     0.000    clk
    E3                   IBUF (Prop_ibuf_I_O)         0.250     0.250 r  clk_IBUF_inst/O
                         net (fo=1, routed)           0.644     0.894    clk_IBUF
    BUFGCTRL_X0Y16       BUFG (Prop_bufg_I_O)         0.026     0.920 r  clk_IBUF_BUFG_inst/O
                         net (fo=104, routed)         0.600     1.519    clk_IBUF_BUFG
    SLICE_X0Y86          FDRE                                         r  rx_data_led_o_reg[3]/C
  -------------------------------------------------------------------    -------------------
    SLICE_X0Y86          FDRE (Prop_fdre_C_Q)         0.141     1.660 r  rx_data_led_o_reg[3]/Q
                         net (fo=1, routed)           0.346     2.007    rx_data_led_o_OBUF[3]
    N14                  OBUF (Prop_obuf_I_O)         1.251     3.258 r  rx_data_led_o_OBUF[3]_inst/O
                         net (fo=0)                   0.000     3.258    rx_data_led_o[3]
    N14                                                               r  rx_data_led_o[3] (OUT)
  -------------------------------------------------------------------    -------------------

Slack:                    inf
  Source:                 rx_data_led_o_reg[4]/C
                            (rising edge-triggered cell FDRE clocked by sys_clk_pin  {rise@0.000ns fall@5.000ns period=10.000ns})
  Destination:            rx_data_led_o[4]
                            (output port)
  Path Group:             (none)
  Path Type:              Min at Fast Process Corner
  Data Path Delay:        1.747ns  (logic 1.393ns (79.766%)  route 0.353ns (20.234%))
  Logic Levels:           1  (OBUF=1)
  Clock Uncertainty:      0.025ns  ((TSJ^2 + TIJ^2)^1/2 + DJ) / 2 + PE
    Total System Jitter     (TSJ):    0.050ns
    Total Input Jitter      (TIJ):    0.000ns
    Discrete Jitter          (DJ):    0.000ns
    Phase Error              (PE):    0.000ns

    Location             Delay type                Incr(ns)  Path(ns)    Netlist Resource(s)
  -------------------------------------------------------------------    -------------------
                         (clock sys_clk_pin rise edge)
                                                      0.000     0.000 r  
    E3                                                0.000     0.000 r  clk (IN)
                         net (fo=0)                   0.000     0.000    clk
    E3                   IBUF (Prop_ibuf_I_O)         0.250     0.250 r  clk_IBUF_inst/O
                         net (fo=1, routed)           0.644     0.894    clk_IBUF
    BUFGCTRL_X0Y16       BUFG (Prop_bufg_I_O)         0.026     0.920 r  clk_IBUF_BUFG_inst/O
                         net (fo=104, routed)         0.600     1.519    clk_IBUF_BUFG
    SLICE_X0Y86          FDRE                                         r  rx_data_led_o_reg[4]/C
  -------------------------------------------------------------------    -------------------
    SLICE_X0Y86          FDRE (Prop_fdre_C_Q)         0.141     1.660 r  rx_data_led_o_reg[4]/Q
                         net (fo=1, routed)           0.353     2.014    rx_data_led_o_OBUF[4]
    R18                  OBUF (Prop_obuf_I_O)         1.252     3.266 r  rx_data_led_o_OBUF[4]_inst/O
                         net (fo=0)                   0.000     3.266    rx_data_led_o[4]
    R18                                                               r  rx_data_led_o[4] (OUT)
  -------------------------------------------------------------------    -------------------

Slack:                    inf
  Source:                 seven_seg_o_reg[1]/C
                            (rising edge-triggered cell FDRE clocked by sys_clk_pin  {rise@0.000ns fall@5.000ns period=10.000ns})
  Destination:            seven_seg_o[1]
                            (output port)
  Path Group:             (none)
  Path Type:              Min at Fast Process Corner
  Data Path Delay:        1.829ns  (logic 1.402ns (76.641%)  route 0.427ns (23.359%))
  Logic Levels:           1  (OBUF=1)
  Clock Uncertainty:      0.025ns  ((TSJ^2 + TIJ^2)^1/2 + DJ) / 2 + PE
    Total System Jitter     (TSJ):    0.050ns
    Total Input Jitter      (TIJ):    0.000ns
    Discrete Jitter          (DJ):    0.000ns
    Phase Error              (PE):    0.000ns

    Location             Delay type                Incr(ns)  Path(ns)    Netlist Resource(s)
  -------------------------------------------------------------------    -------------------
                         (clock sys_clk_pin rise edge)
                                                      0.000     0.000 r  
    E3                                                0.000     0.000 r  clk (IN)
                         net (fo=0)                   0.000     0.000    clk
    E3                   IBUF (Prop_ibuf_I_O)         0.250     0.250 r  clk_IBUF_inst/O
                         net (fo=1, routed)           0.644     0.894    clk_IBUF
    BUFGCTRL_X0Y16       BUFG (Prop_bufg_I_O)         0.026     0.920 r  clk_IBUF_BUFG_inst/O
                         net (fo=104, routed)         0.599     1.518    clk_IBUF_BUFG
    SLICE_X6Y86          FDRE                                         r  seven_seg_o_reg[1]/C
  -------------------------------------------------------------------    -------------------
    SLICE_X6Y86          FDRE (Prop_fdre_C_Q)         0.164     1.682 r  seven_seg_o_reg[1]/Q
                         net (fo=1, routed)           0.427     2.110    seven_seg_o_OBUF[1]
    L18                  OBUF (Prop_obuf_I_O)         1.238     3.348 r  seven_seg_o_OBUF[1]_inst/O
                         net (fo=0)                   0.000     3.348    seven_seg_o[1]
    L18                                                               r  seven_seg_o[1] (OUT)
  -------------------------------------------------------------------    -------------------

Slack:                    inf
  Source:                 seven_seg_o_reg[5]/C
                            (rising edge-triggered cell FDRE clocked by sys_clk_pin  {rise@0.000ns fall@5.000ns period=10.000ns})
  Destination:            seven_seg_o[5]
                            (output port)
  Path Group:             (none)
  Path Type:              Min at Fast Process Corner
  Data Path Delay:        1.842ns  (logic 1.335ns (72.480%)  route 0.507ns (27.520%))
  Logic Levels:           1  (OBUF=1)
  Clock Uncertainty:      0.025ns  ((TSJ^2 + TIJ^2)^1/2 + DJ) / 2 + PE
    Total System Jitter     (TSJ):    0.050ns
    Total Input Jitter      (TIJ):    0.000ns
    Discrete Jitter          (DJ):    0.000ns
    Phase Error              (PE):    0.000ns

    Location             Delay type                Incr(ns)  Path(ns)    Netlist Resource(s)
  -------------------------------------------------------------------    -------------------
                         (clock sys_clk_pin rise edge)
                                                      0.000     0.000 r  
    E3                                                0.000     0.000 r  clk (IN)
                         net (fo=0)                   0.000     0.000    clk
    E3                   IBUF (Prop_ibuf_I_O)         0.250     0.250 r  clk_IBUF_inst/O
                         net (fo=1, routed)           0.644     0.894    clk_IBUF
    BUFGCTRL_X0Y16       BUFG (Prop_bufg_I_O)         0.026     0.920 r  clk_IBUF_BUFG_inst/O
                         net (fo=104, routed)         0.599     1.518    clk_IBUF_BUFG
    SLICE_X7Y85          FDRE                                         r  seven_seg_o_reg[5]/C
  -------------------------------------------------------------------    -------------------
    SLICE_X7Y85          FDRE (Prop_fdre_C_Q)         0.141     1.659 r  seven_seg_o_reg[5]/Q
                         net (fo=1, routed)           0.507     2.166    seven_seg_o_OBUF[5]
    K16                  OBUF (Prop_obuf_I_O)         1.194     3.361 r  seven_seg_o_OBUF[5]_inst/O
                         net (fo=0)                   0.000     3.361    seven_seg_o[5]
    K16                                                               r  seven_seg_o[5] (OUT)
  -------------------------------------------------------------------    -------------------

Slack:                    inf
  Source:                 rx_data_led_o_reg[1]/C
                            (rising edge-triggered cell FDRE clocked by sys_clk_pin  {rise@0.000ns fall@5.000ns period=10.000ns})
  Destination:            rx_data_led_o[1]
                            (output port)
  Path Group:             (none)
  Path Type:              Min at Fast Process Corner
  Data Path Delay:        1.887ns  (logic 1.377ns (72.991%)  route 0.510ns (27.009%))
  Logic Levels:           1  (OBUF=1)
  Clock Uncertainty:      0.025ns  ((TSJ^2 + TIJ^2)^1/2 + DJ) / 2 + PE
    Total System Jitter     (TSJ):    0.050ns
    Total Input Jitter      (TIJ):    0.000ns
    Discrete Jitter          (DJ):    0.000ns
    Phase Error              (PE):    0.000ns

    Location             Delay type                Incr(ns)  Path(ns)    Netlist Resource(s)
  -------------------------------------------------------------------    -------------------
                         (clock sys_clk_pin rise edge)
                                                      0.000     0.000 r  
    E3                                                0.000     0.000 r  clk (IN)
                         net (fo=0)                   0.000     0.000    clk
    E3                   IBUF (Prop_ibuf_I_O)         0.250     0.250 r  clk_IBUF_inst/O
                         net (fo=1, routed)           0.644     0.894    clk_IBUF
    BUFGCTRL_X0Y16       BUFG (Prop_bufg_I_O)         0.026     0.920 r  clk_IBUF_BUFG_inst/O
                         net (fo=104, routed)         0.602     1.521    clk_IBUF_BUFG
    SLICE_X1Y88          FDRE                                         r  rx_data_led_o_reg[1]/C
  -------------------------------------------------------------------    -------------------
    SLICE_X1Y88          FDRE (Prop_fdre_C_Q)         0.141     1.662 r  rx_data_led_o_reg[1]/Q
                         net (fo=1, routed)           0.510     2.172    rx_data_led_o_OBUF[1]
    K15                  OBUF (Prop_obuf_I_O)         1.236     3.408 r  rx_data_led_o_OBUF[1]_inst/O
                         net (fo=0)                   0.000     3.408    rx_data_led_o[1]
    K15                                                               r  rx_data_led_o[1] (OUT)
  -------------------------------------------------------------------    -------------------

Slack:                    inf
  Source:                 anodes_reg[5]_lopt_replica/C
                            (rising edge-triggered cell FDRE clocked by sys_clk_pin  {rise@0.000ns fall@5.000ns period=10.000ns})
  Destination:            anodes_o[5]
                            (output port)
  Path Group:             (none)
  Path Type:              Min at Fast Process Corner
  Data Path Delay:        1.911ns  (logic 1.393ns (72.892%)  route 0.518ns (27.108%))
  Logic Levels:           1  (OBUF=1)
  Clock Uncertainty:      0.025ns  ((TSJ^2 + TIJ^2)^1/2 + DJ) / 2 + PE
    Total System Jitter     (TSJ):    0.050ns
    Total Input Jitter      (TIJ):    0.000ns
    Discrete Jitter          (DJ):    0.000ns
    Phase Error              (PE):    0.000ns

    Location             Delay type                Incr(ns)  Path(ns)    Netlist Resource(s)
  -------------------------------------------------------------------    -------------------
                         (clock sys_clk_pin rise edge)
                                                      0.000     0.000 r  
    E3                                                0.000     0.000 r  clk (IN)
                         net (fo=0)                   0.000     0.000    clk
    E3                   IBUF (Prop_ibuf_I_O)         0.250     0.250 r  clk_IBUF_inst/O
                         net (fo=1, routed)           0.644     0.894    clk_IBUF
    BUFGCTRL_X0Y16       BUFG (Prop_bufg_I_O)         0.026     0.920 r  clk_IBUF_BUFG_inst/O
                         net (fo=104, routed)         0.599     1.518    clk_IBUF_BUFG
    SLICE_X3Y83          FDRE                                         r  anodes_reg[5]_lopt_replica/C
  -------------------------------------------------------------------    -------------------
    SLICE_X3Y83          FDRE (Prop_fdre_C_Q)         0.141     1.659 r  anodes_reg[5]_lopt_replica/Q
                         net (fo=1, routed)           0.518     2.177    anodes_reg[5]_lopt_replica_1
    T14                  OBUF (Prop_obuf_I_O)         1.252     3.430 r  anodes_o_OBUF[5]_inst/O
                         net (fo=0)                   0.000     3.430    anodes_o[5]
    T14                                                               r  anodes_o[5] (OUT)
  -------------------------------------------------------------------    -------------------

Slack:                    inf
  Source:                 seven_seg_o_reg[3]/C
                            (rising edge-triggered cell FDRE clocked by sys_clk_pin  {rise@0.000ns fall@5.000ns period=10.000ns})
  Destination:            seven_seg_o[3]
                            (output port)
  Path Group:             (none)
  Path Type:              Min at Fast Process Corner
  Data Path Delay:        1.943ns  (logic 1.398ns (71.987%)  route 0.544ns (28.013%))
  Logic Levels:           1  (OBUF=1)
  Clock Uncertainty:      0.025ns  ((TSJ^2 + TIJ^2)^1/2 + DJ) / 2 + PE
    Total System Jitter     (TSJ):    0.050ns
    Total Input Jitter      (TIJ):    0.000ns
    Discrete Jitter          (DJ):    0.000ns
    Phase Error              (PE):    0.000ns

    Location             Delay type                Incr(ns)  Path(ns)    Netlist Resource(s)
  -------------------------------------------------------------------    -------------------
                         (clock sys_clk_pin rise edge)
                                                      0.000     0.000 r  
    E3                                                0.000     0.000 r  clk (IN)
                         net (fo=0)                   0.000     0.000    clk
    E3                   IBUF (Prop_ibuf_I_O)         0.250     0.250 r  clk_IBUF_inst/O
                         net (fo=1, routed)           0.644     0.894    clk_IBUF
    BUFGCTRL_X0Y16       BUFG (Prop_bufg_I_O)         0.026     0.920 r  clk_IBUF_BUFG_inst/O
                         net (fo=104, routed)         0.598     1.517    clk_IBUF_BUFG
    SLICE_X6Y83          FDRE                                         r  seven_seg_o_reg[3]/C
  -------------------------------------------------------------------    -------------------
    SLICE_X6Y83          FDRE (Prop_fdre_C_Q)         0.164     1.681 r  seven_seg_o_reg[3]/Q
                         net (fo=1, routed)           0.544     2.225    seven_seg_o_OBUF[3]
    P15                  OBUF (Prop_obuf_I_O)         1.234     3.460 r  seven_seg_o_OBUF[3]_inst/O
                         net (fo=0)                   0.000     3.460    seven_seg_o[3]
    P15                                                               r  seven_seg_o[3] (OUT)
  -------------------------------------------------------------------    -------------------

Slack:                    inf
  Source:                 anodes_reg[1]_lopt_replica/C
                            (rising edge-triggered cell FDRE clocked by sys_clk_pin  {rise@0.000ns fall@5.000ns period=10.000ns})
  Destination:            anodes_o[1]
                            (output port)
  Path Group:             (none)
  Path Type:              Min at Fast Process Corner
  Data Path Delay:        1.973ns  (logic 1.377ns (69.810%)  route 0.596ns (30.190%))
  Logic Levels:           1  (OBUF=1)
  Clock Uncertainty:      0.025ns  ((TSJ^2 + TIJ^2)^1/2 + DJ) / 2 + PE
    Total System Jitter     (TSJ):    0.050ns
    Total Input Jitter      (TIJ):    0.000ns
    Discrete Jitter          (DJ):    0.000ns
    Phase Error              (PE):    0.000ns

    Location             Delay type                Incr(ns)  Path(ns)    Netlist Resource(s)
  -------------------------------------------------------------------    -------------------
                         (clock sys_clk_pin rise edge)
                                                      0.000     0.000 r  
    E3                                                0.000     0.000 r  clk (IN)
                         net (fo=0)                   0.000     0.000    clk
    E3                   IBUF (Prop_ibuf_I_O)         0.250     0.250 r  clk_IBUF_inst/O
                         net (fo=1, routed)           0.644     0.894    clk_IBUF
    BUFGCTRL_X0Y16       BUFG (Prop_bufg_I_O)         0.026     0.920 r  clk_IBUF_BUFG_inst/O
                         net (fo=104, routed)         0.600     1.519    clk_IBUF_BUFG
    SLICE_X3Y85          FDRE                                         r  anodes_reg[1]_lopt_replica/C
  -------------------------------------------------------------------    -------------------
    SLICE_X3Y85          FDRE (Prop_fdre_C_Q)         0.141     1.660 r  anodes_reg[1]_lopt_replica/Q
                         net (fo=1, routed)           0.596     2.256    anodes_reg[1]_lopt_replica_1
    J18                  OBUF (Prop_obuf_I_O)         1.236     3.492 r  anodes_o_OBUF[1]_inst/O
                         net (fo=0)                   0.000     3.492    anodes_o[1]
    J18                                                               r  anodes_o[1] (OUT)
  -------------------------------------------------------------------    -------------------

Slack:                    inf
  Source:                 anodes_reg[0]_lopt_replica/C
                            (rising edge-triggered cell FDRE clocked by sys_clk_pin  {rise@0.000ns fall@5.000ns period=10.000ns})
  Destination:            anodes_o[0]
                            (output port)
  Path Group:             (none)
  Path Type:              Min at Fast Process Corner
  Data Path Delay:        1.989ns  (logic 1.377ns (69.263%)  route 0.611ns (30.737%))
  Logic Levels:           1  (OBUF=1)
  Clock Uncertainty:      0.025ns  ((TSJ^2 + TIJ^2)^1/2 + DJ) / 2 + PE
    Total System Jitter     (TSJ):    0.050ns
    Total Input Jitter      (TIJ):    0.000ns
    Discrete Jitter          (DJ):    0.000ns
    Phase Error              (PE):    0.000ns

    Location             Delay type                Incr(ns)  Path(ns)    Netlist Resource(s)
  -------------------------------------------------------------------    -------------------
                         (clock sys_clk_pin rise edge)
                                                      0.000     0.000 r  
    E3                                                0.000     0.000 r  clk (IN)
                         net (fo=0)                   0.000     0.000    clk
    E3                   IBUF (Prop_ibuf_I_O)         0.250     0.250 r  clk_IBUF_inst/O
                         net (fo=1, routed)           0.644     0.894    clk_IBUF
    BUFGCTRL_X0Y16       BUFG (Prop_bufg_I_O)         0.026     0.920 r  clk_IBUF_BUFG_inst/O
                         net (fo=104, routed)         0.600     1.519    clk_IBUF_BUFG
    SLICE_X3Y85          FDRE                                         r  anodes_reg[0]_lopt_replica/C
  -------------------------------------------------------------------    -------------------
    SLICE_X3Y85          FDRE (Prop_fdre_C_Q)         0.141     1.660 r  anodes_reg[0]_lopt_replica/Q
                         net (fo=1, routed)           0.611     2.272    anodes_reg[0]_lopt_replica_1
    J17                  OBUF (Prop_obuf_I_O)         1.236     3.508 r  anodes_o_OBUF[0]_inst/O
                         net (fo=0)                   0.000     3.508    anodes_o[0]
    J17                                                               r  anodes_o[0] (OUT)
  -------------------------------------------------------------------    -------------------





--------------------------------------------------------------------------------------
Path Group:  (none)
From Clock:  
  To Clock:  sys_clk_pin

Max Delay            51 Endpoints
Min Delay            51 Endpoints
--------------------------------------------------------------------------------------


Max Delay Paths
--------------------------------------------------------------------------------------
Slack:                    inf
  Source:                 rx_i
                            (input port)
  Destination:            i_UART_RX/FSM_sequential_state_reg[1]/D
                            (rising edge-triggered cell FDRE clocked by sys_clk_pin  {rise@0.000ns fall@5.000ns period=10.000ns})
  Path Group:             (none)
  Path Type:              Setup (Max at Slow Process Corner)
  Data Path Delay:        8.326ns  (logic 1.888ns (22.674%)  route 6.438ns (77.326%))
  Logic Levels:           4  (IBUF=1 LUT3=2 LUT6=1)
  Clock Path Skew:        5.025ns (DCD - SCD + CPR)
    Destination Clock Delay (DCD):    5.025ns
    Source Clock Delay      (SCD):    0.000ns
    Clock Pessimism Removal (CPR):    0.000ns
  Clock Uncertainty:      0.025ns  ((TSJ^2 + TIJ^2)^1/2 + DJ) / 2 + PE
    Total System Jitter     (TSJ):    0.050ns
    Total Input Jitter      (TIJ):    0.000ns
    Discrete Jitter          (DJ):    0.000ns
    Phase Error              (PE):    0.000ns

    Location             Delay type                Incr(ns)  Path(ns)    Netlist Resource(s)
  -------------------------------------------------------------------    -------------------
    C4                                                0.000     0.000 f  rx_i (IN)
                         net (fo=0)                   0.000     0.000    rx_i
    C4                   IBUF (Prop_ibuf_I_O)         1.490     1.490 f  rx_i_IBUF_inst/O
                         net (fo=2, routed)           5.278     6.768    i_UART_RX/D[0]
    SLICE_X0Y88          LUT3 (Prop_lut3_I2_O)        0.124     6.892 r  i_UART_RX/FSM_sequential_state[1]_i_4/O
                         net (fo=1, routed)           0.574     7.465    i_UART_RX/FSM_sequential_state[1]_i_4_n_0
    SLICE_X0Y87          LUT6 (Prop_lut6_I2_O)        0.124     7.589 r  i_UART_RX/FSM_sequential_state[1]_i_2/O
                         net (fo=2, routed)           0.586     8.176    i_UART_RX/FSM_sequential_state[1]_i_2_n_0
    SLICE_X0Y88          LUT3 (Prop_lut3_I1_O)        0.150     8.326 r  i_UART_RX/FSM_sequential_state[1]_i_1/O
                         net (fo=1, routed)           0.000     8.326    i_UART_RX/FSM_sequential_state[1]_i_1_n_0
    SLICE_X0Y88          FDRE                                         r  i_UART_RX/FSM_sequential_state_reg[1]/D
  -------------------------------------------------------------------    -------------------

                         (clock sys_clk_pin rise edge)
                                                      0.000     0.000 r  
    E3                                                0.000     0.000 r  clk (IN)
                         net (fo=0)                   0.000     0.000    clk
    E3                   IBUF (Prop_ibuf_I_O)         1.411     1.411 r  clk_IBUF_inst/O
                         net (fo=1, routed)           1.920     3.331    clk_IBUF
    BUFGCTRL_X0Y16       BUFG (Prop_bufg_I_O)         0.091     3.422 r  clk_IBUF_BUFG_inst/O
                         net (fo=104, routed)         1.602     5.025    i_UART_RX/clk_IBUF_BUFG
    SLICE_X0Y88          FDRE                                         r  i_UART_RX/FSM_sequential_state_reg[1]/C

Slack:                    inf
  Source:                 rx_i
                            (input port)
  Destination:            i_UART_RX/FSM_sequential_state_reg[0]/D
                            (rising edge-triggered cell FDRE clocked by sys_clk_pin  {rise@0.000ns fall@5.000ns period=10.000ns})
  Path Group:             (none)
  Path Type:              Setup (Max at Slow Process Corner)
  Data Path Delay:        8.300ns  (logic 1.862ns (22.432%)  route 6.438ns (77.568%))
  Logic Levels:           4  (IBUF=1 LUT2=1 LUT3=1 LUT6=1)
  Clock Path Skew:        5.025ns (DCD - SCD + CPR)
    Destination Clock Delay (DCD):    5.025ns
    Source Clock Delay      (SCD):    0.000ns
    Clock Pessimism Removal (CPR):    0.000ns
  Clock Uncertainty:      0.025ns  ((TSJ^2 + TIJ^2)^1/2 + DJ) / 2 + PE
    Total System Jitter     (TSJ):    0.050ns
    Total Input Jitter      (TIJ):    0.000ns
    Discrete Jitter          (DJ):    0.000ns
    Phase Error              (PE):    0.000ns

    Location             Delay type                Incr(ns)  Path(ns)    Netlist Resource(s)
  -------------------------------------------------------------------    -------------------
    C4                                                0.000     0.000 f  rx_i (IN)
                         net (fo=0)                   0.000     0.000    rx_i
    C4                   IBUF (Prop_ibuf_I_O)         1.490     1.490 f  rx_i_IBUF_inst/O
                         net (fo=2, routed)           5.278     6.768    i_UART_RX/D[0]
    SLICE_X0Y88          LUT3 (Prop_lut3_I2_O)        0.124     6.892 r  i_UART_RX/FSM_sequential_state[1]_i_4/O
                         net (fo=1, routed)           0.574     7.465    i_UART_RX/FSM_sequential_state[1]_i_4_n_0
    SLICE_X0Y87          LUT6 (Prop_lut6_I2_O)        0.124     7.589 r  i_UART_RX/FSM_sequential_state[1]_i_2/O
                         net (fo=2, routed)           0.586     8.176    i_UART_RX/FSM_sequential_state[1]_i_2_n_0
    SLICE_X0Y88          LUT2 (Prop_lut2_I0_O)        0.124     8.300 r  i_UART_RX/FSM_sequential_state[0]_i_1/O
                         net (fo=1, routed)           0.000     8.300    i_UART_RX/FSM_sequential_state[0]_i_1_n_0
    SLICE_X0Y88          FDRE                                         r  i_UART_RX/FSM_sequential_state_reg[0]/D
  -------------------------------------------------------------------    -------------------

                         (clock sys_clk_pin rise edge)
                                                      0.000     0.000 r  
    E3                                                0.000     0.000 r  clk (IN)
                         net (fo=0)                   0.000     0.000    clk
    E3                   IBUF (Prop_ibuf_I_O)         1.411     1.411 r  clk_IBUF_inst/O
                         net (fo=1, routed)           1.920     3.331    clk_IBUF
    BUFGCTRL_X0Y16       BUFG (Prop_bufg_I_O)         0.091     3.422 r  clk_IBUF_BUFG_inst/O
                         net (fo=104, routed)         1.602     5.025    i_UART_RX/clk_IBUF_BUFG
    SLICE_X0Y88          FDRE                                         r  i_UART_RX/FSM_sequential_state_reg[0]/C

Slack:                    inf
  Source:                 rx_i
                            (input port)
  Destination:            i_UART_RX/shreg_reg[7]/D
                            (rising edge-triggered cell FDRE clocked by sys_clk_pin  {rise@0.000ns fall@5.000ns period=10.000ns})
  Path Group:             (none)
  Path Type:              Setup (Max at Slow Process Corner)
  Data Path Delay:        6.383ns  (logic 1.490ns (23.340%)  route 4.893ns (76.660%))
  Logic Levels:           1  (IBUF=1)
  Clock Path Skew:        5.023ns (DCD - SCD + CPR)
    Destination Clock Delay (DCD):    5.023ns
    Source Clock Delay      (SCD):    0.000ns
    Clock Pessimism Removal (CPR):    0.000ns
  Clock Uncertainty:      0.025ns  ((TSJ^2 + TIJ^2)^1/2 + DJ) / 2 + PE
    Total System Jitter     (TSJ):    0.050ns
    Total Input Jitter      (TIJ):    0.000ns
    Discrete Jitter          (DJ):    0.000ns
    Phase Error              (PE):    0.000ns

    Location             Delay type                Incr(ns)  Path(ns)    Netlist Resource(s)
  -------------------------------------------------------------------    -------------------
    C4                                                0.000     0.000 r  rx_i (IN)
                         net (fo=0)                   0.000     0.000    rx_i
    C4                   IBUF (Prop_ibuf_I_O)         1.490     1.490 r  rx_i_IBUF_inst/O
                         net (fo=2, routed)           4.893     6.383    i_UART_RX/D[0]
    SLICE_X1Y86          FDRE                                         r  i_UART_RX/shreg_reg[7]/D
  -------------------------------------------------------------------    -------------------

                         (clock sys_clk_pin rise edge)
                                                      0.000     0.000 r  
    E3                                                0.000     0.000 r  clk (IN)
                         net (fo=0)                   0.000     0.000    clk
    E3                   IBUF (Prop_ibuf_I_O)         1.411     1.411 r  clk_IBUF_inst/O
                         net (fo=1, routed)           1.920     3.331    clk_IBUF
    BUFGCTRL_X0Y16       BUFG (Prop_bufg_I_O)         0.091     3.422 r  clk_IBUF_BUFG_inst/O
                         net (fo=104, routed)         1.600     5.023    i_UART_RX/clk_IBUF_BUFG
    SLICE_X1Y86          FDRE                                         r  i_UART_RX/shreg_reg[7]/C

Slack:                    inf
  Source:                 row_col_select
                            (input port)
  Destination:            col0_birler_reg[2]/CE
                            (rising edge-triggered cell FDRE clocked by sys_clk_pin  {rise@0.000ns fall@5.000ns period=10.000ns})
  Path Group:             (none)
  Path Type:              Setup (Max at Slow Process Corner)
  Data Path Delay:        4.562ns  (logic 1.602ns (35.106%)  route 2.961ns (64.894%))
  Logic Levels:           2  (IBUF=1 LUT1=1)
  Clock Path Skew:        5.018ns (DCD - SCD + CPR)
    Destination Clock Delay (DCD):    5.018ns
    Source Clock Delay      (SCD):    0.000ns
    Clock Pessimism Removal (CPR):    0.000ns
  Clock Uncertainty:      0.025ns  ((TSJ^2 + TIJ^2)^1/2 + DJ) / 2 + PE
    Total System Jitter     (TSJ):    0.050ns
    Total Input Jitter      (TIJ):    0.000ns
    Discrete Jitter          (DJ):    0.000ns
    Phase Error              (PE):    0.000ns

    Location             Delay type                Incr(ns)  Path(ns)    Netlist Resource(s)
  -------------------------------------------------------------------    -------------------
    J15                                               0.000     0.000 f  row_col_select (IN)
                         net (fo=0)                   0.000     0.000    row_col_select
    J15                  IBUF (Prop_ibuf_I_O)         1.478     1.478 f  row_col_select_IBUF_inst/O
                         net (fo=28, routed)          2.358     3.835    row_col_select_IBUF
    SLICE_X5Y82          LUT1 (Prop_lut1_I0_O)        0.124     3.959 r  col0_onlar[0]_i_1/O
                         net (fo=8, routed)           0.603     4.562    col2_onlar
    SLICE_X5Y82          FDRE                                         r  col0_birler_reg[2]/CE
  -------------------------------------------------------------------    -------------------

                         (clock sys_clk_pin rise edge)
                                                      0.000     0.000 r  
    E3                                                0.000     0.000 r  clk (IN)
                         net (fo=0)                   0.000     0.000    clk
    E3                   IBUF (Prop_ibuf_I_O)         1.411     1.411 r  clk_IBUF_inst/O
                         net (fo=1, routed)           1.920     3.331    clk_IBUF
    BUFGCTRL_X0Y16       BUFG (Prop_bufg_I_O)         0.091     3.422 r  clk_IBUF_BUFG_inst/O
                         net (fo=104, routed)         1.595     5.018    clk_IBUF_BUFG
    SLICE_X5Y82          FDRE                                         r  col0_birler_reg[2]/C

Slack:                    inf
  Source:                 row_col_select
                            (input port)
  Destination:            col1_onlar_reg[2]/CE
                            (rising edge-triggered cell FDRE clocked by sys_clk_pin  {rise@0.000ns fall@5.000ns period=10.000ns})
  Path Group:             (none)
  Path Type:              Setup (Max at Slow Process Corner)
  Data Path Delay:        4.562ns  (logic 1.602ns (35.106%)  route 2.961ns (64.894%))
  Logic Levels:           2  (IBUF=1 LUT1=1)
  Clock Path Skew:        5.018ns (DCD - SCD + CPR)
    Destination Clock Delay (DCD):    5.018ns
    Source Clock Delay      (SCD):    0.000ns
    Clock Pessimism Removal (CPR):    0.000ns
  Clock Uncertainty:      0.025ns  ((TSJ^2 + TIJ^2)^1/2 + DJ) / 2 + PE
    Total System Jitter     (TSJ):    0.050ns
    Total Input Jitter      (TIJ):    0.000ns
    Discrete Jitter          (DJ):    0.000ns
    Phase Error              (PE):    0.000ns

    Location             Delay type                Incr(ns)  Path(ns)    Netlist Resource(s)
  -------------------------------------------------------------------    -------------------
    J15                                               0.000     0.000 f  row_col_select (IN)
                         net (fo=0)                   0.000     0.000    row_col_select
    J15                  IBUF (Prop_ibuf_I_O)         1.478     1.478 f  row_col_select_IBUF_inst/O
                         net (fo=28, routed)          2.358     3.835    row_col_select_IBUF
    SLICE_X5Y82          LUT1 (Prop_lut1_I0_O)        0.124     3.959 r  col0_onlar[0]_i_1/O
                         net (fo=8, routed)           0.603     4.562    col2_onlar
    SLICE_X5Y82          FDRE                                         r  col1_onlar_reg[2]/CE
  -------------------------------------------------------------------    -------------------

                         (clock sys_clk_pin rise edge)
                                                      0.000     0.000 r  
    E3                                                0.000     0.000 r  clk (IN)
                         net (fo=0)                   0.000     0.000    clk
    E3                   IBUF (Prop_ibuf_I_O)         1.411     1.411 r  clk_IBUF_inst/O
                         net (fo=1, routed)           1.920     3.331    clk_IBUF
    BUFGCTRL_X0Y16       BUFG (Prop_bufg_I_O)         0.091     3.422 r  clk_IBUF_BUFG_inst/O
                         net (fo=104, routed)         1.595     5.018    clk_IBUF_BUFG
    SLICE_X5Y82          FDRE                                         r  col1_onlar_reg[2]/C

Slack:                    inf
  Source:                 row_col_select
                            (input port)
  Destination:            col0_birler_reg[1]/CE
                            (rising edge-triggered cell FDRE clocked by sys_clk_pin  {rise@0.000ns fall@5.000ns period=10.000ns})
  Path Group:             (none)
  Path Type:              Setup (Max at Slow Process Corner)
  Data Path Delay:        4.506ns  (logic 1.602ns (35.546%)  route 2.904ns (64.454%))
  Logic Levels:           2  (IBUF=1 LUT1=1)
  Clock Path Skew:        5.018ns (DCD - SCD + CPR)
    Destination Clock Delay (DCD):    5.018ns
    Source Clock Delay      (SCD):    0.000ns
    Clock Pessimism Removal (CPR):    0.000ns
  Clock Uncertainty:      0.025ns  ((TSJ^2 + TIJ^2)^1/2 + DJ) / 2 + PE
    Total System Jitter     (TSJ):    0.050ns
    Total Input Jitter      (TIJ):    0.000ns
    Discrete Jitter          (DJ):    0.000ns
    Phase Error              (PE):    0.000ns

    Location             Delay type                Incr(ns)  Path(ns)    Netlist Resource(s)
  -------------------------------------------------------------------    -------------------
    J15                                               0.000     0.000 f  row_col_select (IN)
                         net (fo=0)                   0.000     0.000    row_col_select
    J15                  IBUF (Prop_ibuf_I_O)         1.478     1.478 f  row_col_select_IBUF_inst/O
                         net (fo=28, routed)          2.358     3.835    row_col_select_IBUF
    SLICE_X5Y82          LUT1 (Prop_lut1_I0_O)        0.124     3.959 r  col0_onlar[0]_i_1/O
                         net (fo=8, routed)           0.546     4.506    col2_onlar
    SLICE_X6Y82          FDRE                                         r  col0_birler_reg[1]/CE
  -------------------------------------------------------------------    -------------------

                         (clock sys_clk_pin rise edge)
                                                      0.000     0.000 r  
    E3                                                0.000     0.000 r  clk (IN)
                         net (fo=0)                   0.000     0.000    clk
    E3                   IBUF (Prop_ibuf_I_O)         1.411     1.411 r  clk_IBUF_inst/O
                         net (fo=1, routed)           1.920     3.331    clk_IBUF
    BUFGCTRL_X0Y16       BUFG (Prop_bufg_I_O)         0.091     3.422 r  clk_IBUF_BUFG_inst/O
                         net (fo=104, routed)         1.595     5.018    clk_IBUF_BUFG
    SLICE_X6Y82          FDRE                                         r  col0_birler_reg[1]/C

Slack:                    inf
  Source:                 row_col_select
                            (input port)
  Destination:            col0_onlar_reg[0]/CE
                            (rising edge-triggered cell FDRE clocked by sys_clk_pin  {rise@0.000ns fall@5.000ns period=10.000ns})
  Path Group:             (none)
  Path Type:              Setup (Max at Slow Process Corner)
  Data Path Delay:        4.506ns  (logic 1.602ns (35.546%)  route 2.904ns (64.454%))
  Logic Levels:           2  (IBUF=1 LUT1=1)
  Clock Path Skew:        5.018ns (DCD - SCD + CPR)
    Destination Clock Delay (DCD):    5.018ns
    Source Clock Delay      (SCD):    0.000ns
    Clock Pessimism Removal (CPR):    0.000ns
  Clock Uncertainty:      0.025ns  ((TSJ^2 + TIJ^2)^1/2 + DJ) / 2 + PE
    Total System Jitter     (TSJ):    0.050ns
    Total Input Jitter      (TIJ):    0.000ns
    Discrete Jitter          (DJ):    0.000ns
    Phase Error              (PE):    0.000ns

    Location             Delay type                Incr(ns)  Path(ns)    Netlist Resource(s)
  -------------------------------------------------------------------    -------------------
    J15                                               0.000     0.000 f  row_col_select (IN)
                         net (fo=0)                   0.000     0.000    row_col_select
    J15                  IBUF (Prop_ibuf_I_O)         1.478     1.478 f  row_col_select_IBUF_inst/O
                         net (fo=28, routed)          2.358     3.835    row_col_select_IBUF
    SLICE_X5Y82          LUT1 (Prop_lut1_I0_O)        0.124     3.959 r  col0_onlar[0]_i_1/O
                         net (fo=8, routed)           0.546     4.506    col2_onlar
    SLICE_X6Y82          FDRE                                         r  col0_onlar_reg[0]/CE
  -------------------------------------------------------------------    -------------------

                         (clock sys_clk_pin rise edge)
                                                      0.000     0.000 r  
    E3                                                0.000     0.000 r  clk (IN)
                         net (fo=0)                   0.000     0.000    clk
    E3                   IBUF (Prop_ibuf_I_O)         1.411     1.411 r  clk_IBUF_inst/O
                         net (fo=1, routed)           1.920     3.331    clk_IBUF
    BUFGCTRL_X0Y16       BUFG (Prop_bufg_I_O)         0.091     3.422 r  clk_IBUF_BUFG_inst/O
                         net (fo=104, routed)         1.595     5.018    clk_IBUF_BUFG
    SLICE_X6Y82          FDRE                                         r  col0_onlar_reg[0]/C

Slack:                    inf
  Source:                 row_col_select
                            (input port)
  Destination:            col1_onlar_reg[0]/CE
                            (rising edge-triggered cell FDRE clocked by sys_clk_pin  {rise@0.000ns fall@5.000ns period=10.000ns})
  Path Group:             (none)
  Path Type:              Setup (Max at Slow Process Corner)
  Data Path Delay:        4.506ns  (logic 1.602ns (35.546%)  route 2.904ns (64.454%))
  Logic Levels:           2  (IBUF=1 LUT1=1)
  Clock Path Skew:        5.018ns (DCD - SCD + CPR)
    Destination Clock Delay (DCD):    5.018ns
    Source Clock Delay      (SCD):    0.000ns
    Clock Pessimism Removal (CPR):    0.000ns
  Clock Uncertainty:      0.025ns  ((TSJ^2 + TIJ^2)^1/2 + DJ) / 2 + PE
    Total System Jitter     (TSJ):    0.050ns
    Total Input Jitter      (TIJ):    0.000ns
    Discrete Jitter          (DJ):    0.000ns
    Phase Error              (PE):    0.000ns

    Location             Delay type                Incr(ns)  Path(ns)    Netlist Resource(s)
  -------------------------------------------------------------------    -------------------
    J15                                               0.000     0.000 f  row_col_select (IN)
                         net (fo=0)                   0.000     0.000    row_col_select
    J15                  IBUF (Prop_ibuf_I_O)         1.478     1.478 f  row_col_select_IBUF_inst/O
                         net (fo=28, routed)          2.358     3.835    row_col_select_IBUF
    SLICE_X5Y82          LUT1 (Prop_lut1_I0_O)        0.124     3.959 r  col0_onlar[0]_i_1/O
                         net (fo=8, routed)           0.546     4.506    col2_onlar
    SLICE_X6Y82          FDRE                                         r  col1_onlar_reg[0]/CE
  -------------------------------------------------------------------    -------------------

                         (clock sys_clk_pin rise edge)
                                                      0.000     0.000 r  
    E3                                                0.000     0.000 r  clk (IN)
                         net (fo=0)                   0.000     0.000    clk
    E3                   IBUF (Prop_ibuf_I_O)         1.411     1.411 r  clk_IBUF_inst/O
                         net (fo=1, routed)           1.920     3.331    clk_IBUF
    BUFGCTRL_X0Y16       BUFG (Prop_bufg_I_O)         0.091     3.422 r  clk_IBUF_BUFG_inst/O
                         net (fo=104, routed)         1.595     5.018    clk_IBUF_BUFG
    SLICE_X6Y82          FDRE                                         r  col1_onlar_reg[0]/C

Slack:                    inf
  Source:                 row_col_select
                            (input port)
  Destination:            col1_onlar_reg[1]/CE
                            (rising edge-triggered cell FDRE clocked by sys_clk_pin  {rise@0.000ns fall@5.000ns period=10.000ns})
  Path Group:             (none)
  Path Type:              Setup (Max at Slow Process Corner)
  Data Path Delay:        4.506ns  (logic 1.602ns (35.546%)  route 2.904ns (64.454%))
  Logic Levels:           2  (IBUF=1 LUT1=1)
  Clock Path Skew:        5.018ns (DCD - SCD + CPR)
    Destination Clock Delay (DCD):    5.018ns
    Source Clock Delay      (SCD):    0.000ns
    Clock Pessimism Removal (CPR):    0.000ns
  Clock Uncertainty:      0.025ns  ((TSJ^2 + TIJ^2)^1/2 + DJ) / 2 + PE
    Total System Jitter     (TSJ):    0.050ns
    Total Input Jitter      (TIJ):    0.000ns
    Discrete Jitter          (DJ):    0.000ns
    Phase Error              (PE):    0.000ns

    Location             Delay type                Incr(ns)  Path(ns)    Netlist Resource(s)
  -------------------------------------------------------------------    -------------------
    J15                                               0.000     0.000 f  row_col_select (IN)
                         net (fo=0)                   0.000     0.000    row_col_select
    J15                  IBUF (Prop_ibuf_I_O)         1.478     1.478 f  row_col_select_IBUF_inst/O
                         net (fo=28, routed)          2.358     3.835    row_col_select_IBUF
    SLICE_X5Y82          LUT1 (Prop_lut1_I0_O)        0.124     3.959 r  col0_onlar[0]_i_1/O
                         net (fo=8, routed)           0.546     4.506    col2_onlar
    SLICE_X6Y82          FDRE                                         r  col1_onlar_reg[1]/CE
  -------------------------------------------------------------------    -------------------

                         (clock sys_clk_pin rise edge)
                                                      0.000     0.000 r  
    E3                                                0.000     0.000 r  clk (IN)
                         net (fo=0)                   0.000     0.000    clk
    E3                   IBUF (Prop_ibuf_I_O)         1.411     1.411 r  clk_IBUF_inst/O
                         net (fo=1, routed)           1.920     3.331    clk_IBUF
    BUFGCTRL_X0Y16       BUFG (Prop_bufg_I_O)         0.091     3.422 r  clk_IBUF_BUFG_inst/O
                         net (fo=104, routed)         1.595     5.018    clk_IBUF_BUFG
    SLICE_X6Y82          FDRE                                         r  col1_onlar_reg[1]/C

Slack:                    inf
  Source:                 row_col_select
                            (input port)
  Destination:            col2_birler_reg[0]/CE
                            (rising edge-triggered cell FDRE clocked by sys_clk_pin  {rise@0.000ns fall@5.000ns period=10.000ns})
  Path Group:             (none)
  Path Type:              Setup (Max at Slow Process Corner)
  Data Path Delay:        4.506ns  (logic 1.602ns (35.546%)  route 2.904ns (64.454%))
  Logic Levels:           2  (IBUF=1 LUT1=1)
  Clock Path Skew:        5.018ns (DCD - SCD + CPR)
    Destination Clock Delay (DCD):    5.018ns
    Source Clock Delay      (SCD):    0.000ns
    Clock Pessimism Removal (CPR):    0.000ns
  Clock Uncertainty:      0.025ns  ((TSJ^2 + TIJ^2)^1/2 + DJ) / 2 + PE
    Total System Jitter     (TSJ):    0.050ns
    Total Input Jitter      (TIJ):    0.000ns
    Discrete Jitter          (DJ):    0.000ns
    Phase Error              (PE):    0.000ns

    Location             Delay type                Incr(ns)  Path(ns)    Netlist Resource(s)
  -------------------------------------------------------------------    -------------------
    J15                                               0.000     0.000 f  row_col_select (IN)
                         net (fo=0)                   0.000     0.000    row_col_select
    J15                  IBUF (Prop_ibuf_I_O)         1.478     1.478 f  row_col_select_IBUF_inst/O
                         net (fo=28, routed)          2.358     3.835    row_col_select_IBUF
    SLICE_X5Y82          LUT1 (Prop_lut1_I0_O)        0.124     3.959 r  col0_onlar[0]_i_1/O
                         net (fo=8, routed)           0.546     4.506    col2_onlar
    SLICE_X6Y82          FDRE                                         r  col2_birler_reg[0]/CE
  -------------------------------------------------------------------    -------------------

                         (clock sys_clk_pin rise edge)
                                                      0.000     0.000 r  
    E3                                                0.000     0.000 r  clk (IN)
                         net (fo=0)                   0.000     0.000    clk
    E3                   IBUF (Prop_ibuf_I_O)         1.411     1.411 r  clk_IBUF_inst/O
                         net (fo=1, routed)           1.920     3.331    clk_IBUF
    BUFGCTRL_X0Y16       BUFG (Prop_bufg_I_O)         0.091     3.422 r  clk_IBUF_BUFG_inst/O
                         net (fo=104, routed)         1.595     5.018    clk_IBUF_BUFG
    SLICE_X6Y82          FDRE                                         r  col2_birler_reg[0]/C





Min Delay Paths
--------------------------------------------------------------------------------------
Slack:                    inf
  Source:                 row_sel[1]
                            (input port)
  Destination:            row0_onlar_reg[2]/D
                            (rising edge-triggered cell FDRE clocked by sys_clk_pin  {rise@0.000ns fall@5.000ns period=10.000ns})
  Path Group:             (none)
  Path Type:              Hold (Min at Fast Process Corner)
  Data Path Delay:        0.756ns  (logic 0.301ns (39.815%)  route 0.455ns (60.185%))
  Logic Levels:           2  (IBUF=1 LUT4=1)
  Clock Path Skew:        2.034ns (DCD - SCD - CPR)
    Destination Clock Delay (DCD):    2.034ns
    Source Clock Delay      (SCD):    0.000ns
    Clock Pessimism Removal (CPR):    -0.000ns

    Location             Delay type                Incr(ns)  Path(ns)    Netlist Resource(s)
  -------------------------------------------------------------------    -------------------
    M13                                               0.000     0.000 r  row_sel[1] (IN)
                         net (fo=0)                   0.000     0.000    row_sel[1]
    M13                  IBUF (Prop_ibuf_I_O)         0.253     0.253 r  row_sel_IBUF[1]_inst/O
                         net (fo=5, routed)           0.455     0.708    row_sel_IBUF[1]
    SLICE_X5Y85          LUT4 (Prop_lut4_I2_O)        0.048     0.756 r  row0_onlar[2]_i_1/O
                         net (fo=1, routed)           0.000     0.756    row0_onlar[2]_i_1_n_0
    SLICE_X5Y85          FDRE                                         r  row0_onlar_reg[2]/D
  -------------------------------------------------------------------    -------------------

                         (clock sys_clk_pin rise edge)
                                                      0.000     0.000 r  
    E3                                                0.000     0.000 r  clk (IN)
                         net (fo=0)                   0.000     0.000    clk
    E3                   IBUF (Prop_ibuf_I_O)         0.438     0.438 r  clk_IBUF_inst/O
                         net (fo=1, routed)           0.699     1.136    clk_IBUF
    BUFGCTRL_X0Y16       BUFG (Prop_bufg_I_O)         0.029     1.165 r  clk_IBUF_BUFG_inst/O
                         net (fo=104, routed)         0.869     2.034    clk_IBUF_BUFG
    SLICE_X5Y85          FDRE                                         r  row0_onlar_reg[2]/C

Slack:                    inf
  Source:                 row_sel[1]
                            (input port)
  Destination:            row1_onlar_reg[3]/D
                            (rising edge-triggered cell FDRE clocked by sys_clk_pin  {rise@0.000ns fall@5.000ns period=10.000ns})
  Path Group:             (none)
  Path Type:              Hold (Min at Fast Process Corner)
  Data Path Delay:        0.771ns  (logic 0.295ns (38.264%)  route 0.476ns (61.736%))
  Logic Levels:           2  (IBUF=1 LUT2=1)
  Clock Path Skew:        2.034ns (DCD - SCD - CPR)
    Destination Clock Delay (DCD):    2.034ns
    Source Clock Delay      (SCD):    0.000ns
    Clock Pessimism Removal (CPR):    -0.000ns

    Location             Delay type                Incr(ns)  Path(ns)    Netlist Resource(s)
  -------------------------------------------------------------------    -------------------
    M13                                               0.000     0.000 f  row_sel[1] (IN)
                         net (fo=0)                   0.000     0.000    row_sel[1]
    M13                  IBUF (Prop_ibuf_I_O)         0.253     0.253 f  row_sel_IBUF[1]_inst/O
                         net (fo=5, routed)           0.476     0.729    row_sel_IBUF[1]
    SLICE_X5Y86          LUT2 (Prop_lut2_I1_O)        0.042     0.771 r  row1_onlar[3]_i_1/O
                         net (fo=1, routed)           0.000     0.771    row1_onlar[3]_i_1_n_0
    SLICE_X5Y86          FDRE                                         r  row1_onlar_reg[3]/D
  -------------------------------------------------------------------    -------------------

                         (clock sys_clk_pin rise edge)
                                                      0.000     0.000 r  
    E3                                                0.000     0.000 r  clk (IN)
                         net (fo=0)                   0.000     0.000    clk
    E3                   IBUF (Prop_ibuf_I_O)         0.438     0.438 r  clk_IBUF_inst/O
                         net (fo=1, routed)           0.699     1.136    clk_IBUF
    BUFGCTRL_X0Y16       BUFG (Prop_bufg_I_O)         0.029     1.165 r  clk_IBUF_BUFG_inst/O
                         net (fo=104, routed)         0.869     2.034    clk_IBUF_BUFG
    SLICE_X5Y86          FDRE                                         r  row1_onlar_reg[3]/C

Slack:                    inf
  Source:                 row_sel[1]
                            (input port)
  Destination:            row1_onlar_reg[2]/D
                            (rising edge-triggered cell FDRE clocked by sys_clk_pin  {rise@0.000ns fall@5.000ns period=10.000ns})
  Path Group:             (none)
  Path Type:              Hold (Min at Fast Process Corner)
  Data Path Delay:        0.774ns  (logic 0.298ns (38.503%)  route 0.476ns (61.497%))
  Logic Levels:           2  (IBUF=1 LUT2=1)
  Clock Path Skew:        2.034ns (DCD - SCD - CPR)
    Destination Clock Delay (DCD):    2.034ns
    Source Clock Delay      (SCD):    0.000ns
    Clock Pessimism Removal (CPR):    -0.000ns

    Location             Delay type                Incr(ns)  Path(ns)    Netlist Resource(s)
  -------------------------------------------------------------------    -------------------
    M13                                               0.000     0.000 f  row_sel[1] (IN)
                         net (fo=0)                   0.000     0.000    row_sel[1]
    M13                  IBUF (Prop_ibuf_I_O)         0.253     0.253 f  row_sel_IBUF[1]_inst/O
                         net (fo=5, routed)           0.476     0.729    row_sel_IBUF[1]
    SLICE_X5Y86          LUT2 (Prop_lut2_I0_O)        0.045     0.774 r  row1_onlar[2]_i_1/O
                         net (fo=1, routed)           0.000     0.774    row0_birler111_out
    SLICE_X5Y86          FDRE                                         r  row1_onlar_reg[2]/D
  -------------------------------------------------------------------    -------------------

                         (clock sys_clk_pin rise edge)
                                                      0.000     0.000 r  
    E3                                                0.000     0.000 r  clk (IN)
                         net (fo=0)                   0.000     0.000    clk
    E3                   IBUF (Prop_ibuf_I_O)         0.438     0.438 r  clk_IBUF_inst/O
                         net (fo=1, routed)           0.699     1.136    clk_IBUF
    BUFGCTRL_X0Y16       BUFG (Prop_bufg_I_O)         0.029     1.165 r  clk_IBUF_BUFG_inst/O
                         net (fo=104, routed)         0.869     2.034    clk_IBUF_BUFG
    SLICE_X5Y86          FDRE                                         r  row1_onlar_reg[2]/C

Slack:                    inf
  Source:                 row_sel[1]
                            (input port)
  Destination:            row1_onlar_reg[0]/D
                            (rising edge-triggered cell FDRE clocked by sys_clk_pin  {rise@0.000ns fall@5.000ns period=10.000ns})
  Path Group:             (none)
  Path Type:              Hold (Min at Fast Process Corner)
  Data Path Delay:        0.776ns  (logic 0.298ns (38.404%)  route 0.478ns (61.596%))
  Logic Levels:           2  (IBUF=1 LUT1=1)
  Clock Path Skew:        2.034ns (DCD - SCD - CPR)
    Destination Clock Delay (DCD):    2.034ns
    Source Clock Delay      (SCD):    0.000ns
    Clock Pessimism Removal (CPR):    -0.000ns

    Location             Delay type                Incr(ns)  Path(ns)    Netlist Resource(s)
  -------------------------------------------------------------------    -------------------
    M13                                               0.000     0.000 f  row_sel[1] (IN)
                         net (fo=0)                   0.000     0.000    row_sel[1]
    M13                  IBUF (Prop_ibuf_I_O)         0.253     0.253 f  row_sel_IBUF[1]_inst/O
                         net (fo=5, routed)           0.478     0.731    row_sel_IBUF[1]
    SLICE_X5Y86          LUT1 (Prop_lut1_I0_O)        0.045     0.776 r  row1_onlar[0]_i_1/O
                         net (fo=1, routed)           0.000     0.776    row1_onlar[0]_i_1_n_0
    SLICE_X5Y86          FDRE                                         r  row1_onlar_reg[0]/D
  -------------------------------------------------------------------    -------------------

                         (clock sys_clk_pin rise edge)
                                                      0.000     0.000 r  
    E3                                                0.000     0.000 r  clk (IN)
                         net (fo=0)                   0.000     0.000    clk
    E3                   IBUF (Prop_ibuf_I_O)         0.438     0.438 r  clk_IBUF_inst/O
                         net (fo=1, routed)           0.699     1.136    clk_IBUF
    BUFGCTRL_X0Y16       BUFG (Prop_bufg_I_O)         0.029     1.165 r  clk_IBUF_BUFG_inst/O
                         net (fo=104, routed)         0.869     2.034    clk_IBUF_BUFG
    SLICE_X5Y86          FDRE                                         r  row1_onlar_reg[0]/C

Slack:                    inf
  Source:                 row_sel[1]
                            (input port)
  Destination:            row1_onlar_reg[1]/D
                            (rising edge-triggered cell FDRE clocked by sys_clk_pin  {rise@0.000ns fall@5.000ns period=10.000ns})
  Path Group:             (none)
  Path Type:              Hold (Min at Fast Process Corner)
  Data Path Delay:        0.821ns  (logic 0.296ns (36.045%)  route 0.525ns (63.955%))
  Logic Levels:           2  (IBUF=1 LUT2=1)
  Clock Path Skew:        2.034ns (DCD - SCD - CPR)
    Destination Clock Delay (DCD):    2.034ns
    Source Clock Delay      (SCD):    0.000ns
    Clock Pessimism Removal (CPR):    -0.000ns

    Location             Delay type                Incr(ns)  Path(ns)    Netlist Resource(s)
  -------------------------------------------------------------------    -------------------
    M13                                               0.000     0.000 r  row_sel[1] (IN)
                         net (fo=0)                   0.000     0.000    row_sel[1]
    M13                  IBUF (Prop_ibuf_I_O)         0.253     0.253 r  row_sel_IBUF[1]_inst/O
                         net (fo=5, routed)           0.525     0.778    row_sel_IBUF[1]
    SLICE_X6Y85          LUT2 (Prop_lut2_I1_O)        0.043     0.821 r  row1_onlar[1]_i_1/O
                         net (fo=1, routed)           0.000     0.821    row1_onlar[1]_i_1_n_0
    SLICE_X6Y85          FDRE                                         r  row1_onlar_reg[1]/D
  -------------------------------------------------------------------    -------------------

                         (clock sys_clk_pin rise edge)
                                                      0.000     0.000 r  
    E3                                                0.000     0.000 r  clk (IN)
                         net (fo=0)                   0.000     0.000    clk
    E3                   IBUF (Prop_ibuf_I_O)         0.438     0.438 r  clk_IBUF_inst/O
                         net (fo=1, routed)           0.699     1.136    clk_IBUF
    BUFGCTRL_X0Y16       BUFG (Prop_bufg_I_O)         0.029     1.165 r  clk_IBUF_BUFG_inst/O
                         net (fo=104, routed)         0.869     2.034    clk_IBUF_BUFG
    SLICE_X6Y85          FDRE                                         r  row1_onlar_reg[1]/C

Slack:                    inf
  Source:                 col_sel[1]
                            (input port)
  Destination:            col0_birler_reg[2]/D
                            (rising edge-triggered cell FDRE clocked by sys_clk_pin  {rise@0.000ns fall@5.000ns period=10.000ns})
  Path Group:             (none)
  Path Type:              Hold (Min at Fast Process Corner)
  Data Path Delay:        0.861ns  (logic 0.305ns (35.459%)  route 0.556ns (64.541%))
  Logic Levels:           2  (IBUF=1 LUT1=1)
  Clock Path Skew:        2.031ns (DCD - SCD - CPR)
    Destination Clock Delay (DCD):    2.031ns
    Source Clock Delay      (SCD):    0.000ns
    Clock Pessimism Removal (CPR):    -0.000ns

    Location             Delay type                Incr(ns)  Path(ns)    Netlist Resource(s)
  -------------------------------------------------------------------    -------------------
    R17                                               0.000     0.000 f  col_sel[1] (IN)
                         net (fo=0)                   0.000     0.000    col_sel[1]
    R17                  IBUF (Prop_ibuf_I_O)         0.260     0.260 f  col_sel_IBUF[1]_inst/O
                         net (fo=7, routed)           0.556     0.816    col_sel_IBUF[1]
    SLICE_X5Y82          LUT1 (Prop_lut1_I0_O)        0.045     0.861 r  col0_birler[2]_i_1/O
                         net (fo=1, routed)           0.000     0.861    col0_birler[2]_i_1_n_0
    SLICE_X5Y82          FDRE                                         r  col0_birler_reg[2]/D
  -------------------------------------------------------------------    -------------------

                         (clock sys_clk_pin rise edge)
                                                      0.000     0.000 r  
    E3                                                0.000     0.000 r  clk (IN)
                         net (fo=0)                   0.000     0.000    clk
    E3                   IBUF (Prop_ibuf_I_O)         0.438     0.438 r  clk_IBUF_inst/O
                         net (fo=1, routed)           0.699     1.136    clk_IBUF
    BUFGCTRL_X0Y16       BUFG (Prop_bufg_I_O)         0.029     1.165 r  clk_IBUF_BUFG_inst/O
                         net (fo=104, routed)         0.866     2.031    clk_IBUF_BUFG
    SLICE_X5Y82          FDRE                                         r  col0_birler_reg[2]/C

Slack:                    inf
  Source:                 row_sel[0]
                            (input port)
  Destination:            row0_birler_reg[0]/D
                            (rising edge-triggered cell FDRE clocked by sys_clk_pin  {rise@0.000ns fall@5.000ns period=10.000ns})
  Path Group:             (none)
  Path Type:              Hold (Min at Fast Process Corner)
  Data Path Delay:        0.874ns  (logic 0.292ns (33.476%)  route 0.581ns (66.524%))
  Logic Levels:           2  (IBUF=1 LUT1=1)
  Clock Path Skew:        2.034ns (DCD - SCD - CPR)
    Destination Clock Delay (DCD):    2.034ns
    Source Clock Delay      (SCD):    0.000ns
    Clock Pessimism Removal (CPR):    -0.000ns

    Location             Delay type                Incr(ns)  Path(ns)    Netlist Resource(s)
  -------------------------------------------------------------------    -------------------
    L16                                               0.000     0.000 f  row_sel[0] (IN)
                         net (fo=0)                   0.000     0.000    row_sel[0]
    L16                  IBUF (Prop_ibuf_I_O)         0.247     0.247 f  row_sel_IBUF[0]_inst/O
                         net (fo=6, routed)           0.581     0.829    row_sel_IBUF[0]
    SLICE_X6Y85          LUT1 (Prop_lut1_I0_O)        0.045     0.874 r  row0_birler[0]_i_1/O
                         net (fo=1, routed)           0.000     0.874    row0_birler[0]_i_1_n_0
    SLICE_X6Y85          FDRE                                         r  row0_birler_reg[0]/D
  -------------------------------------------------------------------    -------------------

                         (clock sys_clk_pin rise edge)
                                                      0.000     0.000 r  
    E3                                                0.000     0.000 r  clk (IN)
                         net (fo=0)                   0.000     0.000    clk
    E3                   IBUF (Prop_ibuf_I_O)         0.438     0.438 r  clk_IBUF_inst/O
                         net (fo=1, routed)           0.699     1.136    clk_IBUF
    BUFGCTRL_X0Y16       BUFG (Prop_bufg_I_O)         0.029     1.165 r  clk_IBUF_BUFG_inst/O
                         net (fo=104, routed)         0.869     2.034    clk_IBUF_BUFG
    SLICE_X6Y85          FDRE                                         r  row0_birler_reg[0]/C

Slack:                    inf
  Source:                 row_sel[0]
                            (input port)
  Destination:            row0_onlar_reg[0]/D
                            (rising edge-triggered cell FDRE clocked by sys_clk_pin  {rise@0.000ns fall@5.000ns period=10.000ns})
  Path Group:             (none)
  Path Type:              Hold (Min at Fast Process Corner)
  Data Path Delay:        0.879ns  (logic 0.292ns (33.254%)  route 0.587ns (66.746%))
  Logic Levels:           2  (IBUF=1 LUT3=1)
  Clock Path Skew:        2.034ns (DCD - SCD - CPR)
    Destination Clock Delay (DCD):    2.034ns
    Source Clock Delay      (SCD):    0.000ns
    Clock Pessimism Removal (CPR):    -0.000ns

    Location             Delay type                Incr(ns)  Path(ns)    Netlist Resource(s)
  -------------------------------------------------------------------    -------------------
    L16                                               0.000     0.000 f  row_sel[0] (IN)
                         net (fo=0)                   0.000     0.000    row_sel[0]
    L16                  IBUF (Prop_ibuf_I_O)         0.247     0.247 f  row_sel_IBUF[0]_inst/O
                         net (fo=6, routed)           0.587     0.834    row_sel_IBUF[0]
    SLICE_X5Y85          LUT3 (Prop_lut3_I1_O)        0.045     0.879 r  row0_onlar[0]_i_1/O
                         net (fo=1, routed)           0.000     0.879    row0_onlar[0]_i_1_n_0
    SLICE_X5Y85          FDRE                                         r  row0_onlar_reg[0]/D
  -------------------------------------------------------------------    -------------------

                         (clock sys_clk_pin rise edge)
                                                      0.000     0.000 r  
    E3                                                0.000     0.000 r  clk (IN)
                         net (fo=0)                   0.000     0.000    clk
    E3                   IBUF (Prop_ibuf_I_O)         0.438     0.438 r  clk_IBUF_inst/O
                         net (fo=1, routed)           0.699     1.136    clk_IBUF
    BUFGCTRL_X0Y16       BUFG (Prop_bufg_I_O)         0.029     1.165 r  clk_IBUF_BUFG_inst/O
                         net (fo=104, routed)         0.869     2.034    clk_IBUF_BUFG
    SLICE_X5Y85          FDRE                                         r  row0_onlar_reg[0]/C

Slack:                    inf
  Source:                 row_col_select
                            (input port)
  Destination:            row0_birler_reg[0]/CE
                            (rising edge-triggered cell FDRE clocked by sys_clk_pin  {rise@0.000ns fall@5.000ns period=10.000ns})
  Path Group:             (none)
  Path Type:              Hold (Min at Fast Process Corner)
  Data Path Delay:        0.885ns  (logic 0.245ns (27.742%)  route 0.639ns (72.258%))
  Logic Levels:           1  (IBUF=1)
  Clock Path Skew:        2.034ns (DCD - SCD - CPR)
    Destination Clock Delay (DCD):    2.034ns
    Source Clock Delay      (SCD):    0.000ns
    Clock Pessimism Removal (CPR):    -0.000ns

    Location             Delay type                Incr(ns)  Path(ns)    Netlist Resource(s)
  -------------------------------------------------------------------    -------------------
    J15                                               0.000     0.000 r  row_col_select (IN)
                         net (fo=0)                   0.000     0.000    row_col_select
    J15                  IBUF (Prop_ibuf_I_O)         0.245     0.245 r  row_col_select_IBUF_inst/O
                         net (fo=28, routed)          0.639     0.885    row_col_select_IBUF
    SLICE_X6Y85          FDRE                                         r  row0_birler_reg[0]/CE
  -------------------------------------------------------------------    -------------------

                         (clock sys_clk_pin rise edge)
                                                      0.000     0.000 r  
    E3                                                0.000     0.000 r  clk (IN)
                         net (fo=0)                   0.000     0.000    clk
    E3                   IBUF (Prop_ibuf_I_O)         0.438     0.438 r  clk_IBUF_inst/O
                         net (fo=1, routed)           0.699     1.136    clk_IBUF
    BUFGCTRL_X0Y16       BUFG (Prop_bufg_I_O)         0.029     1.165 r  clk_IBUF_BUFG_inst/O
                         net (fo=104, routed)         0.869     2.034    clk_IBUF_BUFG
    SLICE_X6Y85          FDRE                                         r  row0_birler_reg[0]/C

Slack:                    inf
  Source:                 row_col_select
                            (input port)
  Destination:            row1_onlar_reg[1]/CE
                            (rising edge-triggered cell FDRE clocked by sys_clk_pin  {rise@0.000ns fall@5.000ns period=10.000ns})
  Path Group:             (none)
  Path Type:              Hold (Min at Fast Process Corner)
  Data Path Delay:        0.885ns  (logic 0.245ns (27.742%)  route 0.639ns (72.258%))
  Logic Levels:           1  (IBUF=1)
  Clock Path Skew:        2.034ns (DCD - SCD - CPR)
    Destination Clock Delay (DCD):    2.034ns
    Source Clock Delay      (SCD):    0.000ns
    Clock Pessimism Removal (CPR):    -0.000ns

    Location             Delay type                Incr(ns)  Path(ns)    Netlist Resource(s)
  -------------------------------------------------------------------    -------------------
    J15                                               0.000     0.000 r  row_col_select (IN)
                         net (fo=0)                   0.000     0.000    row_col_select
    J15                  IBUF (Prop_ibuf_I_O)         0.245     0.245 r  row_col_select_IBUF_inst/O
                         net (fo=28, routed)          0.639     0.885    row_col_select_IBUF
    SLICE_X6Y85          FDRE                                         r  row1_onlar_reg[1]/CE
  -------------------------------------------------------------------    -------------------

                         (clock sys_clk_pin rise edge)
                                                      0.000     0.000 r  
    E3                                                0.000     0.000 r  clk (IN)
                         net (fo=0)                   0.000     0.000    clk
    E3                   IBUF (Prop_ibuf_I_O)         0.438     0.438 r  clk_IBUF_inst/O
                         net (fo=1, routed)           0.699     1.136    clk_IBUF
    BUFGCTRL_X0Y16       BUFG (Prop_bufg_I_O)         0.029     1.165 r  clk_IBUF_BUFG_inst/O
                         net (fo=104, routed)         0.869     2.034    clk_IBUF_BUFG
    SLICE_X6Y85          FDRE                                         r  row1_onlar_reg[1]/C





