Copyright 1986-2022 Xilinx, Inc. All Rights Reserved.
---------------------------------------------------------------------------------------------------------------------------------------------------------------------------------------------------------------------------
| Tool Version : Vivado v.2022.2 (win64) Build 3671981 Fri Oct 14 05:00:03 MDT 2022
| Date         : Tue May 27 22:13:29 2025
| Host         : DESKTOP-11IAEMT running 64-bit major release  (build 9200)
| Command      : report_timing_summary -max_paths 10 -report_unconstrained -file top_module_timing_summary_routed.rpt -pb top_module_timing_summary_routed.pb -rpx top_module_timing_summary_routed.rpx -warn_on_violation
| Design       : top_module
| Device       : 7a100t-csg324
| Speed File   : -1  PRODUCTION 1.23 2018-06-13
---------------------------------------------------------------------------------------------------------------------------------------------------------------------------------------------------------------------------

Timing Summary Report

------------------------------------------------------------------------------------------------
| Timer Settings
| --------------
------------------------------------------------------------------------------------------------

  Enable Multi Corner Analysis               :  Yes
  Enable Pessimism Removal                   :  Yes
  Pessimism Removal Resolution               :  Nearest Common Node
  Enable Input Delay Default Clock           :  No
  Enable Preset / Clear Arcs                 :  No
  Disable Flight Delays                      :  No
  Ignore I/O Paths                           :  No
  Timing Early Launch at Borrowing Latches   :  No
  Borrow Time for Max Delay Exceptions       :  Yes
  Merge Timing Exceptions                    :  Yes

  Corner  Analyze    Analyze    
  Name    Max Paths  Min Paths  
  ------  ---------  ---------  
  Slow    Yes        Yes        
  Fast    Yes        Yes        


------------------------------------------------------------------------------------------------
| Report Methodology
| ------------------
------------------------------------------------------------------------------------------------

Rule       Severity          Description                    Violations  
---------  ----------------  -----------------------------  ----------  
TIMING-17  Critical Warning  Non-clocked sequential cell    20          
TIMING-16  Warning           Large setup violation          3           
TIMING-18  Warning           Missing input or output delay  5           

Note: This report is based on the most recent report_methodology run and may not be up-to-date. Run report_methodology on the current design for the latest report.



check_timing report

Table of Contents
-----------------
1. checking no_clock (20)
2. checking constant_clock (0)
3. checking pulse_width_clock (0)
4. checking unconstrained_internal_endpoints (40)
5. checking no_input_delay (2)
6. checking no_output_delay (5)
7. checking multiple_clock (0)
8. checking generated_clocks (0)
9. checking loops (0)
10. checking partial_input_delay (0)
11. checking partial_output_delay (0)
12. checking latch_loops (0)

1. checking no_clock (20)
-------------------------
 There are 20 register/latch pins with no clock driven by root clock pin: vga_sync_inst/clk_div_reg/Q (HIGH)


2. checking constant_clock (0)
------------------------------
 There are 0 register/latch pins with constant_clock.


3. checking pulse_width_clock (0)
---------------------------------
 There are 0 register/latch pins which need pulse_width check


4. checking unconstrained_internal_endpoints (40)
-------------------------------------------------
 There are 40 pins that are not constrained for maximum delay. (HIGH)

 There are 0 pins that are not constrained for maximum delay due to constant clock.


5. checking no_input_delay (2)
------------------------------
 There are 2 input ports with no input delay specified. (HIGH)

 There are 0 input ports with no input delay but user has a false path constraint.


6. checking no_output_delay (5)
-------------------------------
 There are 5 ports with no output delay specified. (HIGH)

 There are 0 ports with no output delay but user has a false path constraint

 There are 0 ports with no output delay but with a timing clock defined on it or propagating through it


7. checking multiple_clock (0)
------------------------------
 There are 0 register/latch pins with multiple clocks.


8. checking generated_clocks (0)
--------------------------------
 There are 0 generated clocks that are not connected to a clock source.


9. checking loops (0)
---------------------
 There are 0 combinational loops in the design.


10. checking partial_input_delay (0)
------------------------------------
 There are 0 input ports with partial input delay specified.


11. checking partial_output_delay (0)
-------------------------------------
 There are 0 ports with partial output delay specified.


12. checking latch_loops (0)
----------------------------
 There are 0 combinational latch loops in the design through latch input



------------------------------------------------------------------------------------------------
| Design Timing Summary
| ---------------------
------------------------------------------------------------------------------------------------

    WNS(ns)      TNS(ns)  TNS Failing Endpoints  TNS Total Endpoints      WHS(ns)      THS(ns)  THS Failing Endpoints  THS Total Endpoints     WPWS(ns)     TPWS(ns)  TPWS Failing Endpoints  TPWS Total Endpoints  
    -------      -------  ---------------------  -------------------      -------      -------  ---------------------  -------------------     --------     --------  ----------------------  --------------------  
     -1.645       -4.878                      3                  130        0.215        0.000                      0                  130        4.500        0.000                       0                    77  


Timing constraints are not met.


------------------------------------------------------------------------------------------------
| Clock Summary
| -------------
------------------------------------------------------------------------------------------------

Clock        Waveform(ns)       Period(ns)      Frequency(MHz)
-----        ------------       ----------      --------------
sys_clk_pin  {0.000 5.000}      10.000          100.000         


------------------------------------------------------------------------------------------------
| Intra Clock Table
| -----------------
------------------------------------------------------------------------------------------------

Clock             WNS(ns)      TNS(ns)  TNS Failing Endpoints  TNS Total Endpoints      WHS(ns)      THS(ns)  THS Failing Endpoints  THS Total Endpoints     WPWS(ns)     TPWS(ns)  TPWS Failing Endpoints  TPWS Total Endpoints  
-----             -------      -------  ---------------------  -------------------      -------      -------  ---------------------  -------------------     --------     --------  ----------------------  --------------------  
sys_clk_pin        -1.645       -4.878                      3                  130        0.215        0.000                      0                  130        4.500        0.000                       0                    77  


------------------------------------------------------------------------------------------------
| Inter Clock Table
| -----------------
------------------------------------------------------------------------------------------------

From Clock    To Clock          WNS(ns)      TNS(ns)  TNS Failing Endpoints  TNS Total Endpoints      WHS(ns)      THS(ns)  THS Failing Endpoints  THS Total Endpoints  
----------    --------          -------      -------  ---------------------  -------------------      -------      -------  ---------------------  -------------------  


------------------------------------------------------------------------------------------------
| Other Path Groups Table
| -----------------------
------------------------------------------------------------------------------------------------

Path Group    From Clock    To Clock          WNS(ns)      TNS(ns)  TNS Failing Endpoints  TNS Total Endpoints      WHS(ns)      THS(ns)  THS Failing Endpoints  THS Total Endpoints  
----------    ----------    --------          -------      -------  ---------------------  -------------------      -------      -------  ---------------------  -------------------  


------------------------------------------------------------------------------------------------
| User Ignored Path Table
| -----------------------
------------------------------------------------------------------------------------------------

Path Group    From Clock    To Clock    
----------    ----------    --------    


------------------------------------------------------------------------------------------------
| Unconstrained Path Table
| ------------------------
------------------------------------------------------------------------------------------------

Path Group    From Clock    To Clock    
----------    ----------    --------    
(none)                                    
(none)        sys_clk_pin                 
(none)                      sys_clk_pin   


------------------------------------------------------------------------------------------------
| Timing Details
| --------------
------------------------------------------------------------------------------------------------


---------------------------------------------------------------------------------------------------
From Clock:  sys_clk_pin
  To Clock:  sys_clk_pin

Setup :            3  Failing Endpoints,  Worst Slack       -1.645ns,  Total Violation       -4.878ns
Hold  :            0  Failing Endpoints,  Worst Slack        0.215ns,  Total Violation        0.000ns
PW    :            0  Failing Endpoints,  Worst Slack        4.500ns,  Total Violation        0.000ns
---------------------------------------------------------------------------------------------------


Max Delay Paths
--------------------------------------------------------------------------------------
Slack (VIOLATED) :        -1.645ns  (required time - arrival time)
  Source:                 move_controller_inst/x_pos_reg[4]/C
                            (rising edge-triggered cell FDCE clocked by sys_clk_pin  {rise@0.000ns fall@5.000ns period=10.000ns})
  Destination:            drawer_inst/pixel_b_reg/D
                            (rising edge-triggered cell FDRE clocked by sys_clk_pin  {rise@0.000ns fall@5.000ns period=10.000ns})
  Path Group:             sys_clk_pin
  Path Type:              Setup (Max at Slow Process Corner)
  Requirement:            10.000ns  (sys_clk_pin rise@10.000ns - sys_clk_pin rise@0.000ns)
  Data Path Delay:        11.618ns  (logic 8.573ns (73.788%)  route 3.045ns (26.212%))
  Logic Levels:           11  (CARRY4=5 DSP48E1=2 LUT1=1 LUT2=2 LUT6=1)
  Clock Path Skew:        -0.022ns (DCD - SCD + CPR)
    Destination Clock Delay (DCD):    5.018ns = ( 15.018 - 10.000 ) 
    Source Clock Delay      (SCD):    5.315ns
    Clock Pessimism Removal (CPR):    0.275ns
  Clock Uncertainty:      0.035ns  ((TSJ^2 + TIJ^2)^1/2 + DJ) / 2 + PE
    Total System Jitter     (TSJ):    0.071ns
    Total Input Jitter      (TIJ):    0.000ns
    Discrete Jitter          (DJ):    0.000ns
    Phase Error              (PE):    0.000ns

    Location             Delay type                Incr(ns)  Path(ns)    Netlist Resource(s)
  -------------------------------------------------------------------    -------------------
                         (clock sys_clk_pin rise edge)
                                                      0.000     0.000 r  
    E3                                                0.000     0.000 r  clk_100mhz (IN)
                         net (fo=0)                   0.000     0.000    clk_100mhz
    E3                   IBUF (Prop_ibuf_I_O)         1.482     1.482 r  clk_100mhz_IBUF_inst/O
                         net (fo=1, routed)           2.025     3.506    clk_100mhz_IBUF
    BUFGCTRL_X0Y16       BUFG (Prop_bufg_I_O)         0.096     3.602 r  clk_100mhz_IBUF_BUFG_inst/O
                         net (fo=76, routed)          1.712     5.315    move_controller_inst/CLK
    SLICE_X76Y85         FDCE                                         r  move_controller_inst/x_pos_reg[4]/C
  -------------------------------------------------------------------    -------------------
    SLICE_X76Y85         FDCE (Prop_fdce_C_Q)         0.518     5.833 r  move_controller_inst/x_pos_reg[4]/Q
                         net (fo=8, routed)           0.298     6.130    vga_sync_inst/pixel_r3[3]
    SLICE_X77Y85         LUT2 (Prop_lut2_I1_O)        0.124     6.254 r  vga_sync_inst/i__carry__0_i_4__0/O
                         net (fo=1, routed)           0.000     6.254    drawer_inst/pixel_r3_2[0]
    SLICE_X77Y85         CARRY4 (Prop_carry4_S[0]_CO[3])
                                                      0.532     6.786 r  drawer_inst/pixel_r6_inferred__0/i__carry__0/CO[3]
                         net (fo=1, routed)           0.000     6.786    drawer_inst/pixel_r6_inferred__0/i__carry__0_n_0
    SLICE_X77Y86         CARRY4 (Prop_carry4_CI_CO[2])
                                                      0.228     7.014 f  drawer_inst/pixel_r6_inferred__0/i__carry__1/CO[2]
                         net (fo=19, routed)          0.535     7.549    drawer_inst/pixel_r6_inferred__0/i__carry__1_n_1
    SLICE_X76Y86         LUT1 (Prop_lut1_I0_O)        0.313     7.862 r  drawer_inst/pixel_r3_i_1/O
                         net (fo=28, routed)          0.796     8.658    drawer_inst/pixel_r3_i_1_n_0
    DSP48_X2Y34          DSP48E1 (Prop_dsp48e1_A[16]_PCOUT[47])
                                                      4.036    12.694 r  drawer_inst/pixel_r3/PCOUT[47]
                         net (fo=1, routed)           0.002    12.696    drawer_inst/pixel_r3_n_106
    DSP48_X2Y35          DSP48E1 (Prop_dsp48e1_PCIN[47]_P[0])
                                                      1.518    14.214 f  drawer_inst/pixel_r2/P[0]
                         net (fo=1, routed)           0.640    14.854    drawer_inst/pixel_r2_n_105
    SLICE_X76Y85         LUT2 (Prop_lut2_I0_O)        0.124    14.978 r  drawer_inst/i__carry_i_1__1/O
                         net (fo=1, routed)           0.333    15.311    drawer_inst/i__carry_i_1__1_n_0
    SLICE_X77Y87         CARRY4 (Prop_carry4_CYINIT_CO[3])
                                                      0.580    15.891 r  drawer_inst/pixel_r1_inferred__0/i__carry/CO[3]
                         net (fo=1, routed)           0.000    15.891    drawer_inst/pixel_r1_inferred__0/i__carry_n_0
    SLICE_X77Y88         CARRY4 (Prop_carry4_CI_CO[3])
                                                      0.114    16.005 r  drawer_inst/pixel_r1_inferred__0/i__carry__0/CO[3]
                         net (fo=1, routed)           0.000    16.005    drawer_inst/pixel_r1_inferred__0/i__carry__0_n_0
    SLICE_X77Y89         CARRY4 (Prop_carry4_CI_CO[1])
                                                      0.157    16.162 r  drawer_inst/pixel_r1_inferred__0/i__carry__1/CO[1]
                         net (fo=3, routed)           0.442    16.604    parser_inst/CO[0]
    SLICE_X75Y90         LUT6 (Prop_lut6_I1_O)        0.329    16.933 r  parser_inst/pixel_b_i_1/O
                         net (fo=1, routed)           0.000    16.933    drawer_inst/pixel_b_reg_0
    SLICE_X75Y90         FDRE                                         r  drawer_inst/pixel_b_reg/D
  -------------------------------------------------------------------    -------------------

                         (clock sys_clk_pin rise edge)
                                                     10.000    10.000 r  
    E3                                                0.000    10.000 r  clk_100mhz (IN)
                         net (fo=0)                   0.000    10.000    clk_100mhz
    E3                   IBUF (Prop_ibuf_I_O)         1.411    11.411 r  clk_100mhz_IBUF_inst/O
                         net (fo=1, routed)           1.920    13.331    clk_100mhz_IBUF
    BUFGCTRL_X0Y16       BUFG (Prop_bufg_I_O)         0.091    13.422 r  clk_100mhz_IBUF_BUFG_inst/O
                         net (fo=76, routed)          1.595    15.018    drawer_inst/CLK
    SLICE_X75Y90         FDRE                                         r  drawer_inst/pixel_b_reg/C
                         clock pessimism              0.275    15.293    
                         clock uncertainty           -0.035    15.257    
    SLICE_X75Y90         FDRE (Setup_fdre_C_D)        0.031    15.288    drawer_inst/pixel_b_reg
  -------------------------------------------------------------------
                         required time                         15.288    
                         arrival time                         -16.933    
  -------------------------------------------------------------------
                         slack                                 -1.645    

Slack (VIOLATED) :        -1.643ns  (required time - arrival time)
  Source:                 move_controller_inst/x_pos_reg[4]/C
                            (rising edge-triggered cell FDCE clocked by sys_clk_pin  {rise@0.000ns fall@5.000ns period=10.000ns})
  Destination:            drawer_inst/pixel_g_reg/D
                            (rising edge-triggered cell FDRE clocked by sys_clk_pin  {rise@0.000ns fall@5.000ns period=10.000ns})
  Path Group:             sys_clk_pin
  Path Type:              Setup (Max at Slow Process Corner)
  Requirement:            10.000ns  (sys_clk_pin rise@10.000ns - sys_clk_pin rise@0.000ns)
  Data Path Delay:        11.617ns  (logic 8.573ns (73.795%)  route 3.044ns (26.205%))
  Logic Levels:           11  (CARRY4=5 DSP48E1=2 LUT1=1 LUT2=2 LUT6=1)
  Clock Path Skew:        -0.022ns (DCD - SCD + CPR)
    Destination Clock Delay (DCD):    5.018ns = ( 15.018 - 10.000 ) 
    Source Clock Delay      (SCD):    5.315ns
    Clock Pessimism Removal (CPR):    0.275ns
  Clock Uncertainty:      0.035ns  ((TSJ^2 + TIJ^2)^1/2 + DJ) / 2 + PE
    Total System Jitter     (TSJ):    0.071ns
    Total Input Jitter      (TIJ):    0.000ns
    Discrete Jitter          (DJ):    0.000ns
    Phase Error              (PE):    0.000ns

    Location             Delay type                Incr(ns)  Path(ns)    Netlist Resource(s)
  -------------------------------------------------------------------    -------------------
                         (clock sys_clk_pin rise edge)
                                                      0.000     0.000 r  
    E3                                                0.000     0.000 r  clk_100mhz (IN)
                         net (fo=0)                   0.000     0.000    clk_100mhz
    E3                   IBUF (Prop_ibuf_I_O)         1.482     1.482 r  clk_100mhz_IBUF_inst/O
                         net (fo=1, routed)           2.025     3.506    clk_100mhz_IBUF
    BUFGCTRL_X0Y16       BUFG (Prop_bufg_I_O)         0.096     3.602 r  clk_100mhz_IBUF_BUFG_inst/O
                         net (fo=76, routed)          1.712     5.315    move_controller_inst/CLK
    SLICE_X76Y85         FDCE                                         r  move_controller_inst/x_pos_reg[4]/C
  -------------------------------------------------------------------    -------------------
    SLICE_X76Y85         FDCE (Prop_fdce_C_Q)         0.518     5.833 r  move_controller_inst/x_pos_reg[4]/Q
                         net (fo=8, routed)           0.298     6.130    vga_sync_inst/pixel_r3[3]
    SLICE_X77Y85         LUT2 (Prop_lut2_I1_O)        0.124     6.254 r  vga_sync_inst/i__carry__0_i_4__0/O
                         net (fo=1, routed)           0.000     6.254    drawer_inst/pixel_r3_2[0]
    SLICE_X77Y85         CARRY4 (Prop_carry4_S[0]_CO[3])
                                                      0.532     6.786 r  drawer_inst/pixel_r6_inferred__0/i__carry__0/CO[3]
                         net (fo=1, routed)           0.000     6.786    drawer_inst/pixel_r6_inferred__0/i__carry__0_n_0
    SLICE_X77Y86         CARRY4 (Prop_carry4_CI_CO[2])
                                                      0.228     7.014 f  drawer_inst/pixel_r6_inferred__0/i__carry__1/CO[2]
                         net (fo=19, routed)          0.535     7.549    drawer_inst/pixel_r6_inferred__0/i__carry__1_n_1
    SLICE_X76Y86         LUT1 (Prop_lut1_I0_O)        0.313     7.862 r  drawer_inst/pixel_r3_i_1/O
                         net (fo=28, routed)          0.796     8.658    drawer_inst/pixel_r3_i_1_n_0
    DSP48_X2Y34          DSP48E1 (Prop_dsp48e1_A[16]_PCOUT[47])
                                                      4.036    12.694 r  drawer_inst/pixel_r3/PCOUT[47]
                         net (fo=1, routed)           0.002    12.696    drawer_inst/pixel_r3_n_106
    DSP48_X2Y35          DSP48E1 (Prop_dsp48e1_PCIN[47]_P[0])
                                                      1.518    14.214 f  drawer_inst/pixel_r2/P[0]
                         net (fo=1, routed)           0.640    14.854    drawer_inst/pixel_r2_n_105
    SLICE_X76Y85         LUT2 (Prop_lut2_I0_O)        0.124    14.978 r  drawer_inst/i__carry_i_1__1/O
                         net (fo=1, routed)           0.333    15.311    drawer_inst/i__carry_i_1__1_n_0
    SLICE_X77Y87         CARRY4 (Prop_carry4_CYINIT_CO[3])
                                                      0.580    15.891 r  drawer_inst/pixel_r1_inferred__0/i__carry/CO[3]
                         net (fo=1, routed)           0.000    15.891    drawer_inst/pixel_r1_inferred__0/i__carry_n_0
    SLICE_X77Y88         CARRY4 (Prop_carry4_CI_CO[3])
                                                      0.114    16.005 r  drawer_inst/pixel_r1_inferred__0/i__carry__0/CO[3]
                         net (fo=1, routed)           0.000    16.005    drawer_inst/pixel_r1_inferred__0/i__carry__0_n_0
    SLICE_X77Y89         CARRY4 (Prop_carry4_CI_CO[1])
                                                      0.157    16.162 r  drawer_inst/pixel_r1_inferred__0/i__carry__1/CO[1]
                         net (fo=3, routed)           0.441    16.603    parser_inst/CO[0]
    SLICE_X75Y90         LUT6 (Prop_lut6_I1_O)        0.329    16.932 r  parser_inst/pixel_g_i_1/O
                         net (fo=1, routed)           0.000    16.932    drawer_inst/pixel_g_reg_1
    SLICE_X75Y90         FDRE                                         r  drawer_inst/pixel_g_reg/D
  -------------------------------------------------------------------    -------------------

                         (clock sys_clk_pin rise edge)
                                                     10.000    10.000 r  
    E3                                                0.000    10.000 r  clk_100mhz (IN)
                         net (fo=0)                   0.000    10.000    clk_100mhz
    E3                   IBUF (Prop_ibuf_I_O)         1.411    11.411 r  clk_100mhz_IBUF_inst/O
                         net (fo=1, routed)           1.920    13.331    clk_100mhz_IBUF
    BUFGCTRL_X0Y16       BUFG (Prop_bufg_I_O)         0.091    13.422 r  clk_100mhz_IBUF_BUFG_inst/O
                         net (fo=76, routed)          1.595    15.018    drawer_inst/CLK
    SLICE_X75Y90         FDRE                                         r  drawer_inst/pixel_g_reg/C
                         clock pessimism              0.275    15.293    
                         clock uncertainty           -0.035    15.257    
    SLICE_X75Y90         FDRE (Setup_fdre_C_D)        0.032    15.289    drawer_inst/pixel_g_reg
  -------------------------------------------------------------------
                         required time                         15.289    
                         arrival time                         -16.932    
  -------------------------------------------------------------------
                         slack                                 -1.643    

Slack (VIOLATED) :        -1.590ns  (required time - arrival time)
  Source:                 move_controller_inst/x_pos_reg[4]/C
                            (rising edge-triggered cell FDCE clocked by sys_clk_pin  {rise@0.000ns fall@5.000ns period=10.000ns})
  Destination:            drawer_inst/pixel_r_reg/D
                            (rising edge-triggered cell FDRE clocked by sys_clk_pin  {rise@0.000ns fall@5.000ns period=10.000ns})
  Path Group:             sys_clk_pin
  Path Type:              Setup (Max at Slow Process Corner)
  Requirement:            10.000ns  (sys_clk_pin rise@10.000ns - sys_clk_pin rise@0.000ns)
  Data Path Delay:        11.612ns  (logic 8.573ns (73.829%)  route 3.039ns (26.171%))
  Logic Levels:           11  (CARRY4=5 DSP48E1=2 LUT1=1 LUT2=2 LUT6=1)
  Clock Path Skew:        -0.022ns (DCD - SCD + CPR)
    Destination Clock Delay (DCD):    5.018ns = ( 15.018 - 10.000 ) 
    Source Clock Delay      (SCD):    5.315ns
    Clock Pessimism Removal (CPR):    0.275ns
  Clock Uncertainty:      0.035ns  ((TSJ^2 + TIJ^2)^1/2 + DJ) / 2 + PE
    Total System Jitter     (TSJ):    0.071ns
    Total Input Jitter      (TIJ):    0.000ns
    Discrete Jitter          (DJ):    0.000ns
    Phase Error              (PE):    0.000ns

    Location             Delay type                Incr(ns)  Path(ns)    Netlist Resource(s)
  -------------------------------------------------------------------    -------------------
                         (clock sys_clk_pin rise edge)
                                                      0.000     0.000 r  
    E3                                                0.000     0.000 r  clk_100mhz (IN)
                         net (fo=0)                   0.000     0.000    clk_100mhz
    E3                   IBUF (Prop_ibuf_I_O)         1.482     1.482 r  clk_100mhz_IBUF_inst/O
                         net (fo=1, routed)           2.025     3.506    clk_100mhz_IBUF
    BUFGCTRL_X0Y16       BUFG (Prop_bufg_I_O)         0.096     3.602 r  clk_100mhz_IBUF_BUFG_inst/O
                         net (fo=76, routed)          1.712     5.315    move_controller_inst/CLK
    SLICE_X76Y85         FDCE                                         r  move_controller_inst/x_pos_reg[4]/C
  -------------------------------------------------------------------    -------------------
    SLICE_X76Y85         FDCE (Prop_fdce_C_Q)         0.518     5.833 r  move_controller_inst/x_pos_reg[4]/Q
                         net (fo=8, routed)           0.298     6.130    vga_sync_inst/pixel_r3[3]
    SLICE_X77Y85         LUT2 (Prop_lut2_I1_O)        0.124     6.254 r  vga_sync_inst/i__carry__0_i_4__0/O
                         net (fo=1, routed)           0.000     6.254    drawer_inst/pixel_r3_2[0]
    SLICE_X77Y85         CARRY4 (Prop_carry4_S[0]_CO[3])
                                                      0.532     6.786 r  drawer_inst/pixel_r6_inferred__0/i__carry__0/CO[3]
                         net (fo=1, routed)           0.000     6.786    drawer_inst/pixel_r6_inferred__0/i__carry__0_n_0
    SLICE_X77Y86         CARRY4 (Prop_carry4_CI_CO[2])
                                                      0.228     7.014 f  drawer_inst/pixel_r6_inferred__0/i__carry__1/CO[2]
                         net (fo=19, routed)          0.535     7.549    drawer_inst/pixel_r6_inferred__0/i__carry__1_n_1
    SLICE_X76Y86         LUT1 (Prop_lut1_I0_O)        0.313     7.862 r  drawer_inst/pixel_r3_i_1/O
                         net (fo=28, routed)          0.796     8.658    drawer_inst/pixel_r3_i_1_n_0
    DSP48_X2Y34          DSP48E1 (Prop_dsp48e1_A[16]_PCOUT[47])
                                                      4.036    12.694 r  drawer_inst/pixel_r3/PCOUT[47]
                         net (fo=1, routed)           0.002    12.696    drawer_inst/pixel_r3_n_106
    DSP48_X2Y35          DSP48E1 (Prop_dsp48e1_PCIN[47]_P[0])
                                                      1.518    14.214 f  drawer_inst/pixel_r2/P[0]
                         net (fo=1, routed)           0.640    14.854    drawer_inst/pixel_r2_n_105
    SLICE_X76Y85         LUT2 (Prop_lut2_I0_O)        0.124    14.978 r  drawer_inst/i__carry_i_1__1/O
                         net (fo=1, routed)           0.333    15.311    drawer_inst/i__carry_i_1__1_n_0
    SLICE_X77Y87         CARRY4 (Prop_carry4_CYINIT_CO[3])
                                                      0.580    15.891 r  drawer_inst/pixel_r1_inferred__0/i__carry/CO[3]
                         net (fo=1, routed)           0.000    15.891    drawer_inst/pixel_r1_inferred__0/i__carry_n_0
    SLICE_X77Y88         CARRY4 (Prop_carry4_CI_CO[3])
                                                      0.114    16.005 r  drawer_inst/pixel_r1_inferred__0/i__carry__0/CO[3]
                         net (fo=1, routed)           0.000    16.005    drawer_inst/pixel_r1_inferred__0/i__carry__0_n_0
    SLICE_X77Y89         CARRY4 (Prop_carry4_CI_CO[1])
                                                      0.157    16.162 r  drawer_inst/pixel_r1_inferred__0/i__carry__1/CO[1]
                         net (fo=3, routed)           0.436    16.598    parser_inst/CO[0]
    SLICE_X74Y89         LUT6 (Prop_lut6_I1_O)        0.329    16.927 r  parser_inst/pixel_r_i_2/O
                         net (fo=1, routed)           0.000    16.927    drawer_inst/pixel_r_reg_0
    SLICE_X74Y89         FDRE                                         r  drawer_inst/pixel_r_reg/D
  -------------------------------------------------------------------    -------------------

                         (clock sys_clk_pin rise edge)
                                                     10.000    10.000 r  
    E3                                                0.000    10.000 r  clk_100mhz (IN)
                         net (fo=0)                   0.000    10.000    clk_100mhz
    E3                   IBUF (Prop_ibuf_I_O)         1.411    11.411 r  clk_100mhz_IBUF_inst/O
                         net (fo=1, routed)           1.920    13.331    clk_100mhz_IBUF
    BUFGCTRL_X0Y16       BUFG (Prop_bufg_I_O)         0.091    13.422 r  clk_100mhz_IBUF_BUFG_inst/O
                         net (fo=76, routed)          1.595    15.018    drawer_inst/CLK
    SLICE_X74Y89         FDRE                                         r  drawer_inst/pixel_r_reg/C
                         clock pessimism              0.275    15.293    
                         clock uncertainty           -0.035    15.257    
    SLICE_X74Y89         FDRE (Setup_fdre_C_D)        0.079    15.336    drawer_inst/pixel_r_reg
  -------------------------------------------------------------------
                         required time                         15.336    
                         arrival time                         -16.927    
  -------------------------------------------------------------------
                         slack                                 -1.590    

Slack (MET) :             3.730ns  (required time - arrival time)
  Source:                 inst_uart_rx/clk_count_reg[14]/C
                            (rising edge-triggered cell FDRE clocked by sys_clk_pin  {rise@0.000ns fall@5.000ns period=10.000ns})
  Destination:            inst_uart_rx/clk_count_reg[16]/CE
                            (rising edge-triggered cell FDRE clocked by sys_clk_pin  {rise@0.000ns fall@5.000ns period=10.000ns})
  Path Group:             sys_clk_pin
  Path Type:              Setup (Max at Slow Process Corner)
  Requirement:            10.000ns  (sys_clk_pin rise@10.000ns - sys_clk_pin rise@0.000ns)
  Data Path Delay:        5.836ns  (logic 1.274ns (21.829%)  route 4.562ns (78.171%))
  Logic Levels:           4  (LUT4=2 LUT5=1 LUT6=1)
  Clock Path Skew:        -0.025ns (DCD - SCD + CPR)
    Destination Clock Delay (DCD):    5.023ns = ( 15.023 - 10.000 ) 
    Source Clock Delay      (SCD):    5.324ns
    Clock Pessimism Removal (CPR):    0.276ns
  Clock Uncertainty:      0.035ns  ((TSJ^2 + TIJ^2)^1/2 + DJ) / 2 + PE
    Total System Jitter     (TSJ):    0.071ns
    Total Input Jitter      (TIJ):    0.000ns
    Discrete Jitter          (DJ):    0.000ns
    Phase Error              (PE):    0.000ns

    Location             Delay type                Incr(ns)  Path(ns)    Netlist Resource(s)
  -------------------------------------------------------------------    -------------------
                         (clock sys_clk_pin rise edge)
                                                      0.000     0.000 r  
    E3                                                0.000     0.000 r  clk_100mhz (IN)
                         net (fo=0)                   0.000     0.000    clk_100mhz
    E3                   IBUF (Prop_ibuf_I_O)         1.482     1.482 r  clk_100mhz_IBUF_inst/O
                         net (fo=1, routed)           2.025     3.506    clk_100mhz_IBUF
    BUFGCTRL_X0Y16       BUFG (Prop_bufg_I_O)         0.096     3.602 r  clk_100mhz_IBUF_BUFG_inst/O
                         net (fo=76, routed)          1.721     5.324    inst_uart_rx/CLK
    SLICE_X78Y95         FDRE                                         r  inst_uart_rx/clk_count_reg[14]/C
  -------------------------------------------------------------------    -------------------
    SLICE_X78Y95         FDRE (Prop_fdre_C_Q)         0.518     5.842 r  inst_uart_rx/clk_count_reg[14]/Q
                         net (fo=4, routed)           0.976     6.818    inst_uart_rx/clk_count_reg_n_0_[14]
    SLICE_X80Y94         LUT4 (Prop_lut4_I2_O)        0.153     6.971 r  inst_uart_rx/clk_count[31]_i_21/O
                         net (fo=1, routed)           0.697     7.668    inst_uart_rx/clk_count[31]_i_21_n_0
    SLICE_X80Y95         LUT6 (Prop_lut6_I0_O)        0.331     7.999 r  inst_uart_rx/clk_count[31]_i_7/O
                         net (fo=1, routed)           0.838     8.837    inst_uart_rx/clk_count[31]_i_7_n_0
    SLICE_X78Y95         LUT4 (Prop_lut4_I0_O)        0.124     8.961 r  inst_uart_rx/clk_count[31]_i_3/O
                         net (fo=12, routed)          1.149    10.110    inst_uart_rx/clk_count[31]_i_3_n_0
    SLICE_X76Y92         LUT5 (Prop_lut5_I0_O)        0.148    10.258 r  inst_uart_rx/clk_count[31]_i_1/O
                         net (fo=32, routed)          0.902    11.160    inst_uart_rx/clk_count_0
    SLICE_X78Y96         FDRE                                         r  inst_uart_rx/clk_count_reg[16]/CE
  -------------------------------------------------------------------    -------------------

                         (clock sys_clk_pin rise edge)
                                                     10.000    10.000 r  
    E3                                                0.000    10.000 r  clk_100mhz (IN)
                         net (fo=0)                   0.000    10.000    clk_100mhz
    E3                   IBUF (Prop_ibuf_I_O)         1.411    11.411 r  clk_100mhz_IBUF_inst/O
                         net (fo=1, routed)           1.920    13.331    clk_100mhz_IBUF
    BUFGCTRL_X0Y16       BUFG (Prop_bufg_I_O)         0.091    13.422 r  clk_100mhz_IBUF_BUFG_inst/O
                         net (fo=76, routed)          1.600    15.023    inst_uart_rx/CLK
    SLICE_X78Y96         FDRE                                         r  inst_uart_rx/clk_count_reg[16]/C
                         clock pessimism              0.276    15.299    
                         clock uncertainty           -0.035    15.263    
    SLICE_X78Y96         FDRE (Setup_fdre_C_CE)      -0.373    14.890    inst_uart_rx/clk_count_reg[16]
  -------------------------------------------------------------------
                         required time                         14.890    
                         arrival time                         -11.160    
  -------------------------------------------------------------------
                         slack                                  3.730    

Slack (MET) :             3.730ns  (required time - arrival time)
  Source:                 inst_uart_rx/clk_count_reg[14]/C
                            (rising edge-triggered cell FDRE clocked by sys_clk_pin  {rise@0.000ns fall@5.000ns period=10.000ns})
  Destination:            inst_uart_rx/clk_count_reg[17]/CE
                            (rising edge-triggered cell FDRE clocked by sys_clk_pin  {rise@0.000ns fall@5.000ns period=10.000ns})
  Path Group:             sys_clk_pin
  Path Type:              Setup (Max at Slow Process Corner)
  Requirement:            10.000ns  (sys_clk_pin rise@10.000ns - sys_clk_pin rise@0.000ns)
  Data Path Delay:        5.836ns  (logic 1.274ns (21.829%)  route 4.562ns (78.171%))
  Logic Levels:           4  (LUT4=2 LUT5=1 LUT6=1)
  Clock Path Skew:        -0.025ns (DCD - SCD + CPR)
    Destination Clock Delay (DCD):    5.023ns = ( 15.023 - 10.000 ) 
    Source Clock Delay      (SCD):    5.324ns
    Clock Pessimism Removal (CPR):    0.276ns
  Clock Uncertainty:      0.035ns  ((TSJ^2 + TIJ^2)^1/2 + DJ) / 2 + PE
    Total System Jitter     (TSJ):    0.071ns
    Total Input Jitter      (TIJ):    0.000ns
    Discrete Jitter          (DJ):    0.000ns
    Phase Error              (PE):    0.000ns

    Location             Delay type                Incr(ns)  Path(ns)    Netlist Resource(s)
  -------------------------------------------------------------------    -------------------
                         (clock sys_clk_pin rise edge)
                                                      0.000     0.000 r  
    E3                                                0.000     0.000 r  clk_100mhz (IN)
                         net (fo=0)                   0.000     0.000    clk_100mhz
    E3                   IBUF (Prop_ibuf_I_O)         1.482     1.482 r  clk_100mhz_IBUF_inst/O
                         net (fo=1, routed)           2.025     3.506    clk_100mhz_IBUF
    BUFGCTRL_X0Y16       BUFG (Prop_bufg_I_O)         0.096     3.602 r  clk_100mhz_IBUF_BUFG_inst/O
                         net (fo=76, routed)          1.721     5.324    inst_uart_rx/CLK
    SLICE_X78Y95         FDRE                                         r  inst_uart_rx/clk_count_reg[14]/C
  -------------------------------------------------------------------    -------------------
    SLICE_X78Y95         FDRE (Prop_fdre_C_Q)         0.518     5.842 r  inst_uart_rx/clk_count_reg[14]/Q
                         net (fo=4, routed)           0.976     6.818    inst_uart_rx/clk_count_reg_n_0_[14]
    SLICE_X80Y94         LUT4 (Prop_lut4_I2_O)        0.153     6.971 r  inst_uart_rx/clk_count[31]_i_21/O
                         net (fo=1, routed)           0.697     7.668    inst_uart_rx/clk_count[31]_i_21_n_0
    SLICE_X80Y95         LUT6 (Prop_lut6_I0_O)        0.331     7.999 r  inst_uart_rx/clk_count[31]_i_7/O
                         net (fo=1, routed)           0.838     8.837    inst_uart_rx/clk_count[31]_i_7_n_0
    SLICE_X78Y95         LUT4 (Prop_lut4_I0_O)        0.124     8.961 r  inst_uart_rx/clk_count[31]_i_3/O
                         net (fo=12, routed)          1.149    10.110    inst_uart_rx/clk_count[31]_i_3_n_0
    SLICE_X76Y92         LUT5 (Prop_lut5_I0_O)        0.148    10.258 r  inst_uart_rx/clk_count[31]_i_1/O
                         net (fo=32, routed)          0.902    11.160    inst_uart_rx/clk_count_0
    SLICE_X78Y96         FDRE                                         r  inst_uart_rx/clk_count_reg[17]/CE
  -------------------------------------------------------------------    -------------------

                         (clock sys_clk_pin rise edge)
                                                     10.000    10.000 r  
    E3                                                0.000    10.000 r  clk_100mhz (IN)
                         net (fo=0)                   0.000    10.000    clk_100mhz
    E3                   IBUF (Prop_ibuf_I_O)         1.411    11.411 r  clk_100mhz_IBUF_inst/O
                         net (fo=1, routed)           1.920    13.331    clk_100mhz_IBUF
    BUFGCTRL_X0Y16       BUFG (Prop_bufg_I_O)         0.091    13.422 r  clk_100mhz_IBUF_BUFG_inst/O
                         net (fo=76, routed)          1.600    15.023    inst_uart_rx/CLK
    SLICE_X78Y96         FDRE                                         r  inst_uart_rx/clk_count_reg[17]/C
                         clock pessimism              0.276    15.299    
                         clock uncertainty           -0.035    15.263    
    SLICE_X78Y96         FDRE (Setup_fdre_C_CE)      -0.373    14.890    inst_uart_rx/clk_count_reg[17]
  -------------------------------------------------------------------
                         required time                         14.890    
                         arrival time                         -11.160    
  -------------------------------------------------------------------
                         slack                                  3.730    

Slack (MET) :             3.730ns  (required time - arrival time)
  Source:                 inst_uart_rx/clk_count_reg[14]/C
                            (rising edge-triggered cell FDRE clocked by sys_clk_pin  {rise@0.000ns fall@5.000ns period=10.000ns})
  Destination:            inst_uart_rx/clk_count_reg[19]/CE
                            (rising edge-triggered cell FDRE clocked by sys_clk_pin  {rise@0.000ns fall@5.000ns period=10.000ns})
  Path Group:             sys_clk_pin
  Path Type:              Setup (Max at Slow Process Corner)
  Requirement:            10.000ns  (sys_clk_pin rise@10.000ns - sys_clk_pin rise@0.000ns)
  Data Path Delay:        5.836ns  (logic 1.274ns (21.829%)  route 4.562ns (78.171%))
  Logic Levels:           4  (LUT4=2 LUT5=1 LUT6=1)
  Clock Path Skew:        -0.025ns (DCD - SCD + CPR)
    Destination Clock Delay (DCD):    5.023ns = ( 15.023 - 10.000 ) 
    Source Clock Delay      (SCD):    5.324ns
    Clock Pessimism Removal (CPR):    0.276ns
  Clock Uncertainty:      0.035ns  ((TSJ^2 + TIJ^2)^1/2 + DJ) / 2 + PE
    Total System Jitter     (TSJ):    0.071ns
    Total Input Jitter      (TIJ):    0.000ns
    Discrete Jitter          (DJ):    0.000ns
    Phase Error              (PE):    0.000ns

    Location             Delay type                Incr(ns)  Path(ns)    Netlist Resource(s)
  -------------------------------------------------------------------    -------------------
                         (clock sys_clk_pin rise edge)
                                                      0.000     0.000 r  
    E3                                                0.000     0.000 r  clk_100mhz (IN)
                         net (fo=0)                   0.000     0.000    clk_100mhz
    E3                   IBUF (Prop_ibuf_I_O)         1.482     1.482 r  clk_100mhz_IBUF_inst/O
                         net (fo=1, routed)           2.025     3.506    clk_100mhz_IBUF
    BUFGCTRL_X0Y16       BUFG (Prop_bufg_I_O)         0.096     3.602 r  clk_100mhz_IBUF_BUFG_inst/O
                         net (fo=76, routed)          1.721     5.324    inst_uart_rx/CLK
    SLICE_X78Y95         FDRE                                         r  inst_uart_rx/clk_count_reg[14]/C
  -------------------------------------------------------------------    -------------------
    SLICE_X78Y95         FDRE (Prop_fdre_C_Q)         0.518     5.842 r  inst_uart_rx/clk_count_reg[14]/Q
                         net (fo=4, routed)           0.976     6.818    inst_uart_rx/clk_count_reg_n_0_[14]
    SLICE_X80Y94         LUT4 (Prop_lut4_I2_O)        0.153     6.971 r  inst_uart_rx/clk_count[31]_i_21/O
                         net (fo=1, routed)           0.697     7.668    inst_uart_rx/clk_count[31]_i_21_n_0
    SLICE_X80Y95         LUT6 (Prop_lut6_I0_O)        0.331     7.999 r  inst_uart_rx/clk_count[31]_i_7/O
                         net (fo=1, routed)           0.838     8.837    inst_uart_rx/clk_count[31]_i_7_n_0
    SLICE_X78Y95         LUT4 (Prop_lut4_I0_O)        0.124     8.961 r  inst_uart_rx/clk_count[31]_i_3/O
                         net (fo=12, routed)          1.149    10.110    inst_uart_rx/clk_count[31]_i_3_n_0
    SLICE_X76Y92         LUT5 (Prop_lut5_I0_O)        0.148    10.258 r  inst_uart_rx/clk_count[31]_i_1/O
                         net (fo=32, routed)          0.902    11.160    inst_uart_rx/clk_count_0
    SLICE_X78Y96         FDRE                                         r  inst_uart_rx/clk_count_reg[19]/CE
  -------------------------------------------------------------------    -------------------

                         (clock sys_clk_pin rise edge)
                                                     10.000    10.000 r  
    E3                                                0.000    10.000 r  clk_100mhz (IN)
                         net (fo=0)                   0.000    10.000    clk_100mhz
    E3                   IBUF (Prop_ibuf_I_O)         1.411    11.411 r  clk_100mhz_IBUF_inst/O
                         net (fo=1, routed)           1.920    13.331    clk_100mhz_IBUF
    BUFGCTRL_X0Y16       BUFG (Prop_bufg_I_O)         0.091    13.422 r  clk_100mhz_IBUF_BUFG_inst/O
                         net (fo=76, routed)          1.600    15.023    inst_uart_rx/CLK
    SLICE_X78Y96         FDRE                                         r  inst_uart_rx/clk_count_reg[19]/C
                         clock pessimism              0.276    15.299    
                         clock uncertainty           -0.035    15.263    
    SLICE_X78Y96         FDRE (Setup_fdre_C_CE)      -0.373    14.890    inst_uart_rx/clk_count_reg[19]
  -------------------------------------------------------------------
                         required time                         14.890    
                         arrival time                         -11.160    
  -------------------------------------------------------------------
                         slack                                  3.730    

Slack (MET) :             3.730ns  (required time - arrival time)
  Source:                 inst_uart_rx/clk_count_reg[14]/C
                            (rising edge-triggered cell FDRE clocked by sys_clk_pin  {rise@0.000ns fall@5.000ns period=10.000ns})
  Destination:            inst_uart_rx/clk_count_reg[20]/CE
                            (rising edge-triggered cell FDRE clocked by sys_clk_pin  {rise@0.000ns fall@5.000ns period=10.000ns})
  Path Group:             sys_clk_pin
  Path Type:              Setup (Max at Slow Process Corner)
  Requirement:            10.000ns  (sys_clk_pin rise@10.000ns - sys_clk_pin rise@0.000ns)
  Data Path Delay:        5.836ns  (logic 1.274ns (21.829%)  route 4.562ns (78.171%))
  Logic Levels:           4  (LUT4=2 LUT5=1 LUT6=1)
  Clock Path Skew:        -0.025ns (DCD - SCD + CPR)
    Destination Clock Delay (DCD):    5.023ns = ( 15.023 - 10.000 ) 
    Source Clock Delay      (SCD):    5.324ns
    Clock Pessimism Removal (CPR):    0.276ns
  Clock Uncertainty:      0.035ns  ((TSJ^2 + TIJ^2)^1/2 + DJ) / 2 + PE
    Total System Jitter     (TSJ):    0.071ns
    Total Input Jitter      (TIJ):    0.000ns
    Discrete Jitter          (DJ):    0.000ns
    Phase Error              (PE):    0.000ns

    Location             Delay type                Incr(ns)  Path(ns)    Netlist Resource(s)
  -------------------------------------------------------------------    -------------------
                         (clock sys_clk_pin rise edge)
                                                      0.000     0.000 r  
    E3                                                0.000     0.000 r  clk_100mhz (IN)
                         net (fo=0)                   0.000     0.000    clk_100mhz
    E3                   IBUF (Prop_ibuf_I_O)         1.482     1.482 r  clk_100mhz_IBUF_inst/O
                         net (fo=1, routed)           2.025     3.506    clk_100mhz_IBUF
    BUFGCTRL_X0Y16       BUFG (Prop_bufg_I_O)         0.096     3.602 r  clk_100mhz_IBUF_BUFG_inst/O
                         net (fo=76, routed)          1.721     5.324    inst_uart_rx/CLK
    SLICE_X78Y95         FDRE                                         r  inst_uart_rx/clk_count_reg[14]/C
  -------------------------------------------------------------------    -------------------
    SLICE_X78Y95         FDRE (Prop_fdre_C_Q)         0.518     5.842 r  inst_uart_rx/clk_count_reg[14]/Q
                         net (fo=4, routed)           0.976     6.818    inst_uart_rx/clk_count_reg_n_0_[14]
    SLICE_X80Y94         LUT4 (Prop_lut4_I2_O)        0.153     6.971 r  inst_uart_rx/clk_count[31]_i_21/O
                         net (fo=1, routed)           0.697     7.668    inst_uart_rx/clk_count[31]_i_21_n_0
    SLICE_X80Y95         LUT6 (Prop_lut6_I0_O)        0.331     7.999 r  inst_uart_rx/clk_count[31]_i_7/O
                         net (fo=1, routed)           0.838     8.837    inst_uart_rx/clk_count[31]_i_7_n_0
    SLICE_X78Y95         LUT4 (Prop_lut4_I0_O)        0.124     8.961 r  inst_uart_rx/clk_count[31]_i_3/O
                         net (fo=12, routed)          1.149    10.110    inst_uart_rx/clk_count[31]_i_3_n_0
    SLICE_X76Y92         LUT5 (Prop_lut5_I0_O)        0.148    10.258 r  inst_uart_rx/clk_count[31]_i_1/O
                         net (fo=32, routed)          0.902    11.160    inst_uart_rx/clk_count_0
    SLICE_X78Y96         FDRE                                         r  inst_uart_rx/clk_count_reg[20]/CE
  -------------------------------------------------------------------    -------------------

                         (clock sys_clk_pin rise edge)
                                                     10.000    10.000 r  
    E3                                                0.000    10.000 r  clk_100mhz (IN)
                         net (fo=0)                   0.000    10.000    clk_100mhz
    E3                   IBUF (Prop_ibuf_I_O)         1.411    11.411 r  clk_100mhz_IBUF_inst/O
                         net (fo=1, routed)           1.920    13.331    clk_100mhz_IBUF
    BUFGCTRL_X0Y16       BUFG (Prop_bufg_I_O)         0.091    13.422 r  clk_100mhz_IBUF_BUFG_inst/O
                         net (fo=76, routed)          1.600    15.023    inst_uart_rx/CLK
    SLICE_X78Y96         FDRE                                         r  inst_uart_rx/clk_count_reg[20]/C
                         clock pessimism              0.276    15.299    
                         clock uncertainty           -0.035    15.263    
    SLICE_X78Y96         FDRE (Setup_fdre_C_CE)      -0.373    14.890    inst_uart_rx/clk_count_reg[20]
  -------------------------------------------------------------------
                         required time                         14.890    
                         arrival time                         -11.160    
  -------------------------------------------------------------------
                         slack                                  3.730    

Slack (MET) :             3.850ns  (required time - arrival time)
  Source:                 inst_uart_rx/clk_count_reg[14]/C
                            (rising edge-triggered cell FDRE clocked by sys_clk_pin  {rise@0.000ns fall@5.000ns period=10.000ns})
  Destination:            inst_uart_rx/clk_count_reg[11]/CE
                            (rising edge-triggered cell FDRE clocked by sys_clk_pin  {rise@0.000ns fall@5.000ns period=10.000ns})
  Path Group:             sys_clk_pin
  Path Type:              Setup (Max at Slow Process Corner)
  Requirement:            10.000ns  (sys_clk_pin rise@10.000ns - sys_clk_pin rise@0.000ns)
  Data Path Delay:        5.703ns  (logic 1.274ns (22.340%)  route 4.429ns (77.660%))
  Logic Levels:           4  (LUT4=2 LUT5=1 LUT6=1)
  Clock Path Skew:        -0.039ns (DCD - SCD + CPR)
    Destination Clock Delay (DCD):    5.026ns = ( 15.026 - 10.000 ) 
    Source Clock Delay      (SCD):    5.324ns
    Clock Pessimism Removal (CPR):    0.259ns
  Clock Uncertainty:      0.035ns  ((TSJ^2 + TIJ^2)^1/2 + DJ) / 2 + PE
    Total System Jitter     (TSJ):    0.071ns
    Total Input Jitter      (TIJ):    0.000ns
    Discrete Jitter          (DJ):    0.000ns
    Phase Error              (PE):    0.000ns

    Location             Delay type                Incr(ns)  Path(ns)    Netlist Resource(s)
  -------------------------------------------------------------------    -------------------
                         (clock sys_clk_pin rise edge)
                                                      0.000     0.000 r  
    E3                                                0.000     0.000 r  clk_100mhz (IN)
                         net (fo=0)                   0.000     0.000    clk_100mhz
    E3                   IBUF (Prop_ibuf_I_O)         1.482     1.482 r  clk_100mhz_IBUF_inst/O
                         net (fo=1, routed)           2.025     3.506    clk_100mhz_IBUF
    BUFGCTRL_X0Y16       BUFG (Prop_bufg_I_O)         0.096     3.602 r  clk_100mhz_IBUF_BUFG_inst/O
                         net (fo=76, routed)          1.721     5.324    inst_uart_rx/CLK
    SLICE_X78Y95         FDRE                                         r  inst_uart_rx/clk_count_reg[14]/C
  -------------------------------------------------------------------    -------------------
    SLICE_X78Y95         FDRE (Prop_fdre_C_Q)         0.518     5.842 r  inst_uart_rx/clk_count_reg[14]/Q
                         net (fo=4, routed)           0.976     6.818    inst_uart_rx/clk_count_reg_n_0_[14]
    SLICE_X80Y94         LUT4 (Prop_lut4_I2_O)        0.153     6.971 r  inst_uart_rx/clk_count[31]_i_21/O
                         net (fo=1, routed)           0.697     7.668    inst_uart_rx/clk_count[31]_i_21_n_0
    SLICE_X80Y95         LUT6 (Prop_lut6_I0_O)        0.331     7.999 r  inst_uart_rx/clk_count[31]_i_7/O
                         net (fo=1, routed)           0.838     8.837    inst_uart_rx/clk_count[31]_i_7_n_0
    SLICE_X78Y95         LUT4 (Prop_lut4_I0_O)        0.124     8.961 r  inst_uart_rx/clk_count[31]_i_3/O
                         net (fo=12, routed)          1.149    10.110    inst_uart_rx/clk_count[31]_i_3_n_0
    SLICE_X76Y92         LUT5 (Prop_lut5_I0_O)        0.148    10.258 r  inst_uart_rx/clk_count[31]_i_1/O
                         net (fo=32, routed)          0.769    11.027    inst_uart_rx/clk_count_0
    SLICE_X80Y94         FDRE                                         r  inst_uart_rx/clk_count_reg[11]/CE
  -------------------------------------------------------------------    -------------------

                         (clock sys_clk_pin rise edge)
                                                     10.000    10.000 r  
    E3                                                0.000    10.000 r  clk_100mhz (IN)
                         net (fo=0)                   0.000    10.000    clk_100mhz
    E3                   IBUF (Prop_ibuf_I_O)         1.411    11.411 r  clk_100mhz_IBUF_inst/O
                         net (fo=1, routed)           1.920    13.331    clk_100mhz_IBUF
    BUFGCTRL_X0Y16       BUFG (Prop_bufg_I_O)         0.091    13.422 r  clk_100mhz_IBUF_BUFG_inst/O
                         net (fo=76, routed)          1.603    15.026    inst_uart_rx/CLK
    SLICE_X80Y94         FDRE                                         r  inst_uart_rx/clk_count_reg[11]/C
                         clock pessimism              0.259    15.285    
                         clock uncertainty           -0.035    15.249    
    SLICE_X80Y94         FDRE (Setup_fdre_C_CE)      -0.373    14.876    inst_uart_rx/clk_count_reg[11]
  -------------------------------------------------------------------
                         required time                         14.876    
                         arrival time                         -11.027    
  -------------------------------------------------------------------
                         slack                                  3.850    

Slack (MET) :             3.871ns  (required time - arrival time)
  Source:                 inst_uart_rx/clk_count_reg[14]/C
                            (rising edge-triggered cell FDRE clocked by sys_clk_pin  {rise@0.000ns fall@5.000ns period=10.000ns})
  Destination:            inst_uart_rx/clk_count_reg[21]/CE
                            (rising edge-triggered cell FDRE clocked by sys_clk_pin  {rise@0.000ns fall@5.000ns period=10.000ns})
  Path Group:             sys_clk_pin
  Path Type:              Setup (Max at Slow Process Corner)
  Requirement:            10.000ns  (sys_clk_pin rise@10.000ns - sys_clk_pin rise@0.000ns)
  Data Path Delay:        5.696ns  (logic 1.274ns (22.365%)  route 4.422ns (77.635%))
  Logic Levels:           4  (LUT4=2 LUT5=1 LUT6=1)
  Clock Path Skew:        -0.024ns (DCD - SCD + CPR)
    Destination Clock Delay (DCD):    5.024ns = ( 15.024 - 10.000 ) 
    Source Clock Delay      (SCD):    5.324ns
    Clock Pessimism Removal (CPR):    0.276ns
  Clock Uncertainty:      0.035ns  ((TSJ^2 + TIJ^2)^1/2 + DJ) / 2 + PE
    Total System Jitter     (TSJ):    0.071ns
    Total Input Jitter      (TIJ):    0.000ns
    Discrete Jitter          (DJ):    0.000ns
    Phase Error              (PE):    0.000ns

    Location             Delay type                Incr(ns)  Path(ns)    Netlist Resource(s)
  -------------------------------------------------------------------    -------------------
                         (clock sys_clk_pin rise edge)
                                                      0.000     0.000 r  
    E3                                                0.000     0.000 r  clk_100mhz (IN)
                         net (fo=0)                   0.000     0.000    clk_100mhz
    E3                   IBUF (Prop_ibuf_I_O)         1.482     1.482 r  clk_100mhz_IBUF_inst/O
                         net (fo=1, routed)           2.025     3.506    clk_100mhz_IBUF
    BUFGCTRL_X0Y16       BUFG (Prop_bufg_I_O)         0.096     3.602 r  clk_100mhz_IBUF_BUFG_inst/O
                         net (fo=76, routed)          1.721     5.324    inst_uart_rx/CLK
    SLICE_X78Y95         FDRE                                         r  inst_uart_rx/clk_count_reg[14]/C
  -------------------------------------------------------------------    -------------------
    SLICE_X78Y95         FDRE (Prop_fdre_C_Q)         0.518     5.842 r  inst_uart_rx/clk_count_reg[14]/Q
                         net (fo=4, routed)           0.976     6.818    inst_uart_rx/clk_count_reg_n_0_[14]
    SLICE_X80Y94         LUT4 (Prop_lut4_I2_O)        0.153     6.971 r  inst_uart_rx/clk_count[31]_i_21/O
                         net (fo=1, routed)           0.697     7.668    inst_uart_rx/clk_count[31]_i_21_n_0
    SLICE_X80Y95         LUT6 (Prop_lut6_I0_O)        0.331     7.999 r  inst_uart_rx/clk_count[31]_i_7/O
                         net (fo=1, routed)           0.838     8.837    inst_uart_rx/clk_count[31]_i_7_n_0
    SLICE_X78Y95         LUT4 (Prop_lut4_I0_O)        0.124     8.961 r  inst_uart_rx/clk_count[31]_i_3/O
                         net (fo=12, routed)          1.149    10.110    inst_uart_rx/clk_count[31]_i_3_n_0
    SLICE_X76Y92         LUT5 (Prop_lut5_I0_O)        0.148    10.258 r  inst_uart_rx/clk_count[31]_i_1/O
                         net (fo=32, routed)          0.762    11.020    inst_uart_rx/clk_count_0
    SLICE_X78Y97         FDRE                                         r  inst_uart_rx/clk_count_reg[21]/CE
  -------------------------------------------------------------------    -------------------

                         (clock sys_clk_pin rise edge)
                                                     10.000    10.000 r  
    E3                                                0.000    10.000 r  clk_100mhz (IN)
                         net (fo=0)                   0.000    10.000    clk_100mhz
    E3                   IBUF (Prop_ibuf_I_O)         1.411    11.411 r  clk_100mhz_IBUF_inst/O
                         net (fo=1, routed)           1.920    13.331    clk_100mhz_IBUF
    BUFGCTRL_X0Y16       BUFG (Prop_bufg_I_O)         0.091    13.422 r  clk_100mhz_IBUF_BUFG_inst/O
                         net (fo=76, routed)          1.601    15.024    inst_uart_rx/CLK
    SLICE_X78Y97         FDRE                                         r  inst_uart_rx/clk_count_reg[21]/C
                         clock pessimism              0.276    15.300    
                         clock uncertainty           -0.035    15.264    
    SLICE_X78Y97         FDRE (Setup_fdre_C_CE)      -0.373    14.891    inst_uart_rx/clk_count_reg[21]
  -------------------------------------------------------------------
                         required time                         14.891    
                         arrival time                         -11.020    
  -------------------------------------------------------------------
                         slack                                  3.871    

Slack (MET) :             3.871ns  (required time - arrival time)
  Source:                 inst_uart_rx/clk_count_reg[14]/C
                            (rising edge-triggered cell FDRE clocked by sys_clk_pin  {rise@0.000ns fall@5.000ns period=10.000ns})
  Destination:            inst_uart_rx/clk_count_reg[22]/CE
                            (rising edge-triggered cell FDRE clocked by sys_clk_pin  {rise@0.000ns fall@5.000ns period=10.000ns})
  Path Group:             sys_clk_pin
  Path Type:              Setup (Max at Slow Process Corner)
  Requirement:            10.000ns  (sys_clk_pin rise@10.000ns - sys_clk_pin rise@0.000ns)
  Data Path Delay:        5.696ns  (logic 1.274ns (22.365%)  route 4.422ns (77.635%))
  Logic Levels:           4  (LUT4=2 LUT5=1 LUT6=1)
  Clock Path Skew:        -0.024ns (DCD - SCD + CPR)
    Destination Clock Delay (DCD):    5.024ns = ( 15.024 - 10.000 ) 
    Source Clock Delay      (SCD):    5.324ns
    Clock Pessimism Removal (CPR):    0.276ns
  Clock Uncertainty:      0.035ns  ((TSJ^2 + TIJ^2)^1/2 + DJ) / 2 + PE
    Total System Jitter     (TSJ):    0.071ns
    Total Input Jitter      (TIJ):    0.000ns
    Discrete Jitter          (DJ):    0.000ns
    Phase Error              (PE):    0.000ns

    Location             Delay type                Incr(ns)  Path(ns)    Netlist Resource(s)
  -------------------------------------------------------------------    -------------------
                         (clock sys_clk_pin rise edge)
                                                      0.000     0.000 r  
    E3                                                0.000     0.000 r  clk_100mhz (IN)
                         net (fo=0)                   0.000     0.000    clk_100mhz
    E3                   IBUF (Prop_ibuf_I_O)         1.482     1.482 r  clk_100mhz_IBUF_inst/O
                         net (fo=1, routed)           2.025     3.506    clk_100mhz_IBUF
    BUFGCTRL_X0Y16       BUFG (Prop_bufg_I_O)         0.096     3.602 r  clk_100mhz_IBUF_BUFG_inst/O
                         net (fo=76, routed)          1.721     5.324    inst_uart_rx/CLK
    SLICE_X78Y95         FDRE                                         r  inst_uart_rx/clk_count_reg[14]/C
  -------------------------------------------------------------------    -------------------
    SLICE_X78Y95         FDRE (Prop_fdre_C_Q)         0.518     5.842 r  inst_uart_rx/clk_count_reg[14]/Q
                         net (fo=4, routed)           0.976     6.818    inst_uart_rx/clk_count_reg_n_0_[14]
    SLICE_X80Y94         LUT4 (Prop_lut4_I2_O)        0.153     6.971 r  inst_uart_rx/clk_count[31]_i_21/O
                         net (fo=1, routed)           0.697     7.668    inst_uart_rx/clk_count[31]_i_21_n_0
    SLICE_X80Y95         LUT6 (Prop_lut6_I0_O)        0.331     7.999 r  inst_uart_rx/clk_count[31]_i_7/O
                         net (fo=1, routed)           0.838     8.837    inst_uart_rx/clk_count[31]_i_7_n_0
    SLICE_X78Y95         LUT4 (Prop_lut4_I0_O)        0.124     8.961 r  inst_uart_rx/clk_count[31]_i_3/O
                         net (fo=12, routed)          1.149    10.110    inst_uart_rx/clk_count[31]_i_3_n_0
    SLICE_X76Y92         LUT5 (Prop_lut5_I0_O)        0.148    10.258 r  inst_uart_rx/clk_count[31]_i_1/O
                         net (fo=32, routed)          0.762    11.020    inst_uart_rx/clk_count_0
    SLICE_X78Y97         FDRE                                         r  inst_uart_rx/clk_count_reg[22]/CE
  -------------------------------------------------------------------    -------------------

                         (clock sys_clk_pin rise edge)
                                                     10.000    10.000 r  
    E3                                                0.000    10.000 r  clk_100mhz (IN)
                         net (fo=0)                   0.000    10.000    clk_100mhz
    E3                   IBUF (Prop_ibuf_I_O)         1.411    11.411 r  clk_100mhz_IBUF_inst/O
                         net (fo=1, routed)           1.920    13.331    clk_100mhz_IBUF
    BUFGCTRL_X0Y16       BUFG (Prop_bufg_I_O)         0.091    13.422 r  clk_100mhz_IBUF_BUFG_inst/O
                         net (fo=76, routed)          1.601    15.024    inst_uart_rx/CLK
    SLICE_X78Y97         FDRE                                         r  inst_uart_rx/clk_count_reg[22]/C
                         clock pessimism              0.276    15.300    
                         clock uncertainty           -0.035    15.264    
    SLICE_X78Y97         FDRE (Setup_fdre_C_CE)      -0.373    14.891    inst_uart_rx/clk_count_reg[22]
  -------------------------------------------------------------------
                         required time                         14.891    
                         arrival time                         -11.020    
  -------------------------------------------------------------------
                         slack                                  3.871    





Min Delay Paths
--------------------------------------------------------------------------------------
Slack (MET) :             0.215ns  (arrival time - required time)
  Source:                 move_controller_inst/x_pos_reg[3]/C
                            (rising edge-triggered cell FDCE clocked by sys_clk_pin  {rise@0.000ns fall@5.000ns period=10.000ns})
  Destination:            move_controller_inst/x_pos_reg[5]/D
                            (rising edge-triggered cell FDCE clocked by sys_clk_pin  {rise@0.000ns fall@5.000ns period=10.000ns})
  Path Group:             sys_clk_pin
  Path Type:              Hold (Min at Fast Process Corner)
  Requirement:            0.000ns  (sys_clk_pin rise@0.000ns - sys_clk_pin rise@0.000ns)
  Data Path Delay:        0.351ns  (logic 0.209ns (59.501%)  route 0.142ns (40.499%))
  Logic Levels:           1  (LUT6=1)
  Clock Path Skew:        0.015ns (DCD - SCD - CPR)
    Destination Clock Delay (DCD):    2.030ns
    Source Clock Delay      (SCD):    1.512ns
    Clock Pessimism Removal (CPR):    0.502ns

    Location             Delay type                Incr(ns)  Path(ns)    Netlist Resource(s)
  -------------------------------------------------------------------    -------------------
                         (clock sys_clk_pin rise edge)
                                                      0.000     0.000 r  
    E3                                                0.000     0.000 r  clk_100mhz (IN)
                         net (fo=0)                   0.000     0.000    clk_100mhz
    E3                   IBUF (Prop_ibuf_I_O)         0.250     0.250 r  clk_100mhz_IBUF_inst/O
                         net (fo=1, routed)           0.644     0.894    clk_100mhz_IBUF
    BUFGCTRL_X0Y16       BUFG (Prop_bufg_I_O)         0.026     0.920 r  clk_100mhz_IBUF_BUFG_inst/O
                         net (fo=76, routed)          0.593     1.512    move_controller_inst/CLK
    SLICE_X76Y84         FDCE                                         r  move_controller_inst/x_pos_reg[3]/C
  -------------------------------------------------------------------    -------------------
    SLICE_X76Y84         FDCE (Prop_fdce_C_Q)         0.164     1.676 r  move_controller_inst/x_pos_reg[3]/Q
                         net (fo=9, routed)           0.142     1.819    move_controller_inst/Q[2]
    SLICE_X76Y85         LUT6 (Prop_lut6_I2_O)        0.045     1.864 r  move_controller_inst/x_pos[5]_i_1/O
                         net (fo=1, routed)           0.000     1.864    move_controller_inst/x_pos[5]_i_1_n_0
    SLICE_X76Y85         FDCE                                         r  move_controller_inst/x_pos_reg[5]/D
  -------------------------------------------------------------------    -------------------

                         (clock sys_clk_pin rise edge)
                                                      0.000     0.000 r  
    E3                                                0.000     0.000 r  clk_100mhz (IN)
                         net (fo=0)                   0.000     0.000    clk_100mhz
    E3                   IBUF (Prop_ibuf_I_O)         0.438     0.438 r  clk_100mhz_IBUF_inst/O
                         net (fo=1, routed)           0.699     1.136    clk_100mhz_IBUF
    BUFGCTRL_X0Y16       BUFG (Prop_bufg_I_O)         0.029     1.165 r  clk_100mhz_IBUF_BUFG_inst/O
                         net (fo=76, routed)          0.865     2.030    move_controller_inst/CLK
    SLICE_X76Y85         FDCE                                         r  move_controller_inst/x_pos_reg[5]/C
                         clock pessimism             -0.502     1.527    
    SLICE_X76Y85         FDCE (Hold_fdce_C_D)         0.121     1.648    move_controller_inst/x_pos_reg[5]
  -------------------------------------------------------------------
                         required time                         -1.648    
                         arrival time                           1.864    
  -------------------------------------------------------------------
                         slack                                  0.215    

Slack (MET) :             0.217ns  (arrival time - required time)
  Source:                 move_controller_inst/y_pos_reg[7]/C
                            (rising edge-triggered cell FDPE clocked by sys_clk_pin  {rise@0.000ns fall@5.000ns period=10.000ns})
  Destination:            move_controller_inst/y_pos_reg[8]/D
                            (rising edge-triggered cell FDCE clocked by sys_clk_pin  {rise@0.000ns fall@5.000ns period=10.000ns})
  Path Group:             sys_clk_pin
  Path Type:              Hold (Min at Fast Process Corner)
  Requirement:            0.000ns  (sys_clk_pin rise@0.000ns - sys_clk_pin rise@0.000ns)
  Data Path Delay:        0.309ns  (logic 0.226ns (73.079%)  route 0.083ns (26.921%))
  Logic Levels:           1  (LUT5=1)
  Clock Path Skew:        0.000ns (DCD - SCD - CPR)
    Destination Clock Delay (DCD):    2.041ns
    Source Clock Delay      (SCD):    1.523ns
    Clock Pessimism Removal (CPR):    0.517ns

    Location             Delay type                Incr(ns)  Path(ns)    Netlist Resource(s)
  -------------------------------------------------------------------    -------------------
                         (clock sys_clk_pin rise edge)
                                                      0.000     0.000 r  
    E3                                                0.000     0.000 r  clk_100mhz (IN)
                         net (fo=0)                   0.000     0.000    clk_100mhz
    E3                   IBUF (Prop_ibuf_I_O)         0.250     0.250 r  clk_100mhz_IBUF_inst/O
                         net (fo=1, routed)           0.644     0.894    clk_100mhz_IBUF
    BUFGCTRL_X0Y16       BUFG (Prop_bufg_I_O)         0.026     0.920 r  clk_100mhz_IBUF_BUFG_inst/O
                         net (fo=76, routed)          0.604     1.523    move_controller_inst/CLK
    SLICE_X85Y89         FDPE                                         r  move_controller_inst/y_pos_reg[7]/C
  -------------------------------------------------------------------    -------------------
    SLICE_X85Y89         FDPE (Prop_fdpe_C_Q)         0.128     1.651 r  move_controller_inst/y_pos_reg[7]/Q
                         net (fo=5, routed)           0.083     1.735    move_controller_inst/y_pos_reg[8]_0[6]
    SLICE_X85Y89         LUT5 (Prop_lut5_I2_O)        0.098     1.833 r  move_controller_inst/y_pos[8]_i_2/O
                         net (fo=1, routed)           0.000     1.833    move_controller_inst/y_pos[8]_i_2_n_0
    SLICE_X85Y89         FDCE                                         r  move_controller_inst/y_pos_reg[8]/D
  -------------------------------------------------------------------    -------------------

                         (clock sys_clk_pin rise edge)
                                                      0.000     0.000 r  
    E3                                                0.000     0.000 r  clk_100mhz (IN)
                         net (fo=0)                   0.000     0.000    clk_100mhz
    E3                   IBUF (Prop_ibuf_I_O)         0.438     0.438 r  clk_100mhz_IBUF_inst/O
                         net (fo=1, routed)           0.699     1.136    clk_100mhz_IBUF
    BUFGCTRL_X0Y16       BUFG (Prop_bufg_I_O)         0.029     1.165 r  clk_100mhz_IBUF_BUFG_inst/O
                         net (fo=76, routed)          0.876     2.041    move_controller_inst/CLK
    SLICE_X85Y89         FDCE                                         r  move_controller_inst/y_pos_reg[8]/C
                         clock pessimism             -0.517     1.523    
    SLICE_X85Y89         FDCE (Hold_fdce_C_D)         0.092     1.615    move_controller_inst/y_pos_reg[8]
  -------------------------------------------------------------------
                         required time                         -1.615    
                         arrival time                           1.833    
  -------------------------------------------------------------------
                         slack                                  0.217    

Slack (MET) :             0.228ns  (arrival time - required time)
  Source:                 move_controller_inst/y_pos_reg[4]/C
                            (rising edge-triggered cell FDPE clocked by sys_clk_pin  {rise@0.000ns fall@5.000ns period=10.000ns})
  Destination:            move_controller_inst/y_pos_reg[5]/D
                            (rising edge-triggered cell FDPE clocked by sys_clk_pin  {rise@0.000ns fall@5.000ns period=10.000ns})
  Path Group:             sys_clk_pin
  Path Type:              Hold (Min at Fast Process Corner)
  Requirement:            0.000ns  (sys_clk_pin rise@0.000ns - sys_clk_pin rise@0.000ns)
  Data Path Delay:        0.336ns  (logic 0.186ns (55.290%)  route 0.150ns (44.710%))
  Logic Levels:           1  (LUT6=1)
  Clock Path Skew:        0.016ns (DCD - SCD - CPR)
    Destination Clock Delay (DCD):    2.041ns
    Source Clock Delay      (SCD):    1.523ns
    Clock Pessimism Removal (CPR):    0.501ns

    Location             Delay type                Incr(ns)  Path(ns)    Netlist Resource(s)
  -------------------------------------------------------------------    -------------------
                         (clock sys_clk_pin rise edge)
                                                      0.000     0.000 r  
    E3                                                0.000     0.000 r  clk_100mhz (IN)
                         net (fo=0)                   0.000     0.000    clk_100mhz
    E3                   IBUF (Prop_ibuf_I_O)         0.250     0.250 r  clk_100mhz_IBUF_inst/O
                         net (fo=1, routed)           0.644     0.894    clk_100mhz_IBUF
    BUFGCTRL_X0Y16       BUFG (Prop_bufg_I_O)         0.026     0.920 r  clk_100mhz_IBUF_BUFG_inst/O
                         net (fo=76, routed)          0.604     1.523    move_controller_inst/CLK
    SLICE_X85Y88         FDPE                                         r  move_controller_inst/y_pos_reg[4]/C
  -------------------------------------------------------------------    -------------------
    SLICE_X85Y88         FDPE (Prop_fdpe_C_Q)         0.141     1.664 r  move_controller_inst/y_pos_reg[4]/Q
                         net (fo=6, routed)           0.150     1.815    move_controller_inst/y_pos_reg[8]_0[3]
    SLICE_X83Y88         LUT6 (Prop_lut6_I5_O)        0.045     1.860 r  move_controller_inst/y_pos[5]_i_1/O
                         net (fo=1, routed)           0.000     1.860    move_controller_inst/y_pos[5]_i_1_n_0
    SLICE_X83Y88         FDPE                                         r  move_controller_inst/y_pos_reg[5]/D
  -------------------------------------------------------------------    -------------------

                         (clock sys_clk_pin rise edge)
                                                      0.000     0.000 r  
    E3                                                0.000     0.000 r  clk_100mhz (IN)
                         net (fo=0)                   0.000     0.000    clk_100mhz
    E3                   IBUF (Prop_ibuf_I_O)         0.438     0.438 r  clk_100mhz_IBUF_inst/O
                         net (fo=1, routed)           0.699     1.136    clk_100mhz_IBUF
    BUFGCTRL_X0Y16       BUFG (Prop_bufg_I_O)         0.029     1.165 r  clk_100mhz_IBUF_BUFG_inst/O
                         net (fo=76, routed)          0.876     2.041    move_controller_inst/CLK
    SLICE_X83Y88         FDPE                                         r  move_controller_inst/y_pos_reg[5]/C
                         clock pessimism             -0.501     1.539    
    SLICE_X83Y88         FDPE (Hold_fdpe_C_D)         0.092     1.631    move_controller_inst/y_pos_reg[5]
  -------------------------------------------------------------------
                         required time                         -1.631    
                         arrival time                           1.860    
  -------------------------------------------------------------------
                         slack                                  0.228    

Slack (MET) :             0.228ns  (arrival time - required time)
  Source:                 move_controller_inst/x_pos_reg[7]/C
                            (rising edge-triggered cell FDCE clocked by sys_clk_pin  {rise@0.000ns fall@5.000ns period=10.000ns})
  Destination:            move_controller_inst/x_pos_reg[9]/D
                            (rising edge-triggered cell FDCE clocked by sys_clk_pin  {rise@0.000ns fall@5.000ns period=10.000ns})
  Path Group:             sys_clk_pin
  Path Type:              Hold (Min at Fast Process Corner)
  Requirement:            0.000ns  (sys_clk_pin rise@0.000ns - sys_clk_pin rise@0.000ns)
  Data Path Delay:        0.364ns  (logic 0.209ns (57.353%)  route 0.155ns (42.647%))
  Logic Levels:           1  (LUT6=1)
  Clock Path Skew:        0.015ns (DCD - SCD - CPR)
    Destination Clock Delay (DCD):    2.030ns
    Source Clock Delay      (SCD):    1.512ns
    Clock Pessimism Removal (CPR):    0.502ns

    Location             Delay type                Incr(ns)  Path(ns)    Netlist Resource(s)
  -------------------------------------------------------------------    -------------------
                         (clock sys_clk_pin rise edge)
                                                      0.000     0.000 r  
    E3                                                0.000     0.000 r  clk_100mhz (IN)
                         net (fo=0)                   0.000     0.000    clk_100mhz
    E3                   IBUF (Prop_ibuf_I_O)         0.250     0.250 r  clk_100mhz_IBUF_inst/O
                         net (fo=1, routed)           0.644     0.894    clk_100mhz_IBUF
    BUFGCTRL_X0Y16       BUFG (Prop_bufg_I_O)         0.026     0.920 r  clk_100mhz_IBUF_BUFG_inst/O
                         net (fo=76, routed)          0.593     1.512    move_controller_inst/CLK
    SLICE_X76Y85         FDCE                                         r  move_controller_inst/x_pos_reg[7]/C
  -------------------------------------------------------------------    -------------------
    SLICE_X76Y85         FDCE (Prop_fdce_C_Q)         0.164     1.676 r  move_controller_inst/x_pos_reg[7]/Q
                         net (fo=6, routed)           0.155     1.832    move_controller_inst/Q[6]
    SLICE_X76Y86         LUT6 (Prop_lut6_I3_O)        0.045     1.877 r  move_controller_inst/x_pos[9]_i_2/O
                         net (fo=1, routed)           0.000     1.877    move_controller_inst/x_pos[9]_i_2_n_0
    SLICE_X76Y86         FDCE                                         r  move_controller_inst/x_pos_reg[9]/D
  -------------------------------------------------------------------    -------------------

                         (clock sys_clk_pin rise edge)
                                                      0.000     0.000 r  
    E3                                                0.000     0.000 r  clk_100mhz (IN)
                         net (fo=0)                   0.000     0.000    clk_100mhz
    E3                   IBUF (Prop_ibuf_I_O)         0.438     0.438 r  clk_100mhz_IBUF_inst/O
                         net (fo=1, routed)           0.699     1.136    clk_100mhz_IBUF
    BUFGCTRL_X0Y16       BUFG (Prop_bufg_I_O)         0.029     1.165 r  clk_100mhz_IBUF_BUFG_inst/O
                         net (fo=76, routed)          0.865     2.030    move_controller_inst/CLK
    SLICE_X76Y86         FDCE                                         r  move_controller_inst/x_pos_reg[9]/C
                         clock pessimism             -0.502     1.527    
    SLICE_X76Y86         FDCE (Hold_fdce_C_D)         0.121     1.648    move_controller_inst/x_pos_reg[9]
  -------------------------------------------------------------------
                         required time                         -1.648    
                         arrival time                           1.877    
  -------------------------------------------------------------------
                         slack                                  0.228    

Slack (MET) :             0.257ns  (arrival time - required time)
  Source:                 move_controller_inst/y_pos_reg[6]/C
                            (rising edge-triggered cell FDPE clocked by sys_clk_pin  {rise@0.000ns fall@5.000ns period=10.000ns})
  Destination:            move_controller_inst/y_pos_reg[7]/D
                            (rising edge-triggered cell FDPE clocked by sys_clk_pin  {rise@0.000ns fall@5.000ns period=10.000ns})
  Path Group:             sys_clk_pin
  Path Type:              Hold (Min at Fast Process Corner)
  Requirement:            0.000ns  (sys_clk_pin rise@0.000ns - sys_clk_pin rise@0.000ns)
  Data Path Delay:        0.364ns  (logic 0.183ns (50.227%)  route 0.181ns (49.773%))
  Logic Levels:           1  (LUT4=1)
  Clock Path Skew:        0.000ns (DCD - SCD - CPR)
    Destination Clock Delay (DCD):    2.041ns
    Source Clock Delay      (SCD):    1.523ns
    Clock Pessimism Removal (CPR):    0.517ns

    Location             Delay type                Incr(ns)  Path(ns)    Netlist Resource(s)
  -------------------------------------------------------------------    -------------------
                         (clock sys_clk_pin rise edge)
                                                      0.000     0.000 r  
    E3                                                0.000     0.000 r  clk_100mhz (IN)
                         net (fo=0)                   0.000     0.000    clk_100mhz
    E3                   IBUF (Prop_ibuf_I_O)         0.250     0.250 r  clk_100mhz_IBUF_inst/O
                         net (fo=1, routed)           0.644     0.894    clk_100mhz_IBUF
    BUFGCTRL_X0Y16       BUFG (Prop_bufg_I_O)         0.026     0.920 r  clk_100mhz_IBUF_BUFG_inst/O
                         net (fo=76, routed)          0.604     1.523    move_controller_inst/CLK
    SLICE_X85Y89         FDPE                                         r  move_controller_inst/y_pos_reg[6]/C
  -------------------------------------------------------------------    -------------------
    SLICE_X85Y89         FDPE (Prop_fdpe_C_Q)         0.141     1.664 r  move_controller_inst/y_pos_reg[6]/Q
                         net (fo=6, routed)           0.181     1.846    move_controller_inst/y_pos_reg[8]_0[5]
    SLICE_X85Y89         LUT4 (Prop_lut4_I2_O)        0.042     1.888 r  move_controller_inst/y_pos[7]_i_1/O
                         net (fo=1, routed)           0.000     1.888    move_controller_inst/y_pos[7]_i_1_n_0
    SLICE_X85Y89         FDPE                                         r  move_controller_inst/y_pos_reg[7]/D
  -------------------------------------------------------------------    -------------------

                         (clock sys_clk_pin rise edge)
                                                      0.000     0.000 r  
    E3                                                0.000     0.000 r  clk_100mhz (IN)
                         net (fo=0)                   0.000     0.000    clk_100mhz
    E3                   IBUF (Prop_ibuf_I_O)         0.438     0.438 r  clk_100mhz_IBUF_inst/O
                         net (fo=1, routed)           0.699     1.136    clk_100mhz_IBUF
    BUFGCTRL_X0Y16       BUFG (Prop_bufg_I_O)         0.029     1.165 r  clk_100mhz_IBUF_BUFG_inst/O
                         net (fo=76, routed)          0.876     2.041    move_controller_inst/CLK
    SLICE_X85Y89         FDPE                                         r  move_controller_inst/y_pos_reg[7]/C
                         clock pessimism             -0.517     1.523    
    SLICE_X85Y89         FDPE (Hold_fdpe_C_D)         0.107     1.630    move_controller_inst/y_pos_reg[7]
  -------------------------------------------------------------------
                         required time                         -1.630    
                         arrival time                           1.888    
  -------------------------------------------------------------------
                         slack                                  0.257    

Slack (MET) :             0.260ns  (arrival time - required time)
  Source:                 inst_uart_rx/rx_shift_reg[1]/C
                            (rising edge-triggered cell FDRE clocked by sys_clk_pin  {rise@0.000ns fall@5.000ns period=10.000ns})
  Destination:            parser_inst/shape_color_reg[2]/D
                            (rising edge-triggered cell FDCE clocked by sys_clk_pin  {rise@0.000ns fall@5.000ns period=10.000ns})
  Path Group:             sys_clk_pin
  Path Type:              Hold (Min at Fast Process Corner)
  Requirement:            0.000ns  (sys_clk_pin rise@0.000ns - sys_clk_pin rise@0.000ns)
  Data Path Delay:        0.397ns  (logic 0.209ns (52.579%)  route 0.188ns (47.421%))
  Logic Levels:           1  (LUT1=1)
  Clock Path Skew:        0.016ns (DCD - SCD - CPR)
    Destination Clock Delay (DCD):    2.034ns
    Source Clock Delay      (SCD):    1.515ns
    Clock Pessimism Removal (CPR):    0.502ns

    Location             Delay type                Incr(ns)  Path(ns)    Netlist Resource(s)
  -------------------------------------------------------------------    -------------------
                         (clock sys_clk_pin rise edge)
                                                      0.000     0.000 r  
    E3                                                0.000     0.000 r  clk_100mhz (IN)
                         net (fo=0)                   0.000     0.000    clk_100mhz
    E3                   IBUF (Prop_ibuf_I_O)         0.250     0.250 r  clk_100mhz_IBUF_inst/O
                         net (fo=1, routed)           0.644     0.894    clk_100mhz_IBUF
    BUFGCTRL_X0Y16       BUFG (Prop_bufg_I_O)         0.026     0.920 r  clk_100mhz_IBUF_BUFG_inst/O
                         net (fo=76, routed)          0.596     1.515    inst_uart_rx/CLK
    SLICE_X74Y92         FDRE                                         r  inst_uart_rx/rx_shift_reg[1]/C
  -------------------------------------------------------------------    -------------------
    SLICE_X74Y92         FDRE (Prop_fdre_C_Q)         0.164     1.679 f  inst_uart_rx/rx_shift_reg[1]/Q
                         net (fo=6, routed)           0.188     1.868    inst_uart_rx/Q[1]
    SLICE_X76Y90         LUT1 (Prop_lut1_I0_O)        0.045     1.913 r  inst_uart_rx/shape_color[2]_i_1/O
                         net (fo=1, routed)           0.000     1.913    parser_inst/shape_color_reg[2]_0[2]
    SLICE_X76Y90         FDCE                                         r  parser_inst/shape_color_reg[2]/D
  -------------------------------------------------------------------    -------------------

                         (clock sys_clk_pin rise edge)
                                                      0.000     0.000 r  
    E3                                                0.000     0.000 r  clk_100mhz (IN)
                         net (fo=0)                   0.000     0.000    clk_100mhz
    E3                   IBUF (Prop_ibuf_I_O)         0.438     0.438 r  clk_100mhz_IBUF_inst/O
                         net (fo=1, routed)           0.699     1.136    clk_100mhz_IBUF
    BUFGCTRL_X0Y16       BUFG (Prop_bufg_I_O)         0.029     1.165 r  clk_100mhz_IBUF_BUFG_inst/O
                         net (fo=76, routed)          0.869     2.034    parser_inst/CLK
    SLICE_X76Y90         FDCE                                         r  parser_inst/shape_color_reg[2]/C
                         clock pessimism             -0.502     1.531    
    SLICE_X76Y90         FDCE (Hold_fdce_C_D)         0.121     1.652    parser_inst/shape_color_reg[2]
  -------------------------------------------------------------------
                         required time                         -1.652    
                         arrival time                           1.913    
  -------------------------------------------------------------------
                         slack                                  0.260    

Slack (MET) :             0.264ns  (arrival time - required time)
  Source:                 inst_uart_rx/data_ready_reg/C
                            (rising edge-triggered cell FDRE clocked by sys_clk_pin  {rise@0.000ns fall@5.000ns period=10.000ns})
  Destination:            inst_uart_rx/data_ready_reg/D
                            (rising edge-triggered cell FDRE clocked by sys_clk_pin  {rise@0.000ns fall@5.000ns period=10.000ns})
  Path Group:             sys_clk_pin
  Path Type:              Hold (Min at Fast Process Corner)
  Requirement:            0.000ns  (sys_clk_pin rise@0.000ns - sys_clk_pin rise@0.000ns)
  Data Path Delay:        0.384ns  (logic 0.209ns (54.393%)  route 0.175ns (45.607%))
  Logic Levels:           1  (LUT5=1)
  Clock Path Skew:        0.000ns (DCD - SCD - CPR)
    Destination Clock Delay (DCD):    2.034ns
    Source Clock Delay      (SCD):    1.515ns
    Clock Pessimism Removal (CPR):    0.518ns

    Location             Delay type                Incr(ns)  Path(ns)    Netlist Resource(s)
  -------------------------------------------------------------------    -------------------
                         (clock sys_clk_pin rise edge)
                                                      0.000     0.000 r  
    E3                                                0.000     0.000 r  clk_100mhz (IN)
                         net (fo=0)                   0.000     0.000    clk_100mhz
    E3                   IBUF (Prop_ibuf_I_O)         0.250     0.250 r  clk_100mhz_IBUF_inst/O
                         net (fo=1, routed)           0.644     0.894    clk_100mhz_IBUF
    BUFGCTRL_X0Y16       BUFG (Prop_bufg_I_O)         0.026     0.920 r  clk_100mhz_IBUF_BUFG_inst/O
                         net (fo=76, routed)          0.596     1.515    inst_uart_rx/CLK
    SLICE_X74Y90         FDRE                                         r  inst_uart_rx/data_ready_reg/C
  -------------------------------------------------------------------    -------------------
    SLICE_X74Y90         FDRE (Prop_fdre_C_Q)         0.164     1.679 r  inst_uart_rx/data_ready_reg/Q
                         net (fo=3, routed)           0.175     1.855    inst_uart_rx/uart_ready
    SLICE_X74Y90         LUT5 (Prop_lut5_I0_O)        0.045     1.900 r  inst_uart_rx/data_ready_i_1/O
                         net (fo=1, routed)           0.000     1.900    inst_uart_rx/data_ready_i_1_n_0
    SLICE_X74Y90         FDRE                                         r  inst_uart_rx/data_ready_reg/D
  -------------------------------------------------------------------    -------------------

                         (clock sys_clk_pin rise edge)
                                                      0.000     0.000 r  
    E3                                                0.000     0.000 r  clk_100mhz (IN)
                         net (fo=0)                   0.000     0.000    clk_100mhz
    E3                   IBUF (Prop_ibuf_I_O)         0.438     0.438 r  clk_100mhz_IBUF_inst/O
                         net (fo=1, routed)           0.699     1.136    clk_100mhz_IBUF
    BUFGCTRL_X0Y16       BUFG (Prop_bufg_I_O)         0.029     1.165 r  clk_100mhz_IBUF_BUFG_inst/O
                         net (fo=76, routed)          0.869     2.034    inst_uart_rx/CLK
    SLICE_X74Y90         FDRE                                         r  inst_uart_rx/data_ready_reg/C
                         clock pessimism             -0.518     1.515    
    SLICE_X74Y90         FDRE (Hold_fdre_C_D)         0.120     1.635    inst_uart_rx/data_ready_reg
  -------------------------------------------------------------------
                         required time                         -1.635    
                         arrival time                           1.900    
  -------------------------------------------------------------------
                         slack                                  0.264    

Slack (MET) :             0.273ns  (arrival time - required time)
  Source:                 inst_uart_rx/bit_index_reg[0]/C
                            (rising edge-triggered cell FDRE clocked by sys_clk_pin  {rise@0.000ns fall@5.000ns period=10.000ns})
  Destination:            inst_uart_rx/bit_index_reg[0]/D
                            (rising edge-triggered cell FDRE clocked by sys_clk_pin  {rise@0.000ns fall@5.000ns period=10.000ns})
  Path Group:             sys_clk_pin
  Path Type:              Hold (Min at Fast Process Corner)
  Requirement:            0.000ns  (sys_clk_pin rise@0.000ns - sys_clk_pin rise@0.000ns)
  Data Path Delay:        0.394ns  (logic 0.209ns (53.089%)  route 0.185ns (46.911%))
  Logic Levels:           1  (LUT6=1)
  Clock Path Skew:        0.000ns (DCD - SCD - CPR)
    Destination Clock Delay (DCD):    2.034ns
    Source Clock Delay      (SCD):    1.515ns
    Clock Pessimism Removal (CPR):    0.518ns

    Location             Delay type                Incr(ns)  Path(ns)    Netlist Resource(s)
  -------------------------------------------------------------------    -------------------
                         (clock sys_clk_pin rise edge)
                                                      0.000     0.000 r  
    E3                                                0.000     0.000 r  clk_100mhz (IN)
                         net (fo=0)                   0.000     0.000    clk_100mhz
    E3                   IBUF (Prop_ibuf_I_O)         0.250     0.250 r  clk_100mhz_IBUF_inst/O
                         net (fo=1, routed)           0.644     0.894    clk_100mhz_IBUF
    BUFGCTRL_X0Y16       BUFG (Prop_bufg_I_O)         0.026     0.920 r  clk_100mhz_IBUF_BUFG_inst/O
                         net (fo=76, routed)          0.596     1.515    inst_uart_rx/CLK
    SLICE_X76Y91         FDRE                                         r  inst_uart_rx/bit_index_reg[0]/C
  -------------------------------------------------------------------    -------------------
    SLICE_X76Y91         FDRE (Prop_fdre_C_Q)         0.164     1.679 r  inst_uart_rx/bit_index_reg[0]/Q
                         net (fo=12, routed)          0.185     1.864    inst_uart_rx/bit_index_reg_n_0_[0]
    SLICE_X76Y91         LUT6 (Prop_lut6_I0_O)        0.045     1.909 r  inst_uart_rx/bit_index[0]_i_1/O
                         net (fo=1, routed)           0.000     1.909    inst_uart_rx/bit_index[0]_i_1_n_0
    SLICE_X76Y91         FDRE                                         r  inst_uart_rx/bit_index_reg[0]/D
  -------------------------------------------------------------------    -------------------

                         (clock sys_clk_pin rise edge)
                                                      0.000     0.000 r  
    E3                                                0.000     0.000 r  clk_100mhz (IN)
                         net (fo=0)                   0.000     0.000    clk_100mhz
    E3                   IBUF (Prop_ibuf_I_O)         0.438     0.438 r  clk_100mhz_IBUF_inst/O
                         net (fo=1, routed)           0.699     1.136    clk_100mhz_IBUF
    BUFGCTRL_X0Y16       BUFG (Prop_bufg_I_O)         0.029     1.165 r  clk_100mhz_IBUF_BUFG_inst/O
                         net (fo=76, routed)          0.869     2.034    inst_uart_rx/CLK
    SLICE_X76Y91         FDRE                                         r  inst_uart_rx/bit_index_reg[0]/C
                         clock pessimism             -0.518     1.515    
    SLICE_X76Y91         FDRE (Hold_fdre_C_D)         0.121     1.636    inst_uart_rx/bit_index_reg[0]
  -------------------------------------------------------------------
                         required time                         -1.636    
                         arrival time                           1.909    
  -------------------------------------------------------------------
                         slack                                  0.273    

Slack (MET) :             0.275ns  (arrival time - required time)
  Source:                 move_controller_inst/y_pos_reg[6]/C
                            (rising edge-triggered cell FDPE clocked by sys_clk_pin  {rise@0.000ns fall@5.000ns period=10.000ns})
  Destination:            move_controller_inst/y_pos_reg[6]/D
                            (rising edge-triggered cell FDPE clocked by sys_clk_pin  {rise@0.000ns fall@5.000ns period=10.000ns})
  Path Group:             sys_clk_pin
  Path Type:              Hold (Min at Fast Process Corner)
  Requirement:            0.000ns  (sys_clk_pin rise@0.000ns - sys_clk_pin rise@0.000ns)
  Data Path Delay:        0.367ns  (logic 0.186ns (50.634%)  route 0.181ns (49.366%))
  Logic Levels:           1  (LUT2=1)
  Clock Path Skew:        0.000ns (DCD - SCD - CPR)
    Destination Clock Delay (DCD):    2.041ns
    Source Clock Delay      (SCD):    1.523ns
    Clock Pessimism Removal (CPR):    0.517ns

    Location             Delay type                Incr(ns)  Path(ns)    Netlist Resource(s)
  -------------------------------------------------------------------    -------------------
                         (clock sys_clk_pin rise edge)
                                                      0.000     0.000 r  
    E3                                                0.000     0.000 r  clk_100mhz (IN)
                         net (fo=0)                   0.000     0.000    clk_100mhz
    E3                   IBUF (Prop_ibuf_I_O)         0.250     0.250 r  clk_100mhz_IBUF_inst/O
                         net (fo=1, routed)           0.644     0.894    clk_100mhz_IBUF
    BUFGCTRL_X0Y16       BUFG (Prop_bufg_I_O)         0.026     0.920 r  clk_100mhz_IBUF_BUFG_inst/O
                         net (fo=76, routed)          0.604     1.523    move_controller_inst/CLK
    SLICE_X85Y89         FDPE                                         r  move_controller_inst/y_pos_reg[6]/C
  -------------------------------------------------------------------    -------------------
    SLICE_X85Y89         FDPE (Prop_fdpe_C_Q)         0.141     1.664 r  move_controller_inst/y_pos_reg[6]/Q
                         net (fo=6, routed)           0.181     1.846    move_controller_inst/y_pos_reg[8]_0[5]
    SLICE_X85Y89         LUT2 (Prop_lut2_I0_O)        0.045     1.891 r  move_controller_inst/y_pos[6]_i_1/O
                         net (fo=1, routed)           0.000     1.891    move_controller_inst/y_pos[6]_i_1_n_0
    SLICE_X85Y89         FDPE                                         r  move_controller_inst/y_pos_reg[6]/D
  -------------------------------------------------------------------    -------------------

                         (clock sys_clk_pin rise edge)
                                                      0.000     0.000 r  
    E3                                                0.000     0.000 r  clk_100mhz (IN)
                         net (fo=0)                   0.000     0.000    clk_100mhz
    E3                   IBUF (Prop_ibuf_I_O)         0.438     0.438 r  clk_100mhz_IBUF_inst/O
                         net (fo=1, routed)           0.699     1.136    clk_100mhz_IBUF
    BUFGCTRL_X0Y16       BUFG (Prop_bufg_I_O)         0.029     1.165 r  clk_100mhz_IBUF_BUFG_inst/O
                         net (fo=76, routed)          0.876     2.041    move_controller_inst/CLK
    SLICE_X85Y89         FDPE                                         r  move_controller_inst/y_pos_reg[6]/C
                         clock pessimism             -0.517     1.523    
    SLICE_X85Y89         FDPE (Hold_fdpe_C_D)         0.092     1.615    move_controller_inst/y_pos_reg[6]
  -------------------------------------------------------------------
                         required time                         -1.615    
                         arrival time                           1.891    
  -------------------------------------------------------------------
                         slack                                  0.275    

Slack (MET) :             0.275ns  (arrival time - required time)
  Source:                 inst_uart_rx/bit_index_reg[1]/C
                            (rising edge-triggered cell FDRE clocked by sys_clk_pin  {rise@0.000ns fall@5.000ns period=10.000ns})
  Destination:            inst_uart_rx/bit_index_reg[1]/D
                            (rising edge-triggered cell FDRE clocked by sys_clk_pin  {rise@0.000ns fall@5.000ns period=10.000ns})
  Path Group:             sys_clk_pin
  Path Type:              Hold (Min at Fast Process Corner)
  Requirement:            0.000ns  (sys_clk_pin rise@0.000ns - sys_clk_pin rise@0.000ns)
  Data Path Delay:        0.395ns  (logic 0.209ns (52.866%)  route 0.186ns (47.134%))
  Logic Levels:           1  (LUT6=1)
  Clock Path Skew:        0.000ns (DCD - SCD - CPR)
    Destination Clock Delay (DCD):    2.034ns
    Source Clock Delay      (SCD):    1.515ns
    Clock Pessimism Removal (CPR):    0.518ns

    Location             Delay type                Incr(ns)  Path(ns)    Netlist Resource(s)
  -------------------------------------------------------------------    -------------------
                         (clock sys_clk_pin rise edge)
                                                      0.000     0.000 r  
    E3                                                0.000     0.000 r  clk_100mhz (IN)
                         net (fo=0)                   0.000     0.000    clk_100mhz
    E3                   IBUF (Prop_ibuf_I_O)         0.250     0.250 r  clk_100mhz_IBUF_inst/O
                         net (fo=1, routed)           0.644     0.894    clk_100mhz_IBUF
    BUFGCTRL_X0Y16       BUFG (Prop_bufg_I_O)         0.026     0.920 r  clk_100mhz_IBUF_BUFG_inst/O
                         net (fo=76, routed)          0.596     1.515    inst_uart_rx/CLK
    SLICE_X74Y91         FDRE                                         r  inst_uart_rx/bit_index_reg[1]/C
  -------------------------------------------------------------------    -------------------
    SLICE_X74Y91         FDRE (Prop_fdre_C_Q)         0.164     1.679 r  inst_uart_rx/bit_index_reg[1]/Q
                         net (fo=12, routed)          0.186     1.866    inst_uart_rx/bit_index_reg_n_0_[1]
    SLICE_X74Y91         LUT6 (Prop_lut6_I0_O)        0.045     1.911 r  inst_uart_rx/bit_index[1]_i_1/O
                         net (fo=1, routed)           0.000     1.911    inst_uart_rx/bit_index[1]_i_1_n_0
    SLICE_X74Y91         FDRE                                         r  inst_uart_rx/bit_index_reg[1]/D
  -------------------------------------------------------------------    -------------------

                         (clock sys_clk_pin rise edge)
                                                      0.000     0.000 r  
    E3                                                0.000     0.000 r  clk_100mhz (IN)
                         net (fo=0)                   0.000     0.000    clk_100mhz
    E3                   IBUF (Prop_ibuf_I_O)         0.438     0.438 r  clk_100mhz_IBUF_inst/O
                         net (fo=1, routed)           0.699     1.136    clk_100mhz_IBUF
    BUFGCTRL_X0Y16       BUFG (Prop_bufg_I_O)         0.029     1.165 r  clk_100mhz_IBUF_BUFG_inst/O
                         net (fo=76, routed)          0.869     2.034    inst_uart_rx/CLK
    SLICE_X74Y91         FDRE                                         r  inst_uart_rx/bit_index_reg[1]/C
                         clock pessimism             -0.518     1.515    
    SLICE_X74Y91         FDRE (Hold_fdre_C_D)         0.120     1.635    inst_uart_rx/bit_index_reg[1]
  -------------------------------------------------------------------
                         required time                         -1.635    
                         arrival time                           1.911    
  -------------------------------------------------------------------
                         slack                                  0.275    





Pulse Width Checks
--------------------------------------------------------------------------------------
Clock Name:         sys_clk_pin
Waveform(ns):       { 0.000 5.000 }
Period(ns):         10.000
Sources:            { clk_100mhz }

Check Type        Corner  Lib Pin  Reference Pin  Required(ns)  Actual(ns)  Slack(ns)  Location        Pin
Min Period        n/a     BUFG/I   n/a            2.155         10.000      7.845      BUFGCTRL_X0Y16  clk_100mhz_IBUF_BUFG_inst/I
Min Period        n/a     FDRE/C   n/a            1.000         10.000      9.000      SLICE_X75Y90    drawer_inst/pixel_b_reg/C
Min Period        n/a     FDRE/C   n/a            1.000         10.000      9.000      SLICE_X75Y90    drawer_inst/pixel_g_reg/C
Min Period        n/a     FDRE/C   n/a            1.000         10.000      9.000      SLICE_X74Y89    drawer_inst/pixel_r_reg/C
Min Period        n/a     FDRE/C   n/a            1.000         10.000      9.000      SLICE_X76Y91    inst_uart_rx/FSM_sequential_state_reg[0]/C
Min Period        n/a     FDRE/C   n/a            1.000         10.000      9.000      SLICE_X76Y91    inst_uart_rx/FSM_sequential_state_reg[1]/C
Min Period        n/a     FDRE/C   n/a            1.000         10.000      9.000      SLICE_X76Y91    inst_uart_rx/bit_index_reg[0]/C
Min Period        n/a     FDRE/C   n/a            1.000         10.000      9.000      SLICE_X74Y91    inst_uart_rx/bit_index_reg[1]/C
Min Period        n/a     FDRE/C   n/a            1.000         10.000      9.000      SLICE_X74Y91    inst_uart_rx/bit_index_reg[2]/C
Min Period        n/a     FDRE/C   n/a            1.000         10.000      9.000      SLICE_X81Y96    inst_uart_rx/clk_count_reg[0]/C
Low Pulse Width   Slow    FDRE/C   n/a            0.500         5.000       4.500      SLICE_X75Y90    drawer_inst/pixel_b_reg/C
Low Pulse Width   Fast    FDRE/C   n/a            0.500         5.000       4.500      SLICE_X75Y90    drawer_inst/pixel_b_reg/C
Low Pulse Width   Slow    FDRE/C   n/a            0.500         5.000       4.500      SLICE_X75Y90    drawer_inst/pixel_g_reg/C
Low Pulse Width   Fast    FDRE/C   n/a            0.500         5.000       4.500      SLICE_X75Y90    drawer_inst/pixel_g_reg/C
Low Pulse Width   Slow    FDRE/C   n/a            0.500         5.000       4.500      SLICE_X74Y89    drawer_inst/pixel_r_reg/C
Low Pulse Width   Fast    FDRE/C   n/a            0.500         5.000       4.500      SLICE_X74Y89    drawer_inst/pixel_r_reg/C
Low Pulse Width   Slow    FDRE/C   n/a            0.500         5.000       4.500      SLICE_X76Y91    inst_uart_rx/FSM_sequential_state_reg[0]/C
Low Pulse Width   Fast    FDRE/C   n/a            0.500         5.000       4.500      SLICE_X76Y91    inst_uart_rx/FSM_sequential_state_reg[0]/C
Low Pulse Width   Slow    FDRE/C   n/a            0.500         5.000       4.500      SLICE_X76Y91    inst_uart_rx/FSM_sequential_state_reg[1]/C
Low Pulse Width   Fast    FDRE/C   n/a            0.500         5.000       4.500      SLICE_X76Y91    inst_uart_rx/FSM_sequential_state_reg[1]/C
High Pulse Width  Slow    FDRE/C   n/a            0.500         5.000       4.500      SLICE_X75Y90    drawer_inst/pixel_b_reg/C
High Pulse Width  Fast    FDRE/C   n/a            0.500         5.000       4.500      SLICE_X75Y90    drawer_inst/pixel_b_reg/C
High Pulse Width  Slow    FDRE/C   n/a            0.500         5.000       4.500      SLICE_X75Y90    drawer_inst/pixel_g_reg/C
High Pulse Width  Fast    FDRE/C   n/a            0.500         5.000       4.500      SLICE_X75Y90    drawer_inst/pixel_g_reg/C
High Pulse Width  Slow    FDRE/C   n/a            0.500         5.000       4.500      SLICE_X74Y89    drawer_inst/pixel_r_reg/C
High Pulse Width  Fast    FDRE/C   n/a            0.500         5.000       4.500      SLICE_X74Y89    drawer_inst/pixel_r_reg/C
High Pulse Width  Slow    FDRE/C   n/a            0.500         5.000       4.500      SLICE_X76Y91    inst_uart_rx/FSM_sequential_state_reg[0]/C
High Pulse Width  Fast    FDRE/C   n/a            0.500         5.000       4.500      SLICE_X76Y91    inst_uart_rx/FSM_sequential_state_reg[0]/C
High Pulse Width  Slow    FDRE/C   n/a            0.500         5.000       4.500      SLICE_X76Y91    inst_uart_rx/FSM_sequential_state_reg[1]/C
High Pulse Width  Fast    FDRE/C   n/a            0.500         5.000       4.500      SLICE_X76Y91    inst_uart_rx/FSM_sequential_state_reg[1]/C



--------------------------------------------------------------------------------------
Path Group:  (none)
From Clock:  
  To Clock:  

Max Delay            42 Endpoints
Min Delay            42 Endpoints
--------------------------------------------------------------------------------------


Max Delay Paths
--------------------------------------------------------------------------------------
Slack:                    inf
  Source:                 vga_sync_inst/v_count_reg[8]/C
                            (rising edge-triggered cell FDRE)
  Destination:            vsync
                            (output port)
  Path Group:             (none)
  Path Type:              Max at Slow Process Corner
  Data Path Delay:        11.241ns  (logic 4.440ns (39.501%)  route 6.801ns (60.499%))
  Logic Levels:           4  (FDRE=1 LUT4=1 LUT6=1 OBUF=1)

    Location             Delay type                Incr(ns)  Path(ns)    Netlist Resource(s)
  -------------------------------------------------------------------    -------------------
    SLICE_X82Y89         FDRE                         0.000     0.000 r  vga_sync_inst/v_count_reg[8]/C
    SLICE_X82Y89         FDRE (Prop_fdre_C_Q)         0.627     0.627 f  vga_sync_inst/v_count_reg[8]/Q
                         net (fo=6, routed)           1.105     1.732    vga_sync_inst/v_count_reg[9]_1[8]
    SLICE_X79Y90         LUT4 (Prop_lut4_I2_O)        0.124     1.856 f  vga_sync_inst/vsync_OBUF_inst_i_2/O
                         net (fo=2, routed)           0.311     2.167    vga_sync_inst/vsync_OBUF_inst_i_2_n_0
    SLICE_X79Y89         LUT6 (Prop_lut6_I0_O)        0.124     2.291 r  vga_sync_inst/vsync_OBUF_inst_i_1/O
                         net (fo=1, routed)           5.385     7.676    vsync_OBUF
    B12                  OBUF (Prop_obuf_I_O)         3.565    11.241 r  vsync_OBUF_inst/O
                         net (fo=0)                   0.000    11.241    vsync
    B12                                                               r  vsync (OUT)
  -------------------------------------------------------------------    -------------------

Slack:                    inf
  Source:                 vga_sync_inst/h_count_reg[6]/C
                            (rising edge-triggered cell FDRE)
  Destination:            hsync
                            (output port)
  Path Group:             (none)
  Path Type:              Max at Slow Process Corner
  Data Path Delay:        10.575ns  (logic 4.378ns (41.394%)  route 6.198ns (58.606%))
  Logic Levels:           3  (FDRE=1 LUT6=1 OBUF=1)

    Location             Delay type                Incr(ns)  Path(ns)    Netlist Resource(s)
  -------------------------------------------------------------------    -------------------
    SLICE_X74Y87         FDRE                         0.000     0.000 r  vga_sync_inst/h_count_reg[6]/C
    SLICE_X74Y87         FDRE (Prop_fdre_C_Q)         0.689     0.689 r  vga_sync_inst/h_count_reg[6]/Q
                         net (fo=8, routed)           0.925     1.614    vga_sync_inst/Q[6]
    SLICE_X74Y87         LUT6 (Prop_lut6_I4_O)        0.124     1.738 r  vga_sync_inst/hsync_OBUF_inst_i_1/O
                         net (fo=1, routed)           5.273     7.011    hsync_OBUF
    B11                  OBUF (Prop_obuf_I_O)         3.565    10.575 r  hsync_OBUF_inst/O
                         net (fo=0)                   0.000    10.575    hsync
    B11                                                               r  hsync (OUT)
  -------------------------------------------------------------------    -------------------

Slack:                    inf
  Source:                 vga_sync_inst/h_count_reg[2]/C
                            (rising edge-triggered cell FDRE)
  Destination:            vga_sync_inst/h_count_reg[9]/D
  Path Group:             (none)
  Path Type:              Max at Slow Process Corner
  Data Path Delay:        3.850ns  (logic 1.594ns (41.405%)  route 2.256ns (58.595%))
  Logic Levels:           4  (FDRE=1 LUT3=1 LUT4=1 LUT5=1)

    Location             Delay type                Incr(ns)  Path(ns)    Netlist Resource(s)
  -------------------------------------------------------------------    -------------------
    SLICE_X75Y85         FDRE                         0.000     0.000 r  vga_sync_inst/h_count_reg[2]/C
    SLICE_X75Y85         FDRE (Prop_fdre_C_Q)         0.590     0.590 r  vga_sync_inst/h_count_reg[2]/Q
                         net (fo=8, routed)           0.870     1.460    vga_sync_inst/Q[2]
    SLICE_X75Y84         LUT4 (Prop_lut4_I0_O)        0.324     1.784 f  vga_sync_inst/h_count[8]_i_2/O
                         net (fo=4, routed)           0.934     2.718    vga_sync_inst/h_count[8]_i_2_n_0
    SLICE_X74Y87         LUT5 (Prop_lut5_I1_O)        0.352     3.070 r  vga_sync_inst/h_count[9]_i_4/O
                         net (fo=1, routed)           0.452     3.522    vga_sync_inst/h_count[9]_i_4_n_0
    SLICE_X74Y87         LUT3 (Prop_lut3_I1_O)        0.328     3.850 r  vga_sync_inst/h_count[9]_i_2/O
                         net (fo=1, routed)           0.000     3.850    vga_sync_inst/p_1_in[9]
    SLICE_X74Y87         FDRE                                         r  vga_sync_inst/h_count_reg[9]/D
  -------------------------------------------------------------------    -------------------

Slack:                    inf
  Source:                 vga_sync_inst/v_count_reg[2]/C
                            (rising edge-triggered cell FDRE)
  Destination:            vga_sync_inst/v_count_reg[9]/D
  Path Group:             (none)
  Path Type:              Max at Slow Process Corner
  Data Path Delay:        3.832ns  (logic 1.595ns (41.618%)  route 2.237ns (58.382%))
  Logic Levels:           4  (FDRE=1 LUT4=2 LUT6=1)

    Location             Delay type                Incr(ns)  Path(ns)    Netlist Resource(s)
  -------------------------------------------------------------------    -------------------
    SLICE_X81Y90         FDRE                         0.000     0.000 r  vga_sync_inst/v_count_reg[2]/C
    SLICE_X81Y90         FDRE (Prop_fdre_C_Q)         0.590     0.590 f  vga_sync_inst/v_count_reg[2]/Q
                         net (fo=9, routed)           1.018     1.608    vga_sync_inst/v_count_reg[9]_1[2]
    SLICE_X81Y87         LUT4 (Prop_lut4_I0_O)        0.327     1.935 r  vga_sync_inst/v_count[8]_i_2/O
                         net (fo=4, routed)           0.787     2.721    vga_sync_inst/v_count[8]_i_2_n_0
    SLICE_X81Y89         LUT4 (Prop_lut4_I1_O)        0.352     3.073 r  vga_sync_inst/v_count[9]_i_2/O
                         net (fo=1, routed)           0.433     3.506    vga_sync_inst/v_count[9]_i_2_n_0
    SLICE_X81Y89         LUT6 (Prop_lut6_I2_O)        0.326     3.832 r  vga_sync_inst/v_count[9]_i_1/O
                         net (fo=1, routed)           0.000     3.832    vga_sync_inst/v_count[9]_i_1_n_0
    SLICE_X81Y89         FDRE                                         r  vga_sync_inst/v_count_reg[9]/D
  -------------------------------------------------------------------    -------------------

Slack:                    inf
  Source:                 vga_sync_inst/v_count_reg[2]/C
                            (rising edge-triggered cell FDRE)
  Destination:            vga_sync_inst/v_count_reg[7]/D
  Path Group:             (none)
  Path Type:              Max at Slow Process Corner
  Data Path Delay:        3.640ns  (logic 1.271ns (34.914%)  route 2.369ns (65.086%))
  Logic Levels:           3  (FDRE=1 LUT4=1 LUT5=1)

    Location             Delay type                Incr(ns)  Path(ns)    Netlist Resource(s)
  -------------------------------------------------------------------    -------------------
    SLICE_X81Y90         FDRE                         0.000     0.000 r  vga_sync_inst/v_count_reg[2]/C
    SLICE_X81Y90         FDRE (Prop_fdre_C_Q)         0.590     0.590 f  vga_sync_inst/v_count_reg[2]/Q
                         net (fo=9, routed)           1.018     1.608    vga_sync_inst/v_count_reg[9]_1[2]
    SLICE_X81Y87         LUT4 (Prop_lut4_I0_O)        0.327     1.935 r  vga_sync_inst/v_count[8]_i_2/O
                         net (fo=4, routed)           1.352     3.286    vga_sync_inst/v_count[8]_i_2_n_0
    SLICE_X82Y89         LUT5 (Prop_lut5_I1_O)        0.354     3.640 r  vga_sync_inst/v_count[7]_i_1/O
                         net (fo=1, routed)           0.000     3.640    vga_sync_inst/v_count[7]_i_1_n_0
    SLICE_X82Y89         FDRE                                         r  vga_sync_inst/v_count_reg[7]/D
  -------------------------------------------------------------------    -------------------

Slack:                    inf
  Source:                 vga_sync_inst/v_count_reg[2]/C
                            (rising edge-triggered cell FDRE)
  Destination:            vga_sync_inst/v_count_reg[6]/D
  Path Group:             (none)
  Path Type:              Max at Slow Process Corner
  Data Path Delay:        3.612ns  (logic 1.243ns (34.409%)  route 2.369ns (65.591%))
  Logic Levels:           3  (FDRE=1 LUT4=2)

    Location             Delay type                Incr(ns)  Path(ns)    Netlist Resource(s)
  -------------------------------------------------------------------    -------------------
    SLICE_X81Y90         FDRE                         0.000     0.000 r  vga_sync_inst/v_count_reg[2]/C
    SLICE_X81Y90         FDRE (Prop_fdre_C_Q)         0.590     0.590 f  vga_sync_inst/v_count_reg[2]/Q
                         net (fo=9, routed)           1.018     1.608    vga_sync_inst/v_count_reg[9]_1[2]
    SLICE_X81Y87         LUT4 (Prop_lut4_I0_O)        0.327     1.935 r  vga_sync_inst/v_count[8]_i_2/O
                         net (fo=4, routed)           1.352     3.286    vga_sync_inst/v_count[8]_i_2_n_0
    SLICE_X82Y89         LUT4 (Prop_lut4_I2_O)        0.326     3.612 r  vga_sync_inst/v_count[6]_i_1/O
                         net (fo=1, routed)           0.000     3.612    vga_sync_inst/v_count[6]_i_1_n_0
    SLICE_X82Y89         FDRE                                         r  vga_sync_inst/v_count_reg[6]/D
  -------------------------------------------------------------------    -------------------

Slack:                    inf
  Source:                 vga_sync_inst/v_count_reg[2]/C
                            (rising edge-triggered cell FDRE)
  Destination:            vga_sync_inst/v_count_reg[8]/D
  Path Group:             (none)
  Path Type:              Max at Slow Process Corner
  Data Path Delay:        3.605ns  (logic 1.243ns (34.478%)  route 2.362ns (65.522%))
  Logic Levels:           3  (FDRE=1 LUT4=1 LUT6=1)

    Location             Delay type                Incr(ns)  Path(ns)    Netlist Resource(s)
  -------------------------------------------------------------------    -------------------
    SLICE_X81Y90         FDRE                         0.000     0.000 r  vga_sync_inst/v_count_reg[2]/C
    SLICE_X81Y90         FDRE (Prop_fdre_C_Q)         0.590     0.590 f  vga_sync_inst/v_count_reg[2]/Q
                         net (fo=9, routed)           1.018     1.608    vga_sync_inst/v_count_reg[9]_1[2]
    SLICE_X81Y87         LUT4 (Prop_lut4_I0_O)        0.327     1.935 r  vga_sync_inst/v_count[8]_i_2/O
                         net (fo=4, routed)           1.345     3.279    vga_sync_inst/v_count[8]_i_2_n_0
    SLICE_X82Y89         LUT6 (Prop_lut6_I2_O)        0.326     3.605 r  vga_sync_inst/v_count[8]_i_1/O
                         net (fo=1, routed)           0.000     3.605    vga_sync_inst/v_count[8]_i_1_n_0
    SLICE_X82Y89         FDRE                                         r  vga_sync_inst/v_count_reg[8]/D
  -------------------------------------------------------------------    -------------------

Slack:                    inf
  Source:                 vga_sync_inst/h_count_reg[3]/C
                            (rising edge-triggered cell FDRE)
  Destination:            vga_sync_inst/v_count_reg[6]/CE
  Path Group:             (none)
  Path Type:              Max at Slow Process Corner
  Data Path Delay:        3.377ns  (logic 1.068ns (31.623%)  route 2.309ns (68.377%))
  Logic Levels:           3  (FDRE=1 LUT5=1 LUT6=1)

    Location             Delay type                Incr(ns)  Path(ns)    Netlist Resource(s)
  -------------------------------------------------------------------    -------------------
    SLICE_X74Y85         FDRE                         0.000     0.000 r  vga_sync_inst/h_count_reg[3]/C
    SLICE_X74Y85         FDRE (Prop_fdre_C_Q)         0.649     0.649 r  vga_sync_inst/h_count_reg[3]/Q
                         net (fo=7, routed)           0.705     1.354    vga_sync_inst/Q[3]
    SLICE_X75Y85         LUT5 (Prop_lut5_I1_O)        0.295     1.649 r  vga_sync_inst/h_count[9]_i_3/O
                         net (fo=1, routed)           0.294     1.943    vga_sync_inst/h_count[9]_i_3_n_0
    SLICE_X75Y86         LUT6 (Prop_lut6_I0_O)        0.124     2.067 r  vga_sync_inst/h_count[9]_i_1/O
                         net (fo=20, routed)          1.310     3.377    vga_sync_inst/h_count[9]_i_1_n_0
    SLICE_X82Y89         FDRE                                         r  vga_sync_inst/v_count_reg[6]/CE
  -------------------------------------------------------------------    -------------------

Slack:                    inf
  Source:                 vga_sync_inst/h_count_reg[3]/C
                            (rising edge-triggered cell FDRE)
  Destination:            vga_sync_inst/v_count_reg[7]/CE
  Path Group:             (none)
  Path Type:              Max at Slow Process Corner
  Data Path Delay:        3.377ns  (logic 1.068ns (31.623%)  route 2.309ns (68.377%))
  Logic Levels:           3  (FDRE=1 LUT5=1 LUT6=1)

    Location             Delay type                Incr(ns)  Path(ns)    Netlist Resource(s)
  -------------------------------------------------------------------    -------------------
    SLICE_X74Y85         FDRE                         0.000     0.000 r  vga_sync_inst/h_count_reg[3]/C
    SLICE_X74Y85         FDRE (Prop_fdre_C_Q)         0.649     0.649 r  vga_sync_inst/h_count_reg[3]/Q
                         net (fo=7, routed)           0.705     1.354    vga_sync_inst/Q[3]
    SLICE_X75Y85         LUT5 (Prop_lut5_I1_O)        0.295     1.649 r  vga_sync_inst/h_count[9]_i_3/O
                         net (fo=1, routed)           0.294     1.943    vga_sync_inst/h_count[9]_i_3_n_0
    SLICE_X75Y86         LUT6 (Prop_lut6_I0_O)        0.124     2.067 r  vga_sync_inst/h_count[9]_i_1/O
                         net (fo=20, routed)          1.310     3.377    vga_sync_inst/h_count[9]_i_1_n_0
    SLICE_X82Y89         FDRE                                         r  vga_sync_inst/v_count_reg[7]/CE
  -------------------------------------------------------------------    -------------------

Slack:                    inf
  Source:                 vga_sync_inst/h_count_reg[3]/C
                            (rising edge-triggered cell FDRE)
  Destination:            vga_sync_inst/v_count_reg[8]/CE
  Path Group:             (none)
  Path Type:              Max at Slow Process Corner
  Data Path Delay:        3.377ns  (logic 1.068ns (31.623%)  route 2.309ns (68.377%))
  Logic Levels:           3  (FDRE=1 LUT5=1 LUT6=1)

    Location             Delay type                Incr(ns)  Path(ns)    Netlist Resource(s)
  -------------------------------------------------------------------    -------------------
    SLICE_X74Y85         FDRE                         0.000     0.000 r  vga_sync_inst/h_count_reg[3]/C
    SLICE_X74Y85         FDRE (Prop_fdre_C_Q)         0.649     0.649 r  vga_sync_inst/h_count_reg[3]/Q
                         net (fo=7, routed)           0.705     1.354    vga_sync_inst/Q[3]
    SLICE_X75Y85         LUT5 (Prop_lut5_I1_O)        0.295     1.649 r  vga_sync_inst/h_count[9]_i_3/O
                         net (fo=1, routed)           0.294     1.943    vga_sync_inst/h_count[9]_i_3_n_0
    SLICE_X75Y86         LUT6 (Prop_lut6_I0_O)        0.124     2.067 r  vga_sync_inst/h_count[9]_i_1/O
                         net (fo=20, routed)          1.310     3.377    vga_sync_inst/h_count[9]_i_1_n_0
    SLICE_X82Y89         FDRE                                         r  vga_sync_inst/v_count_reg[8]/CE
  -------------------------------------------------------------------    -------------------





Min Delay Paths
--------------------------------------------------------------------------------------
Slack:                    inf
  Source:                 vga_sync_inst/v_count_reg[0]/C
                            (rising edge-triggered cell FDRE)
  Destination:            vga_sync_inst/v_count_reg[9]/D
  Path Group:             (none)
  Path Type:              Min at Fast Process Corner
  Data Path Delay:        0.386ns  (logic 0.239ns (61.879%)  route 0.147ns (38.121%))
  Logic Levels:           2  (FDRE=1 LUT6=1)

    Location             Delay type                Incr(ns)  Path(ns)    Netlist Resource(s)
  -------------------------------------------------------------------    -------------------
    SLICE_X81Y90         FDRE                         0.000     0.000 r  vga_sync_inst/v_count_reg[0]/C
    SLICE_X81Y90         FDRE (Prop_fdre_C_Q)         0.194     0.194 r  vga_sync_inst/v_count_reg[0]/Q
                         net (fo=10, routed)          0.147     0.341    vga_sync_inst/v_count_reg[9]_1[0]
    SLICE_X81Y89         LUT6 (Prop_lut6_I4_O)        0.045     0.386 r  vga_sync_inst/v_count[9]_i_1/O
                         net (fo=1, routed)           0.000     0.386    vga_sync_inst/v_count[9]_i_1_n_0
    SLICE_X81Y89         FDRE                                         r  vga_sync_inst/v_count_reg[9]/D
  -------------------------------------------------------------------    -------------------

Slack:                    inf
  Source:                 vga_sync_inst/v_count_reg[0]/C
                            (rising edge-triggered cell FDRE)
  Destination:            vga_sync_inst/v_count_reg[0]/D
  Path Group:             (none)
  Path Type:              Min at Fast Process Corner
  Data Path Delay:        0.396ns  (logic 0.239ns (60.318%)  route 0.157ns (39.682%))
  Logic Levels:           2  (FDRE=1 LUT2=1)

    Location             Delay type                Incr(ns)  Path(ns)    Netlist Resource(s)
  -------------------------------------------------------------------    -------------------
    SLICE_X81Y90         FDRE                         0.000     0.000 r  vga_sync_inst/v_count_reg[0]/C
    SLICE_X81Y90         FDRE (Prop_fdre_C_Q)         0.194     0.194 f  vga_sync_inst/v_count_reg[0]/Q
                         net (fo=10, routed)          0.157     0.351    vga_sync_inst/v_count_reg[9]_1[0]
    SLICE_X81Y90         LUT2 (Prop_lut2_I0_O)        0.045     0.396 r  vga_sync_inst/v_count[0]_i_1/O
                         net (fo=1, routed)           0.000     0.396    vga_sync_inst/v_count[0]_i_1_n_0
    SLICE_X81Y90         FDRE                                         r  vga_sync_inst/v_count_reg[0]/D
  -------------------------------------------------------------------    -------------------

Slack:                    inf
  Source:                 vga_sync_inst/v_count_reg[7]/C
                            (rising edge-triggered cell FDRE)
  Destination:            vga_sync_inst/v_count_reg[8]/D
  Path Group:             (none)
  Path Type:              Min at Fast Process Corner
  Data Path Delay:        0.404ns  (logic 0.280ns (69.317%)  route 0.124ns (30.683%))
  Logic Levels:           2  (FDRE=1 LUT6=1)

    Location             Delay type                Incr(ns)  Path(ns)    Netlist Resource(s)
  -------------------------------------------------------------------    -------------------
    SLICE_X82Y89         FDRE                         0.000     0.000 r  vga_sync_inst/v_count_reg[7]/C
    SLICE_X82Y89         FDRE (Prop_fdre_C_Q)         0.181     0.181 r  vga_sync_inst/v_count_reg[7]/Q
                         net (fo=7, routed)           0.124     0.305    vga_sync_inst/v_count_reg[9]_1[7]
    SLICE_X82Y89         LUT6 (Prop_lut6_I5_O)        0.099     0.404 r  vga_sync_inst/v_count[8]_i_1/O
                         net (fo=1, routed)           0.000     0.404    vga_sync_inst/v_count[8]_i_1_n_0
    SLICE_X82Y89         FDRE                                         r  vga_sync_inst/v_count_reg[8]/D
  -------------------------------------------------------------------    -------------------

Slack:                    inf
  Source:                 vga_sync_inst/v_count_reg[4]/C
                            (rising edge-triggered cell FDRE)
  Destination:            vga_sync_inst/v_count_reg[4]/D
  Path Group:             (none)
  Path Type:              Min at Fast Process Corner
  Data Path Delay:        0.407ns  (logic 0.239ns (58.679%)  route 0.168ns (41.321%))
  Logic Levels:           2  (FDRE=1 LUT5=1)

    Location             Delay type                Incr(ns)  Path(ns)    Netlist Resource(s)
  -------------------------------------------------------------------    -------------------
    SLICE_X81Y87         FDRE                         0.000     0.000 r  vga_sync_inst/v_count_reg[4]/C
    SLICE_X81Y87         FDRE (Prop_fdre_C_Q)         0.194     0.194 r  vga_sync_inst/v_count_reg[4]/Q
                         net (fo=12, routed)          0.168     0.362    vga_sync_inst/v_count_reg[9]_1[4]
    SLICE_X81Y87         LUT5 (Prop_lut5_I0_O)        0.045     0.407 r  vga_sync_inst/v_count[4]_i_1/O
                         net (fo=1, routed)           0.000     0.407    vga_sync_inst/v_count[4]_i_1_n_0
    SLICE_X81Y87         FDRE                                         r  vga_sync_inst/v_count_reg[4]/D
  -------------------------------------------------------------------    -------------------

Slack:                    inf
  Source:                 vga_sync_inst/v_count_reg[1]/C
                            (rising edge-triggered cell FDRE)
  Destination:            vga_sync_inst/v_count_reg[3]/D
  Path Group:             (none)
  Path Type:              Min at Fast Process Corner
  Data Path Delay:        0.409ns  (logic 0.239ns (58.501%)  route 0.170ns (41.499%))
  Logic Levels:           2  (FDRE=1 LUT6=1)

    Location             Delay type                Incr(ns)  Path(ns)    Netlist Resource(s)
  -------------------------------------------------------------------    -------------------
    SLICE_X81Y90         FDRE                         0.000     0.000 r  vga_sync_inst/v_count_reg[1]/C
    SLICE_X81Y90         FDRE (Prop_fdre_C_Q)         0.194     0.194 r  vga_sync_inst/v_count_reg[1]/Q
                         net (fo=10, routed)          0.170     0.364    vga_sync_inst/v_count_reg[9]_1[1]
    SLICE_X81Y90         LUT6 (Prop_lut6_I4_O)        0.045     0.409 r  vga_sync_inst/v_count[3]_i_1/O
                         net (fo=1, routed)           0.000     0.409    vga_sync_inst/v_count[3]_i_1_n_0
    SLICE_X81Y90         FDRE                                         r  vga_sync_inst/v_count_reg[3]/D
  -------------------------------------------------------------------    -------------------

Slack:                    inf
  Source:                 vga_sync_inst/h_count_reg[0]/C
                            (rising edge-triggered cell FDRE)
  Destination:            vga_sync_inst/h_count_reg[1]/D
  Path Group:             (none)
  Path Type:              Min at Fast Process Corner
  Data Path Delay:        0.415ns  (logic 0.262ns (63.150%)  route 0.153ns (36.850%))
  Logic Levels:           2  (FDRE=1 LUT2=1)

    Location             Delay type                Incr(ns)  Path(ns)    Netlist Resource(s)
  -------------------------------------------------------------------    -------------------
    SLICE_X74Y85         FDRE                         0.000     0.000 r  vga_sync_inst/h_count_reg[0]/C
    SLICE_X74Y85         FDRE (Prop_fdre_C_Q)         0.217     0.217 r  vga_sync_inst/h_count_reg[0]/Q
                         net (fo=10, routed)          0.153     0.370    vga_sync_inst/Q[0]
    SLICE_X75Y85         LUT2 (Prop_lut2_I1_O)        0.045     0.415 r  vga_sync_inst/h_count[1]_i_1/O
                         net (fo=1, routed)           0.000     0.415    vga_sync_inst/p_1_in[1]
    SLICE_X75Y85         FDRE                                         r  vga_sync_inst/h_count_reg[1]/D
  -------------------------------------------------------------------    -------------------

Slack:                    inf
  Source:                 vga_sync_inst/h_count_reg[4]/C
                            (rising edge-triggered cell FDRE)
  Destination:            vga_sync_inst/h_count_reg[7]/D
  Path Group:             (none)
  Path Type:              Min at Fast Process Corner
  Data Path Delay:        0.418ns  (logic 0.239ns (57.200%)  route 0.179ns (42.800%))
  Logic Levels:           2  (FDRE=1 LUT5=1)

    Location             Delay type                Incr(ns)  Path(ns)    Netlist Resource(s)
  -------------------------------------------------------------------    -------------------
    SLICE_X75Y85         FDRE                         0.000     0.000 r  vga_sync_inst/h_count_reg[4]/C
    SLICE_X75Y85         FDRE (Prop_fdre_C_Q)         0.194     0.194 r  vga_sync_inst/h_count_reg[4]/Q
                         net (fo=10, routed)          0.179     0.373    vga_sync_inst/Q[4]
    SLICE_X74Y87         LUT5 (Prop_lut5_I4_O)        0.045     0.418 r  vga_sync_inst/h_count[7]_i_1/O
                         net (fo=1, routed)           0.000     0.418    vga_sync_inst/p_1_in[7]
    SLICE_X74Y87         FDRE                                         r  vga_sync_inst/h_count_reg[7]/D
  -------------------------------------------------------------------    -------------------

Slack:                    inf
  Source:                 vga_sync_inst/h_count_reg[0]/C
                            (rising edge-triggered cell FDRE)
  Destination:            vga_sync_inst/h_count_reg[2]/D
  Path Group:             (none)
  Path Type:              Min at Fast Process Corner
  Data Path Delay:        0.419ns  (logic 0.266ns (63.502%)  route 0.153ns (36.498%))
  Logic Levels:           2  (FDRE=1 LUT3=1)

    Location             Delay type                Incr(ns)  Path(ns)    Netlist Resource(s)
  -------------------------------------------------------------------    -------------------
    SLICE_X74Y85         FDRE                         0.000     0.000 r  vga_sync_inst/h_count_reg[0]/C
    SLICE_X74Y85         FDRE (Prop_fdre_C_Q)         0.217     0.217 r  vga_sync_inst/h_count_reg[0]/Q
                         net (fo=10, routed)          0.153     0.370    vga_sync_inst/Q[0]
    SLICE_X75Y85         LUT3 (Prop_lut3_I2_O)        0.049     0.419 r  vga_sync_inst/h_count[2]_i_1/O
                         net (fo=1, routed)           0.000     0.419    vga_sync_inst/p_1_in[2]
    SLICE_X75Y85         FDRE                                         r  vga_sync_inst/h_count_reg[2]/D
  -------------------------------------------------------------------    -------------------

Slack:                    inf
  Source:                 vga_sync_inst/v_count_reg[1]/C
                            (rising edge-triggered cell FDRE)
  Destination:            vga_sync_inst/v_count_reg[5]/D
  Path Group:             (none)
  Path Type:              Min at Fast Process Corner
  Data Path Delay:        0.419ns  (logic 0.239ns (56.984%)  route 0.180ns (43.016%))
  Logic Levels:           2  (FDRE=1 LUT6=1)

    Location             Delay type                Incr(ns)  Path(ns)    Netlist Resource(s)
  -------------------------------------------------------------------    -------------------
    SLICE_X81Y90         FDRE                         0.000     0.000 r  vga_sync_inst/v_count_reg[1]/C
    SLICE_X81Y90         FDRE (Prop_fdre_C_Q)         0.194     0.194 r  vga_sync_inst/v_count_reg[1]/Q
                         net (fo=10, routed)          0.180     0.374    vga_sync_inst/v_count_reg[9]_1[1]
    SLICE_X81Y89         LUT6 (Prop_lut6_I4_O)        0.045     0.419 r  vga_sync_inst/v_count[5]_i_1/O
                         net (fo=1, routed)           0.000     0.419    vga_sync_inst/v_count[5]_i_1_n_0
    SLICE_X81Y89         FDRE                                         r  vga_sync_inst/v_count_reg[5]/D
  -------------------------------------------------------------------    -------------------

Slack:                    inf
  Source:                 vga_sync_inst/h_count_reg[2]/C
                            (rising edge-triggered cell FDRE)
  Destination:            vga_sync_inst/h_count_reg[5]/D
  Path Group:             (none)
  Path Type:              Min at Fast Process Corner
  Data Path Delay:        0.425ns  (logic 0.279ns (65.575%)  route 0.146ns (34.425%))
  Logic Levels:           2  (FDRE=1 LUT6=1)

    Location             Delay type                Incr(ns)  Path(ns)    Netlist Resource(s)
  -------------------------------------------------------------------    -------------------
    SLICE_X75Y85         FDRE                         0.000     0.000 r  vga_sync_inst/h_count_reg[2]/C
    SLICE_X75Y85         FDRE (Prop_fdre_C_Q)         0.181     0.181 r  vga_sync_inst/h_count_reg[2]/Q
                         net (fo=8, routed)           0.146     0.327    vga_sync_inst/Q[2]
    SLICE_X75Y85         LUT6 (Prop_lut6_I1_O)        0.098     0.425 r  vga_sync_inst/h_count[5]_i_1/O
                         net (fo=1, routed)           0.000     0.425    vga_sync_inst/p_1_in[5]
    SLICE_X75Y85         FDRE                                         r  vga_sync_inst/h_count_reg[5]/D
  -------------------------------------------------------------------    -------------------





--------------------------------------------------------------------------------------
Path Group:  (none)
From Clock:  sys_clk_pin
  To Clock:  

Max Delay             3 Endpoints
Min Delay             3 Endpoints
--------------------------------------------------------------------------------------


Max Delay Paths
--------------------------------------------------------------------------------------
Slack:                    inf
  Source:                 drawer_inst/pixel_g_reg/C
                            (rising edge-triggered cell FDRE clocked by sys_clk_pin  {rise@0.000ns fall@5.000ns period=10.000ns})
  Destination:            vga_green
                            (output port)
  Path Group:             (none)
  Path Type:              Max at Slow Process Corner
  Data Path Delay:        8.169ns  (logic 3.994ns (48.895%)  route 4.175ns (51.105%))
  Logic Levels:           1  (OBUF=1)
  Clock Uncertainty:      0.025ns  ((TSJ^2 + TIJ^2)^1/2 + DJ) / 2 + PE
    Total System Jitter     (TSJ):    0.050ns
    Total Input Jitter      (TIJ):    0.000ns
    Discrete Jitter          (DJ):    0.000ns
    Phase Error              (PE):    0.000ns

    Location             Delay type                Incr(ns)  Path(ns)    Netlist Resource(s)
  -------------------------------------------------------------------    -------------------
                         (clock sys_clk_pin rise edge)
                                                      0.000     0.000 r  
    E3                                                0.000     0.000 r  clk_100mhz (IN)
                         net (fo=0)                   0.000     0.000    clk_100mhz
    E3                   IBUF (Prop_ibuf_I_O)         1.482     1.482 r  clk_100mhz_IBUF_inst/O
                         net (fo=1, routed)           2.025     3.506    clk_100mhz_IBUF
    BUFGCTRL_X0Y16       BUFG (Prop_bufg_I_O)         0.096     3.602 r  clk_100mhz_IBUF_BUFG_inst/O
                         net (fo=76, routed)          1.715     5.318    drawer_inst/CLK
    SLICE_X75Y90         FDRE                                         r  drawer_inst/pixel_g_reg/C
  -------------------------------------------------------------------    -------------------
    SLICE_X75Y90         FDRE (Prop_fdre_C_Q)         0.456     5.774 r  drawer_inst/pixel_g_reg/Q
                         net (fo=1, routed)           4.175     9.948    vga_green_OBUF
    C6                   OBUF (Prop_obuf_I_O)         3.538    13.487 r  vga_green_OBUF_inst/O
                         net (fo=0)                   0.000    13.487    vga_green
    C6                                                                r  vga_green (OUT)
  -------------------------------------------------------------------    -------------------

Slack:                    inf
  Source:                 drawer_inst/pixel_b_reg/C
                            (rising edge-triggered cell FDRE clocked by sys_clk_pin  {rise@0.000ns fall@5.000ns period=10.000ns})
  Destination:            vga_blue
                            (output port)
  Path Group:             (none)
  Path Type:              Max at Slow Process Corner
  Data Path Delay:        7.988ns  (logic 4.003ns (50.115%)  route 3.985ns (49.885%))
  Logic Levels:           1  (OBUF=1)
  Clock Uncertainty:      0.025ns  ((TSJ^2 + TIJ^2)^1/2 + DJ) / 2 + PE
    Total System Jitter     (TSJ):    0.050ns
    Total Input Jitter      (TIJ):    0.000ns
    Discrete Jitter          (DJ):    0.000ns
    Phase Error              (PE):    0.000ns

    Location             Delay type                Incr(ns)  Path(ns)    Netlist Resource(s)
  -------------------------------------------------------------------    -------------------
                         (clock sys_clk_pin rise edge)
                                                      0.000     0.000 r  
    E3                                                0.000     0.000 r  clk_100mhz (IN)
                         net (fo=0)                   0.000     0.000    clk_100mhz
    E3                   IBUF (Prop_ibuf_I_O)         1.482     1.482 r  clk_100mhz_IBUF_inst/O
                         net (fo=1, routed)           2.025     3.506    clk_100mhz_IBUF
    BUFGCTRL_X0Y16       BUFG (Prop_bufg_I_O)         0.096     3.602 r  clk_100mhz_IBUF_BUFG_inst/O
                         net (fo=76, routed)          1.715     5.318    drawer_inst/CLK
    SLICE_X75Y90         FDRE                                         r  drawer_inst/pixel_b_reg/C
  -------------------------------------------------------------------    -------------------
    SLICE_X75Y90         FDRE (Prop_fdre_C_Q)         0.456     5.774 r  drawer_inst/pixel_b_reg/Q
                         net (fo=1, routed)           3.985     9.758    vga_blue_OBUF
    B7                   OBUF (Prop_obuf_I_O)         3.547    13.305 r  vga_blue_OBUF_inst/O
                         net (fo=0)                   0.000    13.305    vga_blue
    B7                                                                r  vga_blue (OUT)
  -------------------------------------------------------------------    -------------------

Slack:                    inf
  Source:                 drawer_inst/pixel_r_reg/C
                            (rising edge-triggered cell FDRE clocked by sys_clk_pin  {rise@0.000ns fall@5.000ns period=10.000ns})
  Destination:            vga_red
                            (output port)
  Path Group:             (none)
  Path Type:              Max at Slow Process Corner
  Data Path Delay:        7.506ns  (logic 4.072ns (54.245%)  route 3.435ns (45.755%))
  Logic Levels:           1  (OBUF=1)
  Clock Uncertainty:      0.025ns  ((TSJ^2 + TIJ^2)^1/2 + DJ) / 2 + PE
    Total System Jitter     (TSJ):    0.050ns
    Total Input Jitter      (TIJ):    0.000ns
    Discrete Jitter          (DJ):    0.000ns
    Phase Error              (PE):    0.000ns

    Location             Delay type                Incr(ns)  Path(ns)    Netlist Resource(s)
  -------------------------------------------------------------------    -------------------
                         (clock sys_clk_pin rise edge)
                                                      0.000     0.000 r  
    E3                                                0.000     0.000 r  clk_100mhz (IN)
                         net (fo=0)                   0.000     0.000    clk_100mhz
    E3                   IBUF (Prop_ibuf_I_O)         1.482     1.482 r  clk_100mhz_IBUF_inst/O
                         net (fo=1, routed)           2.025     3.506    clk_100mhz_IBUF
    BUFGCTRL_X0Y16       BUFG (Prop_bufg_I_O)         0.096     3.602 r  clk_100mhz_IBUF_BUFG_inst/O
                         net (fo=76, routed)          1.715     5.318    drawer_inst/CLK
    SLICE_X74Y89         FDRE                                         r  drawer_inst/pixel_r_reg/C
  -------------------------------------------------------------------    -------------------
    SLICE_X74Y89         FDRE (Prop_fdre_C_Q)         0.518     5.836 r  drawer_inst/pixel_r_reg/Q
                         net (fo=1, routed)           3.435     9.270    vga_red_OBUF
    A3                   OBUF (Prop_obuf_I_O)         3.554    12.824 r  vga_red_OBUF_inst/O
                         net (fo=0)                   0.000    12.824    vga_red
    A3                                                                r  vga_red (OUT)
  -------------------------------------------------------------------    -------------------





Min Delay Paths
--------------------------------------------------------------------------------------
Slack:                    inf
  Source:                 drawer_inst/pixel_r_reg/C
                            (rising edge-triggered cell FDRE clocked by sys_clk_pin  {rise@0.000ns fall@5.000ns period=10.000ns})
  Destination:            vga_red
                            (output port)
  Path Group:             (none)
  Path Type:              Min at Fast Process Corner
  Data Path Delay:        2.579ns  (logic 1.418ns (55.000%)  route 1.161ns (45.000%))
  Logic Levels:           1  (OBUF=1)
  Clock Uncertainty:      0.025ns  ((TSJ^2 + TIJ^2)^1/2 + DJ) / 2 + PE
    Total System Jitter     (TSJ):    0.050ns
    Total Input Jitter      (TIJ):    0.000ns
    Discrete Jitter          (DJ):    0.000ns
    Phase Error              (PE):    0.000ns

    Location             Delay type                Incr(ns)  Path(ns)    Netlist Resource(s)
  -------------------------------------------------------------------    -------------------
                         (clock sys_clk_pin rise edge)
                                                      0.000     0.000 r  
    E3                                                0.000     0.000 r  clk_100mhz (IN)
                         net (fo=0)                   0.000     0.000    clk_100mhz
    E3                   IBUF (Prop_ibuf_I_O)         0.250     0.250 r  clk_100mhz_IBUF_inst/O
                         net (fo=1, routed)           0.644     0.894    clk_100mhz_IBUF
    BUFGCTRL_X0Y16       BUFG (Prop_bufg_I_O)         0.026     0.920 r  clk_100mhz_IBUF_BUFG_inst/O
                         net (fo=76, routed)          0.595     1.514    drawer_inst/CLK
    SLICE_X74Y89         FDRE                                         r  drawer_inst/pixel_r_reg/C
  -------------------------------------------------------------------    -------------------
    SLICE_X74Y89         FDRE (Prop_fdre_C_Q)         0.164     1.678 r  drawer_inst/pixel_r_reg/Q
                         net (fo=1, routed)           1.161     2.839    vga_red_OBUF
    A3                   OBUF (Prop_obuf_I_O)         1.254     4.093 r  vga_red_OBUF_inst/O
                         net (fo=0)                   0.000     4.093    vga_red
    A3                                                                r  vga_red (OUT)
  -------------------------------------------------------------------    -------------------

Slack:                    inf
  Source:                 drawer_inst/pixel_b_reg/C
                            (rising edge-triggered cell FDRE clocked by sys_clk_pin  {rise@0.000ns fall@5.000ns period=10.000ns})
  Destination:            vga_blue
                            (output port)
  Path Group:             (none)
  Path Type:              Min at Fast Process Corner
  Data Path Delay:        2.787ns  (logic 1.389ns (49.823%)  route 1.399ns (50.177%))
  Logic Levels:           1  (OBUF=1)
  Clock Uncertainty:      0.025ns  ((TSJ^2 + TIJ^2)^1/2 + DJ) / 2 + PE
    Total System Jitter     (TSJ):    0.050ns
    Total Input Jitter      (TIJ):    0.000ns
    Discrete Jitter          (DJ):    0.000ns
    Phase Error              (PE):    0.000ns

    Location             Delay type                Incr(ns)  Path(ns)    Netlist Resource(s)
  -------------------------------------------------------------------    -------------------
                         (clock sys_clk_pin rise edge)
                                                      0.000     0.000 r  
    E3                                                0.000     0.000 r  clk_100mhz (IN)
                         net (fo=0)                   0.000     0.000    clk_100mhz
    E3                   IBUF (Prop_ibuf_I_O)         0.250     0.250 r  clk_100mhz_IBUF_inst/O
                         net (fo=1, routed)           0.644     0.894    clk_100mhz_IBUF
    BUFGCTRL_X0Y16       BUFG (Prop_bufg_I_O)         0.026     0.920 r  clk_100mhz_IBUF_BUFG_inst/O
                         net (fo=76, routed)          0.596     1.515    drawer_inst/CLK
    SLICE_X75Y90         FDRE                                         r  drawer_inst/pixel_b_reg/C
  -------------------------------------------------------------------    -------------------
    SLICE_X75Y90         FDRE (Prop_fdre_C_Q)         0.141     1.656 r  drawer_inst/pixel_b_reg/Q
                         net (fo=1, routed)           1.399     3.055    vga_blue_OBUF
    B7                   OBUF (Prop_obuf_I_O)         1.248     4.303 r  vga_blue_OBUF_inst/O
                         net (fo=0)                   0.000     4.303    vga_blue
    B7                                                                r  vga_blue (OUT)
  -------------------------------------------------------------------    -------------------

Slack:                    inf
  Source:                 drawer_inst/pixel_g_reg/C
                            (rising edge-triggered cell FDRE clocked by sys_clk_pin  {rise@0.000ns fall@5.000ns period=10.000ns})
  Destination:            vga_green
                            (output port)
  Path Group:             (none)
  Path Type:              Min at Fast Process Corner
  Data Path Delay:        2.851ns  (logic 1.380ns (48.409%)  route 1.471ns (51.591%))
  Logic Levels:           1  (OBUF=1)
  Clock Uncertainty:      0.025ns  ((TSJ^2 + TIJ^2)^1/2 + DJ) / 2 + PE
    Total System Jitter     (TSJ):    0.050ns
    Total Input Jitter      (TIJ):    0.000ns
    Discrete Jitter          (DJ):    0.000ns
    Phase Error              (PE):    0.000ns

    Location             Delay type                Incr(ns)  Path(ns)    Netlist Resource(s)
  -------------------------------------------------------------------    -------------------
                         (clock sys_clk_pin rise edge)
                                                      0.000     0.000 r  
    E3                                                0.000     0.000 r  clk_100mhz (IN)
                         net (fo=0)                   0.000     0.000    clk_100mhz
    E3                   IBUF (Prop_ibuf_I_O)         0.250     0.250 r  clk_100mhz_IBUF_inst/O
                         net (fo=1, routed)           0.644     0.894    clk_100mhz_IBUF
    BUFGCTRL_X0Y16       BUFG (Prop_bufg_I_O)         0.026     0.920 r  clk_100mhz_IBUF_BUFG_inst/O
                         net (fo=76, routed)          0.596     1.515    drawer_inst/CLK
    SLICE_X75Y90         FDRE                                         r  drawer_inst/pixel_g_reg/C
  -------------------------------------------------------------------    -------------------
    SLICE_X75Y90         FDRE (Prop_fdre_C_Q)         0.141     1.656 r  drawer_inst/pixel_g_reg/Q
                         net (fo=1, routed)           1.471     3.127    vga_green_OBUF
    C6                   OBUF (Prop_obuf_I_O)         1.239     4.366 r  vga_green_OBUF_inst/O
                         net (fo=0)                   0.000     4.366    vga_green
    C6                                                                r  vga_green (OUT)
  -------------------------------------------------------------------    -------------------





--------------------------------------------------------------------------------------
Path Group:  (none)
From Clock:  
  To Clock:  sys_clk_pin

Max Delay           149 Endpoints
Min Delay           149 Endpoints
--------------------------------------------------------------------------------------


Max Delay Paths
--------------------------------------------------------------------------------------
Slack:                    inf
  Source:                 vga_sync_inst/h_count_reg[1]/C
                            (rising edge-triggered cell FDRE)
  Destination:            drawer_inst/pixel_b_reg/D
                            (rising edge-triggered cell FDRE clocked by sys_clk_pin  {rise@0.000ns fall@5.000ns period=10.000ns})
  Path Group:             (none)
  Path Type:              Setup (Max at Slow Process Corner)
  Data Path Delay:        12.545ns  (logic 8.814ns (70.258%)  route 3.731ns (29.742%))
  Logic Levels:           13  (CARRY4=6 DSP48E1=2 FDRE=1 LUT1=1 LUT2=2 LUT6=1)
  Clock Uncertainty:      0.025ns  ((TSJ^2 + TIJ^2)^1/2 + DJ) / 2 + PE
    Total System Jitter     (TSJ):    0.050ns
    Total Input Jitter      (TIJ):    0.000ns
    Discrete Jitter          (DJ):    0.000ns
    Phase Error              (PE):    0.000ns

    Location             Delay type                Incr(ns)  Path(ns)    Netlist Resource(s)
  -------------------------------------------------------------------    -------------------
    SLICE_X75Y85         FDRE                         0.000     0.000 r  vga_sync_inst/h_count_reg[1]/C
    SLICE_X75Y85         FDRE (Prop_fdre_C_Q)         0.627     0.627 r  vga_sync_inst/h_count_reg[1]/Q
                         net (fo=9, routed)           0.983     1.610    vga_sync_inst/Q[1]
    SLICE_X77Y84         LUT2 (Prop_lut2_I0_O)        0.124     1.734 r  vga_sync_inst/i__carry_i_3__2/O
                         net (fo=1, routed)           0.000     1.734    drawer_inst/pixel_r3_1[1]
    SLICE_X77Y84         CARRY4 (Prop_carry4_S[1]_CO[3])
                                                      0.550     2.284 r  drawer_inst/pixel_r6_inferred__0/i__carry/CO[3]
                         net (fo=1, routed)           0.000     2.284    drawer_inst/pixel_r6_inferred__0/i__carry_n_0
    SLICE_X77Y85         CARRY4 (Prop_carry4_CI_CO[3])
                                                      0.114     2.398 r  drawer_inst/pixel_r6_inferred__0/i__carry__0/CO[3]
                         net (fo=1, routed)           0.000     2.398    drawer_inst/pixel_r6_inferred__0/i__carry__0_n_0
    SLICE_X77Y86         CARRY4 (Prop_carry4_CI_CO[2])
                                                      0.228     2.626 f  drawer_inst/pixel_r6_inferred__0/i__carry__1/CO[2]
                         net (fo=19, routed)          0.535     3.161    drawer_inst/pixel_r6_inferred__0/i__carry__1_n_1
    SLICE_X76Y86         LUT1 (Prop_lut1_I0_O)        0.313     3.474 r  drawer_inst/pixel_r3_i_1/O
                         net (fo=28, routed)          0.796     4.270    drawer_inst/pixel_r3_i_1_n_0
    DSP48_X2Y34          DSP48E1 (Prop_dsp48e1_A[16]_PCOUT[47])
                                                      4.036     8.306 r  drawer_inst/pixel_r3/PCOUT[47]
                         net (fo=1, routed)           0.002     8.308    drawer_inst/pixel_r3_n_106
    DSP48_X2Y35          DSP48E1 (Prop_dsp48e1_PCIN[47]_P[0])
                                                      1.518     9.826 f  drawer_inst/pixel_r2/P[0]
                         net (fo=1, routed)           0.640    10.466    drawer_inst/pixel_r2_n_105
    SLICE_X76Y85         LUT2 (Prop_lut2_I0_O)        0.124    10.590 r  drawer_inst/i__carry_i_1__1/O
                         net (fo=1, routed)           0.333    10.923    drawer_inst/i__carry_i_1__1_n_0
    SLICE_X77Y87         CARRY4 (Prop_carry4_CYINIT_CO[3])
                                                      0.580    11.503 r  drawer_inst/pixel_r1_inferred__0/i__carry/CO[3]
                         net (fo=1, routed)           0.000    11.503    drawer_inst/pixel_r1_inferred__0/i__carry_n_0
    SLICE_X77Y88         CARRY4 (Prop_carry4_CI_CO[3])
                                                      0.114    11.617 r  drawer_inst/pixel_r1_inferred__0/i__carry__0/CO[3]
                         net (fo=1, routed)           0.000    11.617    drawer_inst/pixel_r1_inferred__0/i__carry__0_n_0
    SLICE_X77Y89         CARRY4 (Prop_carry4_CI_CO[1])
                                                      0.157    11.774 r  drawer_inst/pixel_r1_inferred__0/i__carry__1/CO[1]
                         net (fo=3, routed)           0.442    12.216    parser_inst/CO[0]
    SLICE_X75Y90         LUT6 (Prop_lut6_I1_O)        0.329    12.545 r  parser_inst/pixel_b_i_1/O
                         net (fo=1, routed)           0.000    12.545    drawer_inst/pixel_b_reg_0
    SLICE_X75Y90         FDRE                                         r  drawer_inst/pixel_b_reg/D
  -------------------------------------------------------------------    -------------------

                         (clock sys_clk_pin rise edge)
                                                      0.000     0.000 r  
    E3                                                0.000     0.000 r  clk_100mhz (IN)
                         net (fo=0)                   0.000     0.000    clk_100mhz
    E3                   IBUF (Prop_ibuf_I_O)         1.411     1.411 r  clk_100mhz_IBUF_inst/O
                         net (fo=1, routed)           1.920     3.331    clk_100mhz_IBUF
    BUFGCTRL_X0Y16       BUFG (Prop_bufg_I_O)         0.091     3.422 r  clk_100mhz_IBUF_BUFG_inst/O
                         net (fo=76, routed)          1.595     5.018    drawer_inst/CLK
    SLICE_X75Y90         FDRE                                         r  drawer_inst/pixel_b_reg/C

Slack:                    inf
  Source:                 vga_sync_inst/h_count_reg[1]/C
                            (rising edge-triggered cell FDRE)
  Destination:            drawer_inst/pixel_g_reg/D
                            (rising edge-triggered cell FDRE clocked by sys_clk_pin  {rise@0.000ns fall@5.000ns period=10.000ns})
  Path Group:             (none)
  Path Type:              Setup (Max at Slow Process Corner)
  Data Path Delay:        12.544ns  (logic 8.814ns (70.264%)  route 3.730ns (29.736%))
  Logic Levels:           13  (CARRY4=6 DSP48E1=2 FDRE=1 LUT1=1 LUT2=2 LUT6=1)
  Clock Uncertainty:      0.025ns  ((TSJ^2 + TIJ^2)^1/2 + DJ) / 2 + PE
    Total System Jitter     (TSJ):    0.050ns
    Total Input Jitter      (TIJ):    0.000ns
    Discrete Jitter          (DJ):    0.000ns
    Phase Error              (PE):    0.000ns

    Location             Delay type                Incr(ns)  Path(ns)    Netlist Resource(s)
  -------------------------------------------------------------------    -------------------
    SLICE_X75Y85         FDRE                         0.000     0.000 r  vga_sync_inst/h_count_reg[1]/C
    SLICE_X75Y85         FDRE (Prop_fdre_C_Q)         0.627     0.627 r  vga_sync_inst/h_count_reg[1]/Q
                         net (fo=9, routed)           0.983     1.610    vga_sync_inst/Q[1]
    SLICE_X77Y84         LUT2 (Prop_lut2_I0_O)        0.124     1.734 r  vga_sync_inst/i__carry_i_3__2/O
                         net (fo=1, routed)           0.000     1.734    drawer_inst/pixel_r3_1[1]
    SLICE_X77Y84         CARRY4 (Prop_carry4_S[1]_CO[3])
                                                      0.550     2.284 r  drawer_inst/pixel_r6_inferred__0/i__carry/CO[3]
                         net (fo=1, routed)           0.000     2.284    drawer_inst/pixel_r6_inferred__0/i__carry_n_0
    SLICE_X77Y85         CARRY4 (Prop_carry4_CI_CO[3])
                                                      0.114     2.398 r  drawer_inst/pixel_r6_inferred__0/i__carry__0/CO[3]
                         net (fo=1, routed)           0.000     2.398    drawer_inst/pixel_r6_inferred__0/i__carry__0_n_0
    SLICE_X77Y86         CARRY4 (Prop_carry4_CI_CO[2])
                                                      0.228     2.626 f  drawer_inst/pixel_r6_inferred__0/i__carry__1/CO[2]
                         net (fo=19, routed)          0.535     3.161    drawer_inst/pixel_r6_inferred__0/i__carry__1_n_1
    SLICE_X76Y86         LUT1 (Prop_lut1_I0_O)        0.313     3.474 r  drawer_inst/pixel_r3_i_1/O
                         net (fo=28, routed)          0.796     4.270    drawer_inst/pixel_r3_i_1_n_0
    DSP48_X2Y34          DSP48E1 (Prop_dsp48e1_A[16]_PCOUT[47])
                                                      4.036     8.306 r  drawer_inst/pixel_r3/PCOUT[47]
                         net (fo=1, routed)           0.002     8.308    drawer_inst/pixel_r3_n_106
    DSP48_X2Y35          DSP48E1 (Prop_dsp48e1_PCIN[47]_P[0])
                                                      1.518     9.826 f  drawer_inst/pixel_r2/P[0]
                         net (fo=1, routed)           0.640    10.466    drawer_inst/pixel_r2_n_105
    SLICE_X76Y85         LUT2 (Prop_lut2_I0_O)        0.124    10.590 r  drawer_inst/i__carry_i_1__1/O
                         net (fo=1, routed)           0.333    10.923    drawer_inst/i__carry_i_1__1_n_0
    SLICE_X77Y87         CARRY4 (Prop_carry4_CYINIT_CO[3])
                                                      0.580    11.503 r  drawer_inst/pixel_r1_inferred__0/i__carry/CO[3]
                         net (fo=1, routed)           0.000    11.503    drawer_inst/pixel_r1_inferred__0/i__carry_n_0
    SLICE_X77Y88         CARRY4 (Prop_carry4_CI_CO[3])
                                                      0.114    11.617 r  drawer_inst/pixel_r1_inferred__0/i__carry__0/CO[3]
                         net (fo=1, routed)           0.000    11.617    drawer_inst/pixel_r1_inferred__0/i__carry__0_n_0
    SLICE_X77Y89         CARRY4 (Prop_carry4_CI_CO[1])
                                                      0.157    11.774 r  drawer_inst/pixel_r1_inferred__0/i__carry__1/CO[1]
                         net (fo=3, routed)           0.441    12.215    parser_inst/CO[0]
    SLICE_X75Y90         LUT6 (Prop_lut6_I1_O)        0.329    12.544 r  parser_inst/pixel_g_i_1/O
                         net (fo=1, routed)           0.000    12.544    drawer_inst/pixel_g_reg_1
    SLICE_X75Y90         FDRE                                         r  drawer_inst/pixel_g_reg/D
  -------------------------------------------------------------------    -------------------

                         (clock sys_clk_pin rise edge)
                                                      0.000     0.000 r  
    E3                                                0.000     0.000 r  clk_100mhz (IN)
                         net (fo=0)                   0.000     0.000    clk_100mhz
    E3                   IBUF (Prop_ibuf_I_O)         1.411     1.411 r  clk_100mhz_IBUF_inst/O
                         net (fo=1, routed)           1.920     3.331    clk_100mhz_IBUF
    BUFGCTRL_X0Y16       BUFG (Prop_bufg_I_O)         0.091     3.422 r  clk_100mhz_IBUF_BUFG_inst/O
                         net (fo=76, routed)          1.595     5.018    drawer_inst/CLK
    SLICE_X75Y90         FDRE                                         r  drawer_inst/pixel_g_reg/C

Slack:                    inf
  Source:                 vga_sync_inst/h_count_reg[1]/C
                            (rising edge-triggered cell FDRE)
  Destination:            drawer_inst/pixel_r_reg/D
                            (rising edge-triggered cell FDRE clocked by sys_clk_pin  {rise@0.000ns fall@5.000ns period=10.000ns})
  Path Group:             (none)
  Path Type:              Setup (Max at Slow Process Corner)
  Data Path Delay:        12.539ns  (logic 8.814ns (70.294%)  route 3.725ns (29.706%))
  Logic Levels:           13  (CARRY4=6 DSP48E1=2 FDRE=1 LUT1=1 LUT2=2 LUT6=1)
  Clock Uncertainty:      0.025ns  ((TSJ^2 + TIJ^2)^1/2 + DJ) / 2 + PE
    Total System Jitter     (TSJ):    0.050ns
    Total Input Jitter      (TIJ):    0.000ns
    Discrete Jitter          (DJ):    0.000ns
    Phase Error              (PE):    0.000ns

    Location             Delay type                Incr(ns)  Path(ns)    Netlist Resource(s)
  -------------------------------------------------------------------    -------------------
    SLICE_X75Y85         FDRE                         0.000     0.000 r  vga_sync_inst/h_count_reg[1]/C
    SLICE_X75Y85         FDRE (Prop_fdre_C_Q)         0.627     0.627 r  vga_sync_inst/h_count_reg[1]/Q
                         net (fo=9, routed)           0.983     1.610    vga_sync_inst/Q[1]
    SLICE_X77Y84         LUT2 (Prop_lut2_I0_O)        0.124     1.734 r  vga_sync_inst/i__carry_i_3__2/O
                         net (fo=1, routed)           0.000     1.734    drawer_inst/pixel_r3_1[1]
    SLICE_X77Y84         CARRY4 (Prop_carry4_S[1]_CO[3])
                                                      0.550     2.284 r  drawer_inst/pixel_r6_inferred__0/i__carry/CO[3]
                         net (fo=1, routed)           0.000     2.284    drawer_inst/pixel_r6_inferred__0/i__carry_n_0
    SLICE_X77Y85         CARRY4 (Prop_carry4_CI_CO[3])
                                                      0.114     2.398 r  drawer_inst/pixel_r6_inferred__0/i__carry__0/CO[3]
                         net (fo=1, routed)           0.000     2.398    drawer_inst/pixel_r6_inferred__0/i__carry__0_n_0
    SLICE_X77Y86         CARRY4 (Prop_carry4_CI_CO[2])
                                                      0.228     2.626 f  drawer_inst/pixel_r6_inferred__0/i__carry__1/CO[2]
                         net (fo=19, routed)          0.535     3.161    drawer_inst/pixel_r6_inferred__0/i__carry__1_n_1
    SLICE_X76Y86         LUT1 (Prop_lut1_I0_O)        0.313     3.474 r  drawer_inst/pixel_r3_i_1/O
                         net (fo=28, routed)          0.796     4.270    drawer_inst/pixel_r3_i_1_n_0
    DSP48_X2Y34          DSP48E1 (Prop_dsp48e1_A[16]_PCOUT[47])
                                                      4.036     8.306 r  drawer_inst/pixel_r3/PCOUT[47]
                         net (fo=1, routed)           0.002     8.308    drawer_inst/pixel_r3_n_106
    DSP48_X2Y35          DSP48E1 (Prop_dsp48e1_PCIN[47]_P[0])
                                                      1.518     9.826 f  drawer_inst/pixel_r2/P[0]
                         net (fo=1, routed)           0.640    10.466    drawer_inst/pixel_r2_n_105
    SLICE_X76Y85         LUT2 (Prop_lut2_I0_O)        0.124    10.590 r  drawer_inst/i__carry_i_1__1/O
                         net (fo=1, routed)           0.333    10.923    drawer_inst/i__carry_i_1__1_n_0
    SLICE_X77Y87         CARRY4 (Prop_carry4_CYINIT_CO[3])
                                                      0.580    11.503 r  drawer_inst/pixel_r1_inferred__0/i__carry/CO[3]
                         net (fo=1, routed)           0.000    11.503    drawer_inst/pixel_r1_inferred__0/i__carry_n_0
    SLICE_X77Y88         CARRY4 (Prop_carry4_CI_CO[3])
                                                      0.114    11.617 r  drawer_inst/pixel_r1_inferred__0/i__carry__0/CO[3]
                         net (fo=1, routed)           0.000    11.617    drawer_inst/pixel_r1_inferred__0/i__carry__0_n_0
    SLICE_X77Y89         CARRY4 (Prop_carry4_CI_CO[1])
                                                      0.157    11.774 r  drawer_inst/pixel_r1_inferred__0/i__carry__1/CO[1]
                         net (fo=3, routed)           0.436    12.210    parser_inst/CO[0]
    SLICE_X74Y89         LUT6 (Prop_lut6_I1_O)        0.329    12.539 r  parser_inst/pixel_r_i_2/O
                         net (fo=1, routed)           0.000    12.539    drawer_inst/pixel_r_reg_0
    SLICE_X74Y89         FDRE                                         r  drawer_inst/pixel_r_reg/D
  -------------------------------------------------------------------    -------------------

                         (clock sys_clk_pin rise edge)
                                                      0.000     0.000 r  
    E3                                                0.000     0.000 r  clk_100mhz (IN)
                         net (fo=0)                   0.000     0.000    clk_100mhz
    E3                   IBUF (Prop_ibuf_I_O)         1.411     1.411 r  clk_100mhz_IBUF_inst/O
                         net (fo=1, routed)           1.920     3.331    clk_100mhz_IBUF
    BUFGCTRL_X0Y16       BUFG (Prop_bufg_I_O)         0.091     3.422 r  clk_100mhz_IBUF_BUFG_inst/O
                         net (fo=76, routed)          1.595     5.018    drawer_inst/CLK
    SLICE_X74Y89         FDRE                                         r  drawer_inst/pixel_r_reg/C

Slack:                    inf
  Source:                 reset
                            (input port)
  Destination:            move_controller_inst/y_pos_reg[6]/PRE
                            (recovery check against rising-edge clock sys_clk_pin  {rise@0.000ns fall@5.000ns period=10.000ns})
  Path Group:             (none)
  Path Type:              Recovery (Max at Slow Process Corner)
  Data Path Delay:        7.523ns  (logic 1.477ns (19.627%)  route 6.047ns (80.373%))
  Logic Levels:           1  (IBUF=1)
  Clock Path Skew:        5.031ns (DCD - SCD + CPR)
    Destination Clock Delay (DCD):    5.031ns
    Source Clock Delay      (SCD):    0.000ns
    Clock Pessimism Removal (CPR):    0.000ns
  Clock Uncertainty:      0.025ns  ((TSJ^2 + TIJ^2)^1/2 + DJ) / 2 + PE
    Total System Jitter     (TSJ):    0.050ns
    Total Input Jitter      (TIJ):    0.000ns
    Discrete Jitter          (DJ):    0.000ns
    Phase Error              (PE):    0.000ns

    Location             Delay type                Incr(ns)  Path(ns)    Netlist Resource(s)
  -------------------------------------------------------------------    -------------------
    N17                                               0.000     0.000 f  reset (IN)
                         net (fo=0)                   0.000     0.000    reset
    N17                  IBUF (Prop_ibuf_I_O)         1.477     1.477 f  reset_IBUF_inst/O
                         net (fo=71, routed)          6.047     7.523    move_controller_inst/AR[0]
    SLICE_X85Y89         FDPE                                         f  move_controller_inst/y_pos_reg[6]/PRE
  -------------------------------------------------------------------    -------------------

                         (clock sys_clk_pin rise edge)
                                                      0.000     0.000 r  
    E3                                                0.000     0.000 r  clk_100mhz (IN)
                         net (fo=0)                   0.000     0.000    clk_100mhz
    E3                   IBUF (Prop_ibuf_I_O)         1.411     1.411 r  clk_100mhz_IBUF_inst/O
                         net (fo=1, routed)           1.920     3.331    clk_100mhz_IBUF
    BUFGCTRL_X0Y16       BUFG (Prop_bufg_I_O)         0.091     3.422 r  clk_100mhz_IBUF_BUFG_inst/O
                         net (fo=76, routed)          1.608     5.031    move_controller_inst/CLK
    SLICE_X85Y89         FDPE                                         r  move_controller_inst/y_pos_reg[6]/C

Slack:                    inf
  Source:                 reset
                            (input port)
  Destination:            move_controller_inst/y_pos_reg[7]/PRE
                            (recovery check against rising-edge clock sys_clk_pin  {rise@0.000ns fall@5.000ns period=10.000ns})
  Path Group:             (none)
  Path Type:              Recovery (Max at Slow Process Corner)
  Data Path Delay:        7.523ns  (logic 1.477ns (19.627%)  route 6.047ns (80.373%))
  Logic Levels:           1  (IBUF=1)
  Clock Path Skew:        5.031ns (DCD - SCD + CPR)
    Destination Clock Delay (DCD):    5.031ns
    Source Clock Delay      (SCD):    0.000ns
    Clock Pessimism Removal (CPR):    0.000ns
  Clock Uncertainty:      0.025ns  ((TSJ^2 + TIJ^2)^1/2 + DJ) / 2 + PE
    Total System Jitter     (TSJ):    0.050ns
    Total Input Jitter      (TIJ):    0.000ns
    Discrete Jitter          (DJ):    0.000ns
    Phase Error              (PE):    0.000ns

    Location             Delay type                Incr(ns)  Path(ns)    Netlist Resource(s)
  -------------------------------------------------------------------    -------------------
    N17                                               0.000     0.000 f  reset (IN)
                         net (fo=0)                   0.000     0.000    reset
    N17                  IBUF (Prop_ibuf_I_O)         1.477     1.477 f  reset_IBUF_inst/O
                         net (fo=71, routed)          6.047     7.523    move_controller_inst/AR[0]
    SLICE_X85Y89         FDPE                                         f  move_controller_inst/y_pos_reg[7]/PRE
  -------------------------------------------------------------------    -------------------

                         (clock sys_clk_pin rise edge)
                                                      0.000     0.000 r  
    E3                                                0.000     0.000 r  clk_100mhz (IN)
                         net (fo=0)                   0.000     0.000    clk_100mhz
    E3                   IBUF (Prop_ibuf_I_O)         1.411     1.411 r  clk_100mhz_IBUF_inst/O
                         net (fo=1, routed)           1.920     3.331    clk_100mhz_IBUF
    BUFGCTRL_X0Y16       BUFG (Prop_bufg_I_O)         0.091     3.422 r  clk_100mhz_IBUF_BUFG_inst/O
                         net (fo=76, routed)          1.608     5.031    move_controller_inst/CLK
    SLICE_X85Y89         FDPE                                         r  move_controller_inst/y_pos_reg[7]/C

Slack:                    inf
  Source:                 reset
                            (input port)
  Destination:            move_controller_inst/y_pos_reg[8]/CLR
                            (recovery check against rising-edge clock sys_clk_pin  {rise@0.000ns fall@5.000ns period=10.000ns})
  Path Group:             (none)
  Path Type:              Recovery (Max at Slow Process Corner)
  Data Path Delay:        7.523ns  (logic 1.477ns (19.627%)  route 6.047ns (80.373%))
  Logic Levels:           1  (IBUF=1)
  Clock Path Skew:        5.031ns (DCD - SCD + CPR)
    Destination Clock Delay (DCD):    5.031ns
    Source Clock Delay      (SCD):    0.000ns
    Clock Pessimism Removal (CPR):    0.000ns
  Clock Uncertainty:      0.025ns  ((TSJ^2 + TIJ^2)^1/2 + DJ) / 2 + PE
    Total System Jitter     (TSJ):    0.050ns
    Total Input Jitter      (TIJ):    0.000ns
    Discrete Jitter          (DJ):    0.000ns
    Phase Error              (PE):    0.000ns

    Location             Delay type                Incr(ns)  Path(ns)    Netlist Resource(s)
  -------------------------------------------------------------------    -------------------
    N17                                               0.000     0.000 f  reset (IN)
                         net (fo=0)                   0.000     0.000    reset
    N17                  IBUF (Prop_ibuf_I_O)         1.477     1.477 f  reset_IBUF_inst/O
                         net (fo=71, routed)          6.047     7.523    move_controller_inst/AR[0]
    SLICE_X85Y89         FDCE                                         f  move_controller_inst/y_pos_reg[8]/CLR
  -------------------------------------------------------------------    -------------------

                         (clock sys_clk_pin rise edge)
                                                      0.000     0.000 r  
    E3                                                0.000     0.000 r  clk_100mhz (IN)
                         net (fo=0)                   0.000     0.000    clk_100mhz
    E3                   IBUF (Prop_ibuf_I_O)         1.411     1.411 r  clk_100mhz_IBUF_inst/O
                         net (fo=1, routed)           1.920     3.331    clk_100mhz_IBUF
    BUFGCTRL_X0Y16       BUFG (Prop_bufg_I_O)         0.091     3.422 r  clk_100mhz_IBUF_BUFG_inst/O
                         net (fo=76, routed)          1.608     5.031    move_controller_inst/CLK
    SLICE_X85Y89         FDCE                                         r  move_controller_inst/y_pos_reg[8]/C

Slack:                    inf
  Source:                 reset
                            (input port)
  Destination:            move_controller_inst/y_pos_reg[2]/CLR
                            (recovery check against rising-edge clock sys_clk_pin  {rise@0.000ns fall@5.000ns period=10.000ns})
  Path Group:             (none)
  Path Type:              Recovery (Max at Slow Process Corner)
  Data Path Delay:        7.385ns  (logic 1.477ns (19.995%)  route 5.908ns (80.005%))
  Logic Levels:           1  (IBUF=1)
  Clock Path Skew:        5.030ns (DCD - SCD + CPR)
    Destination Clock Delay (DCD):    5.030ns
    Source Clock Delay      (SCD):    0.000ns
    Clock Pessimism Removal (CPR):    0.000ns
  Clock Uncertainty:      0.025ns  ((TSJ^2 + TIJ^2)^1/2 + DJ) / 2 + PE
    Total System Jitter     (TSJ):    0.050ns
    Total Input Jitter      (TIJ):    0.000ns
    Discrete Jitter          (DJ):    0.000ns
    Phase Error              (PE):    0.000ns

    Location             Delay type                Incr(ns)  Path(ns)    Netlist Resource(s)
  -------------------------------------------------------------------    -------------------
    N17                                               0.000     0.000 f  reset (IN)
                         net (fo=0)                   0.000     0.000    reset
    N17                  IBUF (Prop_ibuf_I_O)         1.477     1.477 f  reset_IBUF_inst/O
                         net (fo=71, routed)          5.908     7.385    move_controller_inst/AR[0]
    SLICE_X85Y88         FDCE                                         f  move_controller_inst/y_pos_reg[2]/CLR
  -------------------------------------------------------------------    -------------------

                         (clock sys_clk_pin rise edge)
                                                      0.000     0.000 r  
    E3                                                0.000     0.000 r  clk_100mhz (IN)
                         net (fo=0)                   0.000     0.000    clk_100mhz
    E3                   IBUF (Prop_ibuf_I_O)         1.411     1.411 r  clk_100mhz_IBUF_inst/O
                         net (fo=1, routed)           1.920     3.331    clk_100mhz_IBUF
    BUFGCTRL_X0Y16       BUFG (Prop_bufg_I_O)         0.091     3.422 r  clk_100mhz_IBUF_BUFG_inst/O
                         net (fo=76, routed)          1.607     5.030    move_controller_inst/CLK
    SLICE_X85Y88         FDCE                                         r  move_controller_inst/y_pos_reg[2]/C

Slack:                    inf
  Source:                 reset
                            (input port)
  Destination:            move_controller_inst/y_pos_reg[3]/CLR
                            (recovery check against rising-edge clock sys_clk_pin  {rise@0.000ns fall@5.000ns period=10.000ns})
  Path Group:             (none)
  Path Type:              Recovery (Max at Slow Process Corner)
  Data Path Delay:        7.385ns  (logic 1.477ns (19.995%)  route 5.908ns (80.005%))
  Logic Levels:           1  (IBUF=1)
  Clock Path Skew:        5.030ns (DCD - SCD + CPR)
    Destination Clock Delay (DCD):    5.030ns
    Source Clock Delay      (SCD):    0.000ns
    Clock Pessimism Removal (CPR):    0.000ns
  Clock Uncertainty:      0.025ns  ((TSJ^2 + TIJ^2)^1/2 + DJ) / 2 + PE
    Total System Jitter     (TSJ):    0.050ns
    Total Input Jitter      (TIJ):    0.000ns
    Discrete Jitter          (DJ):    0.000ns
    Phase Error              (PE):    0.000ns

    Location             Delay type                Incr(ns)  Path(ns)    Netlist Resource(s)
  -------------------------------------------------------------------    -------------------
    N17                                               0.000     0.000 f  reset (IN)
                         net (fo=0)                   0.000     0.000    reset
    N17                  IBUF (Prop_ibuf_I_O)         1.477     1.477 f  reset_IBUF_inst/O
                         net (fo=71, routed)          5.908     7.385    move_controller_inst/AR[0]
    SLICE_X85Y88         FDCE                                         f  move_controller_inst/y_pos_reg[3]/CLR
  -------------------------------------------------------------------    -------------------

                         (clock sys_clk_pin rise edge)
                                                      0.000     0.000 r  
    E3                                                0.000     0.000 r  clk_100mhz (IN)
                         net (fo=0)                   0.000     0.000    clk_100mhz
    E3                   IBUF (Prop_ibuf_I_O)         1.411     1.411 r  clk_100mhz_IBUF_inst/O
                         net (fo=1, routed)           1.920     3.331    clk_100mhz_IBUF
    BUFGCTRL_X0Y16       BUFG (Prop_bufg_I_O)         0.091     3.422 r  clk_100mhz_IBUF_BUFG_inst/O
                         net (fo=76, routed)          1.607     5.030    move_controller_inst/CLK
    SLICE_X85Y88         FDCE                                         r  move_controller_inst/y_pos_reg[3]/C

Slack:                    inf
  Source:                 reset
                            (input port)
  Destination:            move_controller_inst/y_pos_reg[4]/PRE
                            (recovery check against rising-edge clock sys_clk_pin  {rise@0.000ns fall@5.000ns period=10.000ns})
  Path Group:             (none)
  Path Type:              Recovery (Max at Slow Process Corner)
  Data Path Delay:        7.385ns  (logic 1.477ns (19.995%)  route 5.908ns (80.005%))
  Logic Levels:           1  (IBUF=1)
  Clock Path Skew:        5.030ns (DCD - SCD + CPR)
    Destination Clock Delay (DCD):    5.030ns
    Source Clock Delay      (SCD):    0.000ns
    Clock Pessimism Removal (CPR):    0.000ns
  Clock Uncertainty:      0.025ns  ((TSJ^2 + TIJ^2)^1/2 + DJ) / 2 + PE
    Total System Jitter     (TSJ):    0.050ns
    Total Input Jitter      (TIJ):    0.000ns
    Discrete Jitter          (DJ):    0.000ns
    Phase Error              (PE):    0.000ns

    Location             Delay type                Incr(ns)  Path(ns)    Netlist Resource(s)
  -------------------------------------------------------------------    -------------------
    N17                                               0.000     0.000 f  reset (IN)
                         net (fo=0)                   0.000     0.000    reset
    N17                  IBUF (Prop_ibuf_I_O)         1.477     1.477 f  reset_IBUF_inst/O
                         net (fo=71, routed)          5.908     7.385    move_controller_inst/AR[0]
    SLICE_X85Y88         FDPE                                         f  move_controller_inst/y_pos_reg[4]/PRE
  -------------------------------------------------------------------    -------------------

                         (clock sys_clk_pin rise edge)
                                                      0.000     0.000 r  
    E3                                                0.000     0.000 r  clk_100mhz (IN)
                         net (fo=0)                   0.000     0.000    clk_100mhz
    E3                   IBUF (Prop_ibuf_I_O)         1.411     1.411 r  clk_100mhz_IBUF_inst/O
                         net (fo=1, routed)           1.920     3.331    clk_100mhz_IBUF
    BUFGCTRL_X0Y16       BUFG (Prop_bufg_I_O)         0.091     3.422 r  clk_100mhz_IBUF_BUFG_inst/O
                         net (fo=76, routed)          1.607     5.030    move_controller_inst/CLK
    SLICE_X85Y88         FDPE                                         r  move_controller_inst/y_pos_reg[4]/C

Slack:                    inf
  Source:                 reset
                            (input port)
  Destination:            move_controller_inst/y_pos_reg[1]/CLR
                            (recovery check against rising-edge clock sys_clk_pin  {rise@0.000ns fall@5.000ns period=10.000ns})
  Path Group:             (none)
  Path Type:              Recovery (Max at Slow Process Corner)
  Data Path Delay:        7.237ns  (logic 1.477ns (20.404%)  route 5.760ns (79.596%))
  Logic Levels:           1  (IBUF=1)
  Clock Path Skew:        5.029ns (DCD - SCD + CPR)
    Destination Clock Delay (DCD):    5.029ns
    Source Clock Delay      (SCD):    0.000ns
    Clock Pessimism Removal (CPR):    0.000ns
  Clock Uncertainty:      0.025ns  ((TSJ^2 + TIJ^2)^1/2 + DJ) / 2 + PE
    Total System Jitter     (TSJ):    0.050ns
    Total Input Jitter      (TIJ):    0.000ns
    Discrete Jitter          (DJ):    0.000ns
    Phase Error              (PE):    0.000ns

    Location             Delay type                Incr(ns)  Path(ns)    Netlist Resource(s)
  -------------------------------------------------------------------    -------------------
    N17                                               0.000     0.000 f  reset (IN)
                         net (fo=0)                   0.000     0.000    reset
    N17                  IBUF (Prop_ibuf_I_O)         1.477     1.477 f  reset_IBUF_inst/O
                         net (fo=71, routed)          5.760     7.237    move_controller_inst/AR[0]
    SLICE_X85Y87         FDCE                                         f  move_controller_inst/y_pos_reg[1]/CLR
  -------------------------------------------------------------------    -------------------

                         (clock sys_clk_pin rise edge)
                                                      0.000     0.000 r  
    E3                                                0.000     0.000 r  clk_100mhz (IN)
                         net (fo=0)                   0.000     0.000    clk_100mhz
    E3                   IBUF (Prop_ibuf_I_O)         1.411     1.411 r  clk_100mhz_IBUF_inst/O
                         net (fo=1, routed)           1.920     3.331    clk_100mhz_IBUF
    BUFGCTRL_X0Y16       BUFG (Prop_bufg_I_O)         0.091     3.422 r  clk_100mhz_IBUF_BUFG_inst/O
                         net (fo=76, routed)          1.606     5.029    move_controller_inst/CLK
    SLICE_X85Y87         FDCE                                         r  move_controller_inst/y_pos_reg[1]/C





Min Delay Paths
--------------------------------------------------------------------------------------
Slack:                    inf
  Source:                 vga_sync_inst/h_count_reg[9]/C
                            (rising edge-triggered cell FDRE)
  Destination:            drawer_inst/pixel_r_reg/R
                            (rising edge-triggered cell FDRE clocked by sys_clk_pin  {rise@0.000ns fall@5.000ns period=10.000ns})
  Path Group:             (none)
  Path Type:              Hold (Min at Fast Process Corner)
  Data Path Delay:        0.712ns  (logic 0.262ns (36.822%)  route 0.450ns (63.178%))
  Logic Levels:           2  (FDRE=1 LUT5=1)
  Clock Uncertainty:      0.025ns  ((TSJ^2 + TIJ^2)^1/2 + DJ) / 2 + PE
    Total System Jitter     (TSJ):    0.050ns
    Total Input Jitter      (TIJ):    0.000ns
    Discrete Jitter          (DJ):    0.000ns
    Phase Error              (PE):    0.000ns

    Location             Delay type                Incr(ns)  Path(ns)    Netlist Resource(s)
  -------------------------------------------------------------------    -------------------
    SLICE_X74Y87         FDRE                         0.000     0.000 r  vga_sync_inst/h_count_reg[9]/C
    SLICE_X74Y87         FDRE (Prop_fdre_C_Q)         0.217     0.217 r  vga_sync_inst/h_count_reg[9]/Q
                         net (fo=6, routed)           0.227     0.444    vga_sync_inst/Q[9]
    SLICE_X76Y87         LUT5 (Prop_lut5_I2_O)        0.045     0.489 r  vga_sync_inst/pixel_r_i_1/O
                         net (fo=3, routed)           0.222     0.712    drawer_inst/pixel_g_reg_0
    SLICE_X74Y89         FDRE                                         r  drawer_inst/pixel_r_reg/R
  -------------------------------------------------------------------    -------------------

                         (clock sys_clk_pin rise edge)
                                                      0.000     0.000 r  
    E3                                                0.000     0.000 r  clk_100mhz (IN)
                         net (fo=0)                   0.000     0.000    clk_100mhz
    E3                   IBUF (Prop_ibuf_I_O)         0.438     0.438 r  clk_100mhz_IBUF_inst/O
                         net (fo=1, routed)           0.699     1.136    clk_100mhz_IBUF
    BUFGCTRL_X0Y16       BUFG (Prop_bufg_I_O)         0.029     1.165 r  clk_100mhz_IBUF_BUFG_inst/O
                         net (fo=76, routed)          0.868     2.033    drawer_inst/CLK
    SLICE_X74Y89         FDRE                                         r  drawer_inst/pixel_r_reg/C

Slack:                    inf
  Source:                 vga_sync_inst/h_count_reg[9]/C
                            (rising edge-triggered cell FDRE)
  Destination:            drawer_inst/pixel_b_reg/R
                            (rising edge-triggered cell FDRE clocked by sys_clk_pin  {rise@0.000ns fall@5.000ns period=10.000ns})
  Path Group:             (none)
  Path Type:              Hold (Min at Fast Process Corner)
  Data Path Delay:        0.826ns  (logic 0.262ns (31.719%)  route 0.564ns (68.281%))
  Logic Levels:           2  (FDRE=1 LUT5=1)
  Clock Uncertainty:      0.025ns  ((TSJ^2 + TIJ^2)^1/2 + DJ) / 2 + PE
    Total System Jitter     (TSJ):    0.050ns
    Total Input Jitter      (TIJ):    0.000ns
    Discrete Jitter          (DJ):    0.000ns
    Phase Error              (PE):    0.000ns

    Location             Delay type                Incr(ns)  Path(ns)    Netlist Resource(s)
  -------------------------------------------------------------------    -------------------
    SLICE_X74Y87         FDRE                         0.000     0.000 r  vga_sync_inst/h_count_reg[9]/C
    SLICE_X74Y87         FDRE (Prop_fdre_C_Q)         0.217     0.217 r  vga_sync_inst/h_count_reg[9]/Q
                         net (fo=6, routed)           0.227     0.444    vga_sync_inst/Q[9]
    SLICE_X76Y87         LUT5 (Prop_lut5_I2_O)        0.045     0.489 r  vga_sync_inst/pixel_r_i_1/O
                         net (fo=3, routed)           0.337     0.826    drawer_inst/pixel_g_reg_0
    SLICE_X75Y90         FDRE                                         r  drawer_inst/pixel_b_reg/R
  -------------------------------------------------------------------    -------------------

                         (clock sys_clk_pin rise edge)
                                                      0.000     0.000 r  
    E3                                                0.000     0.000 r  clk_100mhz (IN)
                         net (fo=0)                   0.000     0.000    clk_100mhz
    E3                   IBUF (Prop_ibuf_I_O)         0.438     0.438 r  clk_100mhz_IBUF_inst/O
                         net (fo=1, routed)           0.699     1.136    clk_100mhz_IBUF
    BUFGCTRL_X0Y16       BUFG (Prop_bufg_I_O)         0.029     1.165 r  clk_100mhz_IBUF_BUFG_inst/O
                         net (fo=76, routed)          0.869     2.034    drawer_inst/CLK
    SLICE_X75Y90         FDRE                                         r  drawer_inst/pixel_b_reg/C

Slack:                    inf
  Source:                 vga_sync_inst/h_count_reg[9]/C
                            (rising edge-triggered cell FDRE)
  Destination:            drawer_inst/pixel_g_reg/R
                            (rising edge-triggered cell FDRE clocked by sys_clk_pin  {rise@0.000ns fall@5.000ns period=10.000ns})
  Path Group:             (none)
  Path Type:              Hold (Min at Fast Process Corner)
  Data Path Delay:        0.826ns  (logic 0.262ns (31.719%)  route 0.564ns (68.281%))
  Logic Levels:           2  (FDRE=1 LUT5=1)
  Clock Uncertainty:      0.025ns  ((TSJ^2 + TIJ^2)^1/2 + DJ) / 2 + PE
    Total System Jitter     (TSJ):    0.050ns
    Total Input Jitter      (TIJ):    0.000ns
    Discrete Jitter          (DJ):    0.000ns
    Phase Error              (PE):    0.000ns

    Location             Delay type                Incr(ns)  Path(ns)    Netlist Resource(s)
  -------------------------------------------------------------------    -------------------
    SLICE_X74Y87         FDRE                         0.000     0.000 r  vga_sync_inst/h_count_reg[9]/C
    SLICE_X74Y87         FDRE (Prop_fdre_C_Q)         0.217     0.217 r  vga_sync_inst/h_count_reg[9]/Q
                         net (fo=6, routed)           0.227     0.444    vga_sync_inst/Q[9]
    SLICE_X76Y87         LUT5 (Prop_lut5_I2_O)        0.045     0.489 r  vga_sync_inst/pixel_r_i_1/O
                         net (fo=3, routed)           0.337     0.826    drawer_inst/pixel_g_reg_0
    SLICE_X75Y90         FDRE                                         r  drawer_inst/pixel_g_reg/R
  -------------------------------------------------------------------    -------------------

                         (clock sys_clk_pin rise edge)
                                                      0.000     0.000 r  
    E3                                                0.000     0.000 r  clk_100mhz (IN)
                         net (fo=0)                   0.000     0.000    clk_100mhz
    E3                   IBUF (Prop_ibuf_I_O)         0.438     0.438 r  clk_100mhz_IBUF_inst/O
                         net (fo=1, routed)           0.699     1.136    clk_100mhz_IBUF
    BUFGCTRL_X0Y16       BUFG (Prop_bufg_I_O)         0.029     1.165 r  clk_100mhz_IBUF_BUFG_inst/O
                         net (fo=76, routed)          0.869     2.034    drawer_inst/CLK
    SLICE_X75Y90         FDRE                                         r  drawer_inst/pixel_g_reg/C

Slack:                    inf
  Source:                 uart_rx
                            (input port)
  Destination:            inst_uart_rx/clk_count_reg[28]/D
                            (rising edge-triggered cell FDRE clocked by sys_clk_pin  {rise@0.000ns fall@5.000ns period=10.000ns})
  Path Group:             (none)
  Path Type:              Hold (Min at Fast Process Corner)
  Data Path Delay:        1.303ns  (logic 0.302ns (23.213%)  route 1.001ns (76.787%))
  Logic Levels:           2  (IBUF=1 LUT6=1)
  Clock Path Skew:        2.038ns (DCD - SCD - CPR)
    Destination Clock Delay (DCD):    2.038ns
    Source Clock Delay      (SCD):    0.000ns
    Clock Pessimism Removal (CPR):    -0.000ns

    Location             Delay type                Incr(ns)  Path(ns)    Netlist Resource(s)
  -------------------------------------------------------------------    -------------------
    C4                                                0.000     0.000 r  uart_rx (IN)
                         net (fo=0)                   0.000     0.000    uart_rx
    C4                   IBUF (Prop_ibuf_I_O)         0.257     0.257 r  uart_rx_IBUF_inst/O
                         net (fo=49, routed)          1.001     1.258    inst_uart_rx/uart_rx_IBUF
    SLICE_X78Y98         LUT6 (Prop_lut6_I5_O)        0.045     1.303 r  inst_uart_rx/clk_count[28]_i_1/O
                         net (fo=1, routed)           0.000     1.303    inst_uart_rx/clk_count[28]
    SLICE_X78Y98         FDRE                                         r  inst_uart_rx/clk_count_reg[28]/D
  -------------------------------------------------------------------    -------------------

                         (clock sys_clk_pin rise edge)
                                                      0.000     0.000 r  
    E3                                                0.000     0.000 r  clk_100mhz (IN)
                         net (fo=0)                   0.000     0.000    clk_100mhz
    E3                   IBUF (Prop_ibuf_I_O)         0.438     0.438 r  clk_100mhz_IBUF_inst/O
                         net (fo=1, routed)           0.699     1.136    clk_100mhz_IBUF
    BUFGCTRL_X0Y16       BUFG (Prop_bufg_I_O)         0.029     1.165 r  clk_100mhz_IBUF_BUFG_inst/O
                         net (fo=76, routed)          0.873     2.038    inst_uart_rx/CLK
    SLICE_X78Y98         FDRE                                         r  inst_uart_rx/clk_count_reg[28]/C

Slack:                    inf
  Source:                 uart_rx
                            (input port)
  Destination:            inst_uart_rx/clk_count_reg[29]/D
                            (rising edge-triggered cell FDRE clocked by sys_clk_pin  {rise@0.000ns fall@5.000ns period=10.000ns})
  Path Group:             (none)
  Path Type:              Hold (Min at Fast Process Corner)
  Data Path Delay:        1.310ns  (logic 0.302ns (23.089%)  route 1.008ns (76.911%))
  Logic Levels:           2  (IBUF=1 LUT6=1)
  Clock Path Skew:        2.038ns (DCD - SCD - CPR)
    Destination Clock Delay (DCD):    2.038ns
    Source Clock Delay      (SCD):    0.000ns
    Clock Pessimism Removal (CPR):    -0.000ns

    Location             Delay type                Incr(ns)  Path(ns)    Netlist Resource(s)
  -------------------------------------------------------------------    -------------------
    C4                                                0.000     0.000 r  uart_rx (IN)
                         net (fo=0)                   0.000     0.000    uart_rx
    C4                   IBUF (Prop_ibuf_I_O)         0.257     0.257 r  uart_rx_IBUF_inst/O
                         net (fo=49, routed)          1.008     1.265    inst_uart_rx/uart_rx_IBUF
    SLICE_X78Y99         LUT6 (Prop_lut6_I5_O)        0.045     1.310 r  inst_uart_rx/clk_count[29]_i_1/O
                         net (fo=1, routed)           0.000     1.310    inst_uart_rx/clk_count[29]
    SLICE_X78Y99         FDRE                                         r  inst_uart_rx/clk_count_reg[29]/D
  -------------------------------------------------------------------    -------------------

                         (clock sys_clk_pin rise edge)
                                                      0.000     0.000 r  
    E3                                                0.000     0.000 r  clk_100mhz (IN)
                         net (fo=0)                   0.000     0.000    clk_100mhz
    E3                   IBUF (Prop_ibuf_I_O)         0.438     0.438 r  clk_100mhz_IBUF_inst/O
                         net (fo=1, routed)           0.699     1.136    clk_100mhz_IBUF
    BUFGCTRL_X0Y16       BUFG (Prop_bufg_I_O)         0.029     1.165 r  clk_100mhz_IBUF_BUFG_inst/O
                         net (fo=76, routed)          0.873     2.038    inst_uart_rx/CLK
    SLICE_X78Y99         FDRE                                         r  inst_uart_rx/clk_count_reg[29]/C

Slack:                    inf
  Source:                 uart_rx
                            (input port)
  Destination:            inst_uart_rx/clk_count_reg[27]/D
                            (rising edge-triggered cell FDRE clocked by sys_clk_pin  {rise@0.000ns fall@5.000ns period=10.000ns})
  Path Group:             (none)
  Path Type:              Hold (Min at Fast Process Corner)
  Data Path Delay:        1.312ns  (logic 0.302ns (23.054%)  route 1.010ns (76.946%))
  Logic Levels:           2  (IBUF=1 LUT6=1)
  Clock Path Skew:        2.038ns (DCD - SCD - CPR)
    Destination Clock Delay (DCD):    2.038ns
    Source Clock Delay      (SCD):    0.000ns
    Clock Pessimism Removal (CPR):    -0.000ns

    Location             Delay type                Incr(ns)  Path(ns)    Netlist Resource(s)
  -------------------------------------------------------------------    -------------------
    C4                                                0.000     0.000 r  uart_rx (IN)
                         net (fo=0)                   0.000     0.000    uart_rx
    C4                   IBUF (Prop_ibuf_I_O)         0.257     0.257 r  uart_rx_IBUF_inst/O
                         net (fo=49, routed)          1.010     1.267    inst_uart_rx/uart_rx_IBUF
    SLICE_X78Y98         LUT6 (Prop_lut6_I5_O)        0.045     1.312 r  inst_uart_rx/clk_count[27]_i_1/O
                         net (fo=1, routed)           0.000     1.312    inst_uart_rx/clk_count[27]
    SLICE_X78Y98         FDRE                                         r  inst_uart_rx/clk_count_reg[27]/D
  -------------------------------------------------------------------    -------------------

                         (clock sys_clk_pin rise edge)
                                                      0.000     0.000 r  
    E3                                                0.000     0.000 r  clk_100mhz (IN)
                         net (fo=0)                   0.000     0.000    clk_100mhz
    E3                   IBUF (Prop_ibuf_I_O)         0.438     0.438 r  clk_100mhz_IBUF_inst/O
                         net (fo=1, routed)           0.699     1.136    clk_100mhz_IBUF
    BUFGCTRL_X0Y16       BUFG (Prop_bufg_I_O)         0.029     1.165 r  clk_100mhz_IBUF_BUFG_inst/O
                         net (fo=76, routed)          0.873     2.038    inst_uart_rx/CLK
    SLICE_X78Y98         FDRE                                         r  inst_uart_rx/clk_count_reg[27]/C

Slack:                    inf
  Source:                 uart_rx
                            (input port)
  Destination:            inst_uart_rx/clk_count_reg[24]/D
                            (rising edge-triggered cell FDRE clocked by sys_clk_pin  {rise@0.000ns fall@5.000ns period=10.000ns})
  Path Group:             (none)
  Path Type:              Hold (Min at Fast Process Corner)
  Data Path Delay:        1.338ns  (logic 0.302ns (22.609%)  route 1.035ns (77.391%))
  Logic Levels:           2  (IBUF=1 LUT6=1)
  Clock Path Skew:        2.038ns (DCD - SCD - CPR)
    Destination Clock Delay (DCD):    2.038ns
    Source Clock Delay      (SCD):    0.000ns
    Clock Pessimism Removal (CPR):    -0.000ns

    Location             Delay type                Incr(ns)  Path(ns)    Netlist Resource(s)
  -------------------------------------------------------------------    -------------------
    C4                                                0.000     0.000 r  uart_rx (IN)
                         net (fo=0)                   0.000     0.000    uart_rx
    C4                   IBUF (Prop_ibuf_I_O)         0.257     0.257 r  uart_rx_IBUF_inst/O
                         net (fo=49, routed)          1.035     1.293    inst_uart_rx/uart_rx_IBUF
    SLICE_X78Y97         LUT6 (Prop_lut6_I5_O)        0.045     1.338 r  inst_uart_rx/clk_count[24]_i_1/O
                         net (fo=1, routed)           0.000     1.338    inst_uart_rx/clk_count[24]
    SLICE_X78Y97         FDRE                                         r  inst_uart_rx/clk_count_reg[24]/D
  -------------------------------------------------------------------    -------------------

                         (clock sys_clk_pin rise edge)
                                                      0.000     0.000 r  
    E3                                                0.000     0.000 r  clk_100mhz (IN)
                         net (fo=0)                   0.000     0.000    clk_100mhz
    E3                   IBUF (Prop_ibuf_I_O)         0.438     0.438 r  clk_100mhz_IBUF_inst/O
                         net (fo=1, routed)           0.699     1.136    clk_100mhz_IBUF
    BUFGCTRL_X0Y16       BUFG (Prop_bufg_I_O)         0.029     1.165 r  clk_100mhz_IBUF_BUFG_inst/O
                         net (fo=76, routed)          0.873     2.038    inst_uart_rx/CLK
    SLICE_X78Y97         FDRE                                         r  inst_uart_rx/clk_count_reg[24]/C

Slack:                    inf
  Source:                 uart_rx
                            (input port)
  Destination:            inst_uart_rx/clk_count_reg[23]/D
                            (rising edge-triggered cell FDRE clocked by sys_clk_pin  {rise@0.000ns fall@5.000ns period=10.000ns})
  Path Group:             (none)
  Path Type:              Hold (Min at Fast Process Corner)
  Data Path Delay:        1.347ns  (logic 0.302ns (22.458%)  route 1.044ns (77.542%))
  Logic Levels:           2  (IBUF=1 LUT6=1)
  Clock Path Skew:        2.038ns (DCD - SCD - CPR)
    Destination Clock Delay (DCD):    2.038ns
    Source Clock Delay      (SCD):    0.000ns
    Clock Pessimism Removal (CPR):    -0.000ns

    Location             Delay type                Incr(ns)  Path(ns)    Netlist Resource(s)
  -------------------------------------------------------------------    -------------------
    C4                                                0.000     0.000 r  uart_rx (IN)
                         net (fo=0)                   0.000     0.000    uart_rx
    C4                   IBUF (Prop_ibuf_I_O)         0.257     0.257 r  uart_rx_IBUF_inst/O
                         net (fo=49, routed)          1.044     1.302    inst_uart_rx/uart_rx_IBUF
    SLICE_X78Y97         LUT6 (Prop_lut6_I5_O)        0.045     1.347 r  inst_uart_rx/clk_count[23]_i_1/O
                         net (fo=1, routed)           0.000     1.347    inst_uart_rx/clk_count[23]
    SLICE_X78Y97         FDRE                                         r  inst_uart_rx/clk_count_reg[23]/D
  -------------------------------------------------------------------    -------------------

                         (clock sys_clk_pin rise edge)
                                                      0.000     0.000 r  
    E3                                                0.000     0.000 r  clk_100mhz (IN)
                         net (fo=0)                   0.000     0.000    clk_100mhz
    E3                   IBUF (Prop_ibuf_I_O)         0.438     0.438 r  clk_100mhz_IBUF_inst/O
                         net (fo=1, routed)           0.699     1.136    clk_100mhz_IBUF
    BUFGCTRL_X0Y16       BUFG (Prop_bufg_I_O)         0.029     1.165 r  clk_100mhz_IBUF_BUFG_inst/O
                         net (fo=76, routed)          0.873     2.038    inst_uart_rx/CLK
    SLICE_X78Y97         FDRE                                         r  inst_uart_rx/clk_count_reg[23]/C

Slack:                    inf
  Source:                 uart_rx
                            (input port)
  Destination:            inst_uart_rx/clk_count_reg[22]/D
                            (rising edge-triggered cell FDRE clocked by sys_clk_pin  {rise@0.000ns fall@5.000ns period=10.000ns})
  Path Group:             (none)
  Path Type:              Hold (Min at Fast Process Corner)
  Data Path Delay:        1.350ns  (logic 0.302ns (22.406%)  route 1.047ns (77.594%))
  Logic Levels:           2  (IBUF=1 LUT6=1)
  Clock Path Skew:        2.038ns (DCD - SCD - CPR)
    Destination Clock Delay (DCD):    2.038ns
    Source Clock Delay      (SCD):    0.000ns
    Clock Pessimism Removal (CPR):    -0.000ns

    Location             Delay type                Incr(ns)  Path(ns)    Netlist Resource(s)
  -------------------------------------------------------------------    -------------------
    C4                                                0.000     0.000 r  uart_rx (IN)
                         net (fo=0)                   0.000     0.000    uart_rx
    C4                   IBUF (Prop_ibuf_I_O)         0.257     0.257 r  uart_rx_IBUF_inst/O
                         net (fo=49, routed)          1.047     1.305    inst_uart_rx/uart_rx_IBUF
    SLICE_X78Y97         LUT6 (Prop_lut6_I5_O)        0.045     1.350 r  inst_uart_rx/clk_count[22]_i_1/O
                         net (fo=1, routed)           0.000     1.350    inst_uart_rx/clk_count[22]
    SLICE_X78Y97         FDRE                                         r  inst_uart_rx/clk_count_reg[22]/D
  -------------------------------------------------------------------    -------------------

                         (clock sys_clk_pin rise edge)
                                                      0.000     0.000 r  
    E3                                                0.000     0.000 r  clk_100mhz (IN)
                         net (fo=0)                   0.000     0.000    clk_100mhz
    E3                   IBUF (Prop_ibuf_I_O)         0.438     0.438 r  clk_100mhz_IBUF_inst/O
                         net (fo=1, routed)           0.699     1.136    clk_100mhz_IBUF
    BUFGCTRL_X0Y16       BUFG (Prop_bufg_I_O)         0.029     1.165 r  clk_100mhz_IBUF_BUFG_inst/O
                         net (fo=76, routed)          0.873     2.038    inst_uart_rx/CLK
    SLICE_X78Y97         FDRE                                         r  inst_uart_rx/clk_count_reg[22]/C

Slack:                    inf
  Source:                 vga_sync_inst/v_count_reg[6]/C
                            (rising edge-triggered cell FDRE)
  Destination:            drawer_inst/pixel_r_reg/D
                            (rising edge-triggered cell FDRE clocked by sys_clk_pin  {rise@0.000ns fall@5.000ns period=10.000ns})
  Path Group:             (none)
  Path Type:              Hold (Min at Fast Process Corner)
  Data Path Delay:        1.359ns  (logic 0.479ns (35.239%)  route 0.880ns (64.761%))
  Logic Levels:           4  (CARRY4=1 FDRE=1 LUT6=2)
  Clock Uncertainty:      0.025ns  ((TSJ^2 + TIJ^2)^1/2 + DJ) / 2 + PE
    Total System Jitter     (TSJ):    0.050ns
    Total Input Jitter      (TIJ):    0.000ns
    Discrete Jitter          (DJ):    0.000ns
    Phase Error              (PE):    0.000ns

    Location             Delay type                Incr(ns)  Path(ns)    Netlist Resource(s)
  -------------------------------------------------------------------    -------------------
    SLICE_X82Y89         FDRE                         0.000     0.000 r  vga_sync_inst/v_count_reg[6]/C
    SLICE_X82Y89         FDRE (Prop_fdre_C_Q)         0.194     0.194 r  vga_sync_inst/v_count_reg[6]/Q
                         net (fo=8, routed)           0.205     0.399    drawer_inst/Q[6]
    SLICE_X84Y88         CARRY4 (Prop_carry4_DI[2]_O[3])
                                                      0.129     0.528 f  drawer_inst/pixel_r6_carry__0/O[3]
                         net (fo=21, routed)          0.488     1.015    drawer_inst/A[7]
    SLICE_X79Y88         LUT6 (Prop_lut6_I2_O)        0.111     1.126 r  drawer_inst/pixel_r_i_4/O
                         net (fo=3, routed)           0.188     1.314    parser_inst/pixel_r_reg_0
    SLICE_X74Y89         LUT6 (Prop_lut6_I5_O)        0.045     1.359 r  parser_inst/pixel_r_i_2/O
                         net (fo=1, routed)           0.000     1.359    drawer_inst/pixel_r_reg_0
    SLICE_X74Y89         FDRE                                         r  drawer_inst/pixel_r_reg/D
  -------------------------------------------------------------------    -------------------

                         (clock sys_clk_pin rise edge)
                                                      0.000     0.000 r  
    E3                                                0.000     0.000 r  clk_100mhz (IN)
                         net (fo=0)                   0.000     0.000    clk_100mhz
    E3                   IBUF (Prop_ibuf_I_O)         0.438     0.438 r  clk_100mhz_IBUF_inst/O
                         net (fo=1, routed)           0.699     1.136    clk_100mhz_IBUF
    BUFGCTRL_X0Y16       BUFG (Prop_bufg_I_O)         0.029     1.165 r  clk_100mhz_IBUF_BUFG_inst/O
                         net (fo=76, routed)          0.868     2.033    drawer_inst/CLK
    SLICE_X74Y89         FDRE                                         r  drawer_inst/pixel_r_reg/C





