Copyright 1986-2022 Xilinx, Inc. All Rights Reserved.
------------------------------------------------------------------------------------------------------------------------------------------------------------------------------------------------------------------------
| Tool Version : Vivado v.2022.2 (win64) Build 3671981 Fri Oct 14 05:00:03 MDT 2022
| Date         : Mon May 12 19:15:20 2025
| Host         : DESKTOP-11IAEMT running 64-bit major release  (build 9200)
| Command      : report_timing_summary -max_paths 10 -report_unconstrained -file top_level_timing_summary_routed.rpt -pb top_level_timing_summary_routed.pb -rpx top_level_timing_summary_routed.rpx -warn_on_violation
| Design       : top_level
| Device       : 7a100t-csg324
| Speed File   : -1  PRODUCTION 1.23 2018-06-13
------------------------------------------------------------------------------------------------------------------------------------------------------------------------------------------------------------------------

Timing Summary Report

------------------------------------------------------------------------------------------------
| Timer Settings
| --------------
------------------------------------------------------------------------------------------------

  Enable Multi Corner Analysis               :  Yes
  Enable Pessimism Removal                   :  Yes
  Pessimism Removal Resolution               :  Nearest Common Node
  Enable Input Delay Default Clock           :  No
  Enable Preset / Clear Arcs                 :  No
  Disable Flight Delays                      :  No
  Ignore I/O Paths                           :  No
  Timing Early Launch at Borrowing Latches   :  No
  Borrow Time for Max Delay Exceptions       :  Yes
  Merge Timing Exceptions                    :  Yes

  Corner  Analyze    Analyze    
  Name    Max Paths  Min Paths  
  ------  ---------  ---------  
  Slow    Yes        Yes        
  Fast    Yes        Yes        


------------------------------------------------------------------------------------------------
| Report Methodology
| ------------------
------------------------------------------------------------------------------------------------

Rule       Severity  Description                    Violations  
---------  --------  -----------------------------  ----------  
TIMING-18  Warning   Missing input or output delay  19          

Note: This report is based on the most recent report_methodology run and may not be up-to-date. Run report_methodology on the current design for the latest report.



check_timing report

Table of Contents
-----------------
1. checking no_clock (0)
2. checking constant_clock (0)
3. checking pulse_width_clock (0)
4. checking unconstrained_internal_endpoints (0)
5. checking no_input_delay (3)
6. checking no_output_delay (15)
7. checking multiple_clock (0)
8. checking generated_clocks (0)
9. checking loops (0)
10. checking partial_input_delay (0)
11. checking partial_output_delay (0)
12. checking latch_loops (0)

1. checking no_clock (0)
------------------------
 There are 0 register/latch pins with no clock.


2. checking constant_clock (0)
------------------------------
 There are 0 register/latch pins with constant_clock.


3. checking pulse_width_clock (0)
---------------------------------
 There are 0 register/latch pins which need pulse_width check


4. checking unconstrained_internal_endpoints (0)
------------------------------------------------
 There are 0 pins that are not constrained for maximum delay.

 There are 0 pins that are not constrained for maximum delay due to constant clock.


5. checking no_input_delay (3)
------------------------------
 There are 3 input ports with no input delay specified. (HIGH)

 There are 0 input ports with no input delay but user has a false path constraint.


6. checking no_output_delay (15)
--------------------------------
 There are 15 ports with no output delay specified. (HIGH)

 There are 0 ports with no output delay but user has a false path constraint

 There are 0 ports with no output delay but with a timing clock defined on it or propagating through it


7. checking multiple_clock (0)
------------------------------
 There are 0 register/latch pins with multiple clocks.


8. checking generated_clocks (0)
--------------------------------
 There are 0 generated clocks that are not connected to a clock source.


9. checking loops (0)
---------------------
 There are 0 combinational loops in the design.


10. checking partial_input_delay (0)
------------------------------------
 There are 0 input ports with partial input delay specified.


11. checking partial_output_delay (0)
-------------------------------------
 There are 0 ports with partial output delay specified.


12. checking latch_loops (0)
----------------------------
 There are 0 combinational latch loops in the design through latch input



------------------------------------------------------------------------------------------------
| Design Timing Summary
| ---------------------
------------------------------------------------------------------------------------------------

    WNS(ns)      TNS(ns)  TNS Failing Endpoints  TNS Total Endpoints      WHS(ns)      THS(ns)  THS Failing Endpoints  THS Total Endpoints     WPWS(ns)     TPWS(ns)  TPWS Failing Endpoints  TPWS Total Endpoints  
    -------      -------  ---------------------  -------------------      -------      -------  ---------------------  -------------------     --------     --------  ----------------------  --------------------  
      3.340        0.000                      0                  492        0.079        0.000                      0                  492        4.500        0.000                       0                   273  


All user specified timing constraints are met.


------------------------------------------------------------------------------------------------
| Clock Summary
| -------------
------------------------------------------------------------------------------------------------

Clock        Waveform(ns)       Period(ns)      Frequency(MHz)
-----        ------------       ----------      --------------
sys_clk_pin  {0.000 5.000}      10.000          100.000         


------------------------------------------------------------------------------------------------
| Intra Clock Table
| -----------------
------------------------------------------------------------------------------------------------

Clock             WNS(ns)      TNS(ns)  TNS Failing Endpoints  TNS Total Endpoints      WHS(ns)      THS(ns)  THS Failing Endpoints  THS Total Endpoints     WPWS(ns)     TPWS(ns)  TPWS Failing Endpoints  TPWS Total Endpoints  
-----             -------      -------  ---------------------  -------------------      -------      -------  ---------------------  -------------------     --------     --------  ----------------------  --------------------  
sys_clk_pin         3.340        0.000                      0                  492        0.079        0.000                      0                  492        4.500        0.000                       0                   273  


------------------------------------------------------------------------------------------------
| Inter Clock Table
| -----------------
------------------------------------------------------------------------------------------------

From Clock    To Clock          WNS(ns)      TNS(ns)  TNS Failing Endpoints  TNS Total Endpoints      WHS(ns)      THS(ns)  THS Failing Endpoints  THS Total Endpoints  
----------    --------          -------      -------  ---------------------  -------------------      -------      -------  ---------------------  -------------------  


------------------------------------------------------------------------------------------------
| Other Path Groups Table
| -----------------------
------------------------------------------------------------------------------------------------

Path Group    From Clock    To Clock          WNS(ns)      TNS(ns)  TNS Failing Endpoints  TNS Total Endpoints      WHS(ns)      THS(ns)  THS Failing Endpoints  THS Total Endpoints  
----------    ----------    --------          -------      -------  ---------------------  -------------------      -------      -------  ---------------------  -------------------  


------------------------------------------------------------------------------------------------
| User Ignored Path Table
| -----------------------
------------------------------------------------------------------------------------------------

Path Group    From Clock    To Clock    
----------    ----------    --------    


------------------------------------------------------------------------------------------------
| Unconstrained Path Table
| ------------------------
------------------------------------------------------------------------------------------------

Path Group    From Clock    To Clock    
----------    ----------    --------    
(none)        sys_clk_pin                 
(none)                      sys_clk_pin   


------------------------------------------------------------------------------------------------
| Timing Details
| --------------
------------------------------------------------------------------------------------------------


---------------------------------------------------------------------------------------------------
From Clock:  sys_clk_pin
  To Clock:  sys_clk_pin

Setup :            0  Failing Endpoints,  Worst Slack        3.340ns,  Total Violation        0.000ns
Hold  :            0  Failing Endpoints,  Worst Slack        0.079ns,  Total Violation        0.000ns
PW    :            0  Failing Endpoints,  Worst Slack        4.500ns,  Total Violation        0.000ns
---------------------------------------------------------------------------------------------------


Max Delay Paths
--------------------------------------------------------------------------------------
Slack (MET) :             3.340ns  (required time - arrival time)
  Source:                 sorter_inst/j_reg[1]/C
                            (rising edge-triggered cell FDRE clocked by sys_clk_pin  {rise@0.000ns fall@5.000ns period=10.000ns})
  Destination:            sorter_inst/data_reg[8][2]/CE
                            (rising edge-triggered cell FDRE clocked by sys_clk_pin  {rise@0.000ns fall@5.000ns period=10.000ns})
  Path Group:             sys_clk_pin
  Path Type:              Setup (Max at Slow Process Corner)
  Requirement:            10.000ns  (sys_clk_pin rise@10.000ns - sys_clk_pin rise@0.000ns)
  Data Path Delay:        6.492ns  (logic 1.885ns (29.035%)  route 4.607ns (70.965%))
  Logic Levels:           5  (CARRY4=1 LUT4=1 LUT5=1 LUT6=1 MUXF7=1)
  Clock Path Skew:        0.037ns (DCD - SCD + CPR)
    Destination Clock Delay (DCD):    5.027ns = ( 15.027 - 10.000 ) 
    Source Clock Delay      (SCD):    5.249ns
    Clock Pessimism Removal (CPR):    0.259ns
  Clock Uncertainty:      0.035ns  ((TSJ^2 + TIJ^2)^1/2 + DJ) / 2 + PE
    Total System Jitter     (TSJ):    0.071ns
    Total Input Jitter      (TIJ):    0.000ns
    Discrete Jitter          (DJ):    0.000ns
    Phase Error              (PE):    0.000ns

    Location             Delay type                Incr(ns)  Path(ns)    Netlist Resource(s)
  -------------------------------------------------------------------    -------------------
                         (clock sys_clk_pin rise edge)
                                                      0.000     0.000 r  
    E3                                                0.000     0.000 r  clk (IN)
                         net (fo=0)                   0.000     0.000    clk
    E3                   IBUF (Prop_ibuf_I_O)         1.482     1.482 r  clk_IBUF_inst/O
                         net (fo=1, routed)           2.025     3.506    clk_IBUF
    BUFGCTRL_X0Y16       BUFG (Prop_bufg_I_O)         0.096     3.602 r  clk_IBUF_BUFG_inst/O
                         net (fo=272, routed)         1.646     5.249    sorter_inst/CLK
    SLICE_X9Y94          FDRE                                         r  sorter_inst/j_reg[1]/C
  -------------------------------------------------------------------    -------------------
    SLICE_X9Y94          FDRE (Prop_fdre_C_Q)         0.419     5.668 r  sorter_inst/j_reg[1]/Q
                         net (fo=54, routed)          1.420     7.088    sorter_inst/j_reg[1]
    SLICE_X2Y90          LUT6 (Prop_lut6_I2_O)        0.299     7.387 r  sorter_inst/data[0][0]_i_7/O
                         net (fo=1, routed)           0.000     7.387    sorter_inst/data[0][0]_i_7_n_0
    SLICE_X2Y90          MUXF7 (Prop_muxf7_I1_O)      0.214     7.601 r  sorter_inst/data_reg[0][0]_i_3/O
                         net (fo=11, routed)          1.187     8.787    sorter_inst/data_reg[0][0]_i_3_n_0
    SLICE_X5Y92          LUT4 (Prop_lut4_I1_O)        0.297     9.084 r  sorter_inst/i__carry_i_8/O
                         net (fo=1, routed)           0.000     9.084    sorter_inst/i__carry_i_8_n_0
    SLICE_X5Y92          CARRY4 (Prop_carry4_S[0]_CO[3])
                                                      0.532     9.616 r  sorter_inst/data[0]1_inferred__2/i__carry/CO[3]
                         net (fo=9, routed)           1.111    10.727    sorter_inst/data[0]1_inferred__2/i__carry_n_0
    SLICE_X8Y89          LUT5 (Prop_lut5_I3_O)        0.124    10.851 r  sorter_inst/data[8][7]_i_1/O
                         net (fo=8, routed)           0.890    11.741    sorter_inst/data[8][7]_i_1_n_0
    SLICE_X2Y92          FDRE                                         r  sorter_inst/data_reg[8][2]/CE
  -------------------------------------------------------------------    -------------------

                         (clock sys_clk_pin rise edge)
                                                     10.000    10.000 r  
    E3                                                0.000    10.000 r  clk (IN)
                         net (fo=0)                   0.000    10.000    clk
    E3                   IBUF (Prop_ibuf_I_O)         1.411    11.411 r  clk_IBUF_inst/O
                         net (fo=1, routed)           1.920    13.331    clk_IBUF
    BUFGCTRL_X0Y16       BUFG (Prop_bufg_I_O)         0.091    13.422 r  clk_IBUF_BUFG_inst/O
                         net (fo=272, routed)         1.604    15.027    sorter_inst/CLK
    SLICE_X2Y92          FDRE                                         r  sorter_inst/data_reg[8][2]/C
                         clock pessimism              0.259    15.286    
                         clock uncertainty           -0.035    15.250    
    SLICE_X2Y92          FDRE (Setup_fdre_C_CE)      -0.169    15.081    sorter_inst/data_reg[8][2]
  -------------------------------------------------------------------
                         required time                         15.081    
                         arrival time                         -11.741    
  -------------------------------------------------------------------
                         slack                                  3.340    

Slack (MET) :             3.378ns  (required time - arrival time)
  Source:                 sorter_inst/j_reg[1]/C
                            (rising edge-triggered cell FDRE clocked by sys_clk_pin  {rise@0.000ns fall@5.000ns period=10.000ns})
  Destination:            sorter_inst/data_reg[1][0]/CE
                            (rising edge-triggered cell FDRE clocked by sys_clk_pin  {rise@0.000ns fall@5.000ns period=10.000ns})
  Path Group:             sys_clk_pin
  Path Type:              Setup (Max at Slow Process Corner)
  Requirement:            10.000ns  (sys_clk_pin rise@10.000ns - sys_clk_pin rise@0.000ns)
  Data Path Delay:        6.455ns  (logic 1.885ns (29.204%)  route 4.570ns (70.796%))
  Logic Levels:           5  (CARRY4=1 LUT4=1 LUT6=2 MUXF7=1)
  Clock Path Skew:        0.037ns (DCD - SCD + CPR)
    Destination Clock Delay (DCD):    5.027ns = ( 15.027 - 10.000 ) 
    Source Clock Delay      (SCD):    5.249ns
    Clock Pessimism Removal (CPR):    0.259ns
  Clock Uncertainty:      0.035ns  ((TSJ^2 + TIJ^2)^1/2 + DJ) / 2 + PE
    Total System Jitter     (TSJ):    0.071ns
    Total Input Jitter      (TIJ):    0.000ns
    Discrete Jitter          (DJ):    0.000ns
    Phase Error              (PE):    0.000ns

    Location             Delay type                Incr(ns)  Path(ns)    Netlist Resource(s)
  -------------------------------------------------------------------    -------------------
                         (clock sys_clk_pin rise edge)
                                                      0.000     0.000 r  
    E3                                                0.000     0.000 r  clk (IN)
                         net (fo=0)                   0.000     0.000    clk
    E3                   IBUF (Prop_ibuf_I_O)         1.482     1.482 r  clk_IBUF_inst/O
                         net (fo=1, routed)           2.025     3.506    clk_IBUF
    BUFGCTRL_X0Y16       BUFG (Prop_bufg_I_O)         0.096     3.602 r  clk_IBUF_BUFG_inst/O
                         net (fo=272, routed)         1.646     5.249    sorter_inst/CLK
    SLICE_X9Y94          FDRE                                         r  sorter_inst/j_reg[1]/C
  -------------------------------------------------------------------    -------------------
    SLICE_X9Y94          FDRE (Prop_fdre_C_Q)         0.419     5.668 r  sorter_inst/j_reg[1]/Q
                         net (fo=54, routed)          1.420     7.088    sorter_inst/j_reg[1]
    SLICE_X2Y90          LUT6 (Prop_lut6_I2_O)        0.299     7.387 r  sorter_inst/data[0][0]_i_7/O
                         net (fo=1, routed)           0.000     7.387    sorter_inst/data[0][0]_i_7_n_0
    SLICE_X2Y90          MUXF7 (Prop_muxf7_I1_O)      0.214     7.601 r  sorter_inst/data_reg[0][0]_i_3/O
                         net (fo=11, routed)          1.187     8.787    sorter_inst/data_reg[0][0]_i_3_n_0
    SLICE_X5Y92          LUT4 (Prop_lut4_I1_O)        0.297     9.084 r  sorter_inst/i__carry_i_8/O
                         net (fo=1, routed)           0.000     9.084    sorter_inst/i__carry_i_8_n_0
    SLICE_X5Y92          CARRY4 (Prop_carry4_S[0]_CO[3])
                                                      0.532     9.616 r  sorter_inst/data[0]1_inferred__2/i__carry/CO[3]
                         net (fo=9, routed)           1.212    10.829    sorter_inst/data[0]1_inferred__2/i__carry_n_0
    SLICE_X11Y90         LUT6 (Prop_lut6_I2_O)        0.124    10.953 r  sorter_inst/data[1][7]_i_1/O
                         net (fo=8, routed)           0.751    11.703    sorter_inst/data[1][7]_i_1_n_0
    SLICE_X2Y91          FDRE                                         r  sorter_inst/data_reg[1][0]/CE
  -------------------------------------------------------------------    -------------------

                         (clock sys_clk_pin rise edge)
                                                     10.000    10.000 r  
    E3                                                0.000    10.000 r  clk (IN)
                         net (fo=0)                   0.000    10.000    clk
    E3                   IBUF (Prop_ibuf_I_O)         1.411    11.411 r  clk_IBUF_inst/O
                         net (fo=1, routed)           1.920    13.331    clk_IBUF
    BUFGCTRL_X0Y16       BUFG (Prop_bufg_I_O)         0.091    13.422 r  clk_IBUF_BUFG_inst/O
                         net (fo=272, routed)         1.604    15.027    sorter_inst/CLK
    SLICE_X2Y91          FDRE                                         r  sorter_inst/data_reg[1][0]/C
                         clock pessimism              0.259    15.286    
                         clock uncertainty           -0.035    15.250    
    SLICE_X2Y91          FDRE (Setup_fdre_C_CE)      -0.169    15.081    sorter_inst/data_reg[1][0]
  -------------------------------------------------------------------
                         required time                         15.081    
                         arrival time                         -11.703    
  -------------------------------------------------------------------
                         slack                                  3.378    

Slack (MET) :             3.378ns  (required time - arrival time)
  Source:                 sorter_inst/j_reg[1]/C
                            (rising edge-triggered cell FDRE clocked by sys_clk_pin  {rise@0.000ns fall@5.000ns period=10.000ns})
  Destination:            sorter_inst/data_reg[1][1]/CE
                            (rising edge-triggered cell FDRE clocked by sys_clk_pin  {rise@0.000ns fall@5.000ns period=10.000ns})
  Path Group:             sys_clk_pin
  Path Type:              Setup (Max at Slow Process Corner)
  Requirement:            10.000ns  (sys_clk_pin rise@10.000ns - sys_clk_pin rise@0.000ns)
  Data Path Delay:        6.455ns  (logic 1.885ns (29.204%)  route 4.570ns (70.796%))
  Logic Levels:           5  (CARRY4=1 LUT4=1 LUT6=2 MUXF7=1)
  Clock Path Skew:        0.037ns (DCD - SCD + CPR)
    Destination Clock Delay (DCD):    5.027ns = ( 15.027 - 10.000 ) 
    Source Clock Delay      (SCD):    5.249ns
    Clock Pessimism Removal (CPR):    0.259ns
  Clock Uncertainty:      0.035ns  ((TSJ^2 + TIJ^2)^1/2 + DJ) / 2 + PE
    Total System Jitter     (TSJ):    0.071ns
    Total Input Jitter      (TIJ):    0.000ns
    Discrete Jitter          (DJ):    0.000ns
    Phase Error              (PE):    0.000ns

    Location             Delay type                Incr(ns)  Path(ns)    Netlist Resource(s)
  -------------------------------------------------------------------    -------------------
                         (clock sys_clk_pin rise edge)
                                                      0.000     0.000 r  
    E3                                                0.000     0.000 r  clk (IN)
                         net (fo=0)                   0.000     0.000    clk
    E3                   IBUF (Prop_ibuf_I_O)         1.482     1.482 r  clk_IBUF_inst/O
                         net (fo=1, routed)           2.025     3.506    clk_IBUF
    BUFGCTRL_X0Y16       BUFG (Prop_bufg_I_O)         0.096     3.602 r  clk_IBUF_BUFG_inst/O
                         net (fo=272, routed)         1.646     5.249    sorter_inst/CLK
    SLICE_X9Y94          FDRE                                         r  sorter_inst/j_reg[1]/C
  -------------------------------------------------------------------    -------------------
    SLICE_X9Y94          FDRE (Prop_fdre_C_Q)         0.419     5.668 r  sorter_inst/j_reg[1]/Q
                         net (fo=54, routed)          1.420     7.088    sorter_inst/j_reg[1]
    SLICE_X2Y90          LUT6 (Prop_lut6_I2_O)        0.299     7.387 r  sorter_inst/data[0][0]_i_7/O
                         net (fo=1, routed)           0.000     7.387    sorter_inst/data[0][0]_i_7_n_0
    SLICE_X2Y90          MUXF7 (Prop_muxf7_I1_O)      0.214     7.601 r  sorter_inst/data_reg[0][0]_i_3/O
                         net (fo=11, routed)          1.187     8.787    sorter_inst/data_reg[0][0]_i_3_n_0
    SLICE_X5Y92          LUT4 (Prop_lut4_I1_O)        0.297     9.084 r  sorter_inst/i__carry_i_8/O
                         net (fo=1, routed)           0.000     9.084    sorter_inst/i__carry_i_8_n_0
    SLICE_X5Y92          CARRY4 (Prop_carry4_S[0]_CO[3])
                                                      0.532     9.616 r  sorter_inst/data[0]1_inferred__2/i__carry/CO[3]
                         net (fo=9, routed)           1.212    10.829    sorter_inst/data[0]1_inferred__2/i__carry_n_0
    SLICE_X11Y90         LUT6 (Prop_lut6_I2_O)        0.124    10.953 r  sorter_inst/data[1][7]_i_1/O
                         net (fo=8, routed)           0.751    11.703    sorter_inst/data[1][7]_i_1_n_0
    SLICE_X2Y91          FDRE                                         r  sorter_inst/data_reg[1][1]/CE
  -------------------------------------------------------------------    -------------------

                         (clock sys_clk_pin rise edge)
                                                     10.000    10.000 r  
    E3                                                0.000    10.000 r  clk (IN)
                         net (fo=0)                   0.000    10.000    clk
    E3                   IBUF (Prop_ibuf_I_O)         1.411    11.411 r  clk_IBUF_inst/O
                         net (fo=1, routed)           1.920    13.331    clk_IBUF
    BUFGCTRL_X0Y16       BUFG (Prop_bufg_I_O)         0.091    13.422 r  clk_IBUF_BUFG_inst/O
                         net (fo=272, routed)         1.604    15.027    sorter_inst/CLK
    SLICE_X2Y91          FDRE                                         r  sorter_inst/data_reg[1][1]/C
                         clock pessimism              0.259    15.286    
                         clock uncertainty           -0.035    15.250    
    SLICE_X2Y91          FDRE (Setup_fdre_C_CE)      -0.169    15.081    sorter_inst/data_reg[1][1]
  -------------------------------------------------------------------
                         required time                         15.081    
                         arrival time                         -11.703    
  -------------------------------------------------------------------
                         slack                                  3.378    

Slack (MET) :             3.378ns  (required time - arrival time)
  Source:                 sorter_inst/j_reg[1]/C
                            (rising edge-triggered cell FDRE clocked by sys_clk_pin  {rise@0.000ns fall@5.000ns period=10.000ns})
  Destination:            sorter_inst/data_reg[1][2]/CE
                            (rising edge-triggered cell FDRE clocked by sys_clk_pin  {rise@0.000ns fall@5.000ns period=10.000ns})
  Path Group:             sys_clk_pin
  Path Type:              Setup (Max at Slow Process Corner)
  Requirement:            10.000ns  (sys_clk_pin rise@10.000ns - sys_clk_pin rise@0.000ns)
  Data Path Delay:        6.455ns  (logic 1.885ns (29.204%)  route 4.570ns (70.796%))
  Logic Levels:           5  (CARRY4=1 LUT4=1 LUT6=2 MUXF7=1)
  Clock Path Skew:        0.037ns (DCD - SCD + CPR)
    Destination Clock Delay (DCD):    5.027ns = ( 15.027 - 10.000 ) 
    Source Clock Delay      (SCD):    5.249ns
    Clock Pessimism Removal (CPR):    0.259ns
  Clock Uncertainty:      0.035ns  ((TSJ^2 + TIJ^2)^1/2 + DJ) / 2 + PE
    Total System Jitter     (TSJ):    0.071ns
    Total Input Jitter      (TIJ):    0.000ns
    Discrete Jitter          (DJ):    0.000ns
    Phase Error              (PE):    0.000ns

    Location             Delay type                Incr(ns)  Path(ns)    Netlist Resource(s)
  -------------------------------------------------------------------    -------------------
                         (clock sys_clk_pin rise edge)
                                                      0.000     0.000 r  
    E3                                                0.000     0.000 r  clk (IN)
                         net (fo=0)                   0.000     0.000    clk
    E3                   IBUF (Prop_ibuf_I_O)         1.482     1.482 r  clk_IBUF_inst/O
                         net (fo=1, routed)           2.025     3.506    clk_IBUF
    BUFGCTRL_X0Y16       BUFG (Prop_bufg_I_O)         0.096     3.602 r  clk_IBUF_BUFG_inst/O
                         net (fo=272, routed)         1.646     5.249    sorter_inst/CLK
    SLICE_X9Y94          FDRE                                         r  sorter_inst/j_reg[1]/C
  -------------------------------------------------------------------    -------------------
    SLICE_X9Y94          FDRE (Prop_fdre_C_Q)         0.419     5.668 r  sorter_inst/j_reg[1]/Q
                         net (fo=54, routed)          1.420     7.088    sorter_inst/j_reg[1]
    SLICE_X2Y90          LUT6 (Prop_lut6_I2_O)        0.299     7.387 r  sorter_inst/data[0][0]_i_7/O
                         net (fo=1, routed)           0.000     7.387    sorter_inst/data[0][0]_i_7_n_0
    SLICE_X2Y90          MUXF7 (Prop_muxf7_I1_O)      0.214     7.601 r  sorter_inst/data_reg[0][0]_i_3/O
                         net (fo=11, routed)          1.187     8.787    sorter_inst/data_reg[0][0]_i_3_n_0
    SLICE_X5Y92          LUT4 (Prop_lut4_I1_O)        0.297     9.084 r  sorter_inst/i__carry_i_8/O
                         net (fo=1, routed)           0.000     9.084    sorter_inst/i__carry_i_8_n_0
    SLICE_X5Y92          CARRY4 (Prop_carry4_S[0]_CO[3])
                                                      0.532     9.616 r  sorter_inst/data[0]1_inferred__2/i__carry/CO[3]
                         net (fo=9, routed)           1.212    10.829    sorter_inst/data[0]1_inferred__2/i__carry_n_0
    SLICE_X11Y90         LUT6 (Prop_lut6_I2_O)        0.124    10.953 r  sorter_inst/data[1][7]_i_1/O
                         net (fo=8, routed)           0.751    11.703    sorter_inst/data[1][7]_i_1_n_0
    SLICE_X2Y91          FDRE                                         r  sorter_inst/data_reg[1][2]/CE
  -------------------------------------------------------------------    -------------------

                         (clock sys_clk_pin rise edge)
                                                     10.000    10.000 r  
    E3                                                0.000    10.000 r  clk (IN)
                         net (fo=0)                   0.000    10.000    clk
    E3                   IBUF (Prop_ibuf_I_O)         1.411    11.411 r  clk_IBUF_inst/O
                         net (fo=1, routed)           1.920    13.331    clk_IBUF
    BUFGCTRL_X0Y16       BUFG (Prop_bufg_I_O)         0.091    13.422 r  clk_IBUF_BUFG_inst/O
                         net (fo=272, routed)         1.604    15.027    sorter_inst/CLK
    SLICE_X2Y91          FDRE                                         r  sorter_inst/data_reg[1][2]/C
                         clock pessimism              0.259    15.286    
                         clock uncertainty           -0.035    15.250    
    SLICE_X2Y91          FDRE (Setup_fdre_C_CE)      -0.169    15.081    sorter_inst/data_reg[1][2]
  -------------------------------------------------------------------
                         required time                         15.081    
                         arrival time                         -11.703    
  -------------------------------------------------------------------
                         slack                                  3.378    

Slack (MET) :             3.378ns  (required time - arrival time)
  Source:                 sorter_inst/j_reg[1]/C
                            (rising edge-triggered cell FDRE clocked by sys_clk_pin  {rise@0.000ns fall@5.000ns period=10.000ns})
  Destination:            sorter_inst/data_reg[1][3]/CE
                            (rising edge-triggered cell FDRE clocked by sys_clk_pin  {rise@0.000ns fall@5.000ns period=10.000ns})
  Path Group:             sys_clk_pin
  Path Type:              Setup (Max at Slow Process Corner)
  Requirement:            10.000ns  (sys_clk_pin rise@10.000ns - sys_clk_pin rise@0.000ns)
  Data Path Delay:        6.455ns  (logic 1.885ns (29.204%)  route 4.570ns (70.796%))
  Logic Levels:           5  (CARRY4=1 LUT4=1 LUT6=2 MUXF7=1)
  Clock Path Skew:        0.037ns (DCD - SCD + CPR)
    Destination Clock Delay (DCD):    5.027ns = ( 15.027 - 10.000 ) 
    Source Clock Delay      (SCD):    5.249ns
    Clock Pessimism Removal (CPR):    0.259ns
  Clock Uncertainty:      0.035ns  ((TSJ^2 + TIJ^2)^1/2 + DJ) / 2 + PE
    Total System Jitter     (TSJ):    0.071ns
    Total Input Jitter      (TIJ):    0.000ns
    Discrete Jitter          (DJ):    0.000ns
    Phase Error              (PE):    0.000ns

    Location             Delay type                Incr(ns)  Path(ns)    Netlist Resource(s)
  -------------------------------------------------------------------    -------------------
                         (clock sys_clk_pin rise edge)
                                                      0.000     0.000 r  
    E3                                                0.000     0.000 r  clk (IN)
                         net (fo=0)                   0.000     0.000    clk
    E3                   IBUF (Prop_ibuf_I_O)         1.482     1.482 r  clk_IBUF_inst/O
                         net (fo=1, routed)           2.025     3.506    clk_IBUF
    BUFGCTRL_X0Y16       BUFG (Prop_bufg_I_O)         0.096     3.602 r  clk_IBUF_BUFG_inst/O
                         net (fo=272, routed)         1.646     5.249    sorter_inst/CLK
    SLICE_X9Y94          FDRE                                         r  sorter_inst/j_reg[1]/C
  -------------------------------------------------------------------    -------------------
    SLICE_X9Y94          FDRE (Prop_fdre_C_Q)         0.419     5.668 r  sorter_inst/j_reg[1]/Q
                         net (fo=54, routed)          1.420     7.088    sorter_inst/j_reg[1]
    SLICE_X2Y90          LUT6 (Prop_lut6_I2_O)        0.299     7.387 r  sorter_inst/data[0][0]_i_7/O
                         net (fo=1, routed)           0.000     7.387    sorter_inst/data[0][0]_i_7_n_0
    SLICE_X2Y90          MUXF7 (Prop_muxf7_I1_O)      0.214     7.601 r  sorter_inst/data_reg[0][0]_i_3/O
                         net (fo=11, routed)          1.187     8.787    sorter_inst/data_reg[0][0]_i_3_n_0
    SLICE_X5Y92          LUT4 (Prop_lut4_I1_O)        0.297     9.084 r  sorter_inst/i__carry_i_8/O
                         net (fo=1, routed)           0.000     9.084    sorter_inst/i__carry_i_8_n_0
    SLICE_X5Y92          CARRY4 (Prop_carry4_S[0]_CO[3])
                                                      0.532     9.616 r  sorter_inst/data[0]1_inferred__2/i__carry/CO[3]
                         net (fo=9, routed)           1.212    10.829    sorter_inst/data[0]1_inferred__2/i__carry_n_0
    SLICE_X11Y90         LUT6 (Prop_lut6_I2_O)        0.124    10.953 r  sorter_inst/data[1][7]_i_1/O
                         net (fo=8, routed)           0.751    11.703    sorter_inst/data[1][7]_i_1_n_0
    SLICE_X2Y91          FDRE                                         r  sorter_inst/data_reg[1][3]/CE
  -------------------------------------------------------------------    -------------------

                         (clock sys_clk_pin rise edge)
                                                     10.000    10.000 r  
    E3                                                0.000    10.000 r  clk (IN)
                         net (fo=0)                   0.000    10.000    clk
    E3                   IBUF (Prop_ibuf_I_O)         1.411    11.411 r  clk_IBUF_inst/O
                         net (fo=1, routed)           1.920    13.331    clk_IBUF
    BUFGCTRL_X0Y16       BUFG (Prop_bufg_I_O)         0.091    13.422 r  clk_IBUF_BUFG_inst/O
                         net (fo=272, routed)         1.604    15.027    sorter_inst/CLK
    SLICE_X2Y91          FDRE                                         r  sorter_inst/data_reg[1][3]/C
                         clock pessimism              0.259    15.286    
                         clock uncertainty           -0.035    15.250    
    SLICE_X2Y91          FDRE (Setup_fdre_C_CE)      -0.169    15.081    sorter_inst/data_reg[1][3]
  -------------------------------------------------------------------
                         required time                         15.081    
                         arrival time                         -11.703    
  -------------------------------------------------------------------
                         slack                                  3.378    

Slack (MET) :             3.445ns  (required time - arrival time)
  Source:                 sorter_inst/j_reg[1]/C
                            (rising edge-triggered cell FDRE clocked by sys_clk_pin  {rise@0.000ns fall@5.000ns period=10.000ns})
  Destination:            sorter_inst/data_reg[8][0]/CE
                            (rising edge-triggered cell FDRE clocked by sys_clk_pin  {rise@0.000ns fall@5.000ns period=10.000ns})
  Path Group:             sys_clk_pin
  Path Type:              Setup (Max at Slow Process Corner)
  Requirement:            10.000ns  (sys_clk_pin rise@10.000ns - sys_clk_pin rise@0.000ns)
  Data Path Delay:        6.350ns  (logic 1.885ns (29.684%)  route 4.465ns (70.316%))
  Logic Levels:           5  (CARRY4=1 LUT4=1 LUT5=1 LUT6=1 MUXF7=1)
  Clock Path Skew:        0.036ns (DCD - SCD + CPR)
    Destination Clock Delay (DCD):    5.026ns = ( 15.026 - 10.000 ) 
    Source Clock Delay      (SCD):    5.249ns
    Clock Pessimism Removal (CPR):    0.259ns
  Clock Uncertainty:      0.035ns  ((TSJ^2 + TIJ^2)^1/2 + DJ) / 2 + PE
    Total System Jitter     (TSJ):    0.071ns
    Total Input Jitter      (TIJ):    0.000ns
    Discrete Jitter          (DJ):    0.000ns
    Phase Error              (PE):    0.000ns

    Location             Delay type                Incr(ns)  Path(ns)    Netlist Resource(s)
  -------------------------------------------------------------------    -------------------
                         (clock sys_clk_pin rise edge)
                                                      0.000     0.000 r  
    E3                                                0.000     0.000 r  clk (IN)
                         net (fo=0)                   0.000     0.000    clk
    E3                   IBUF (Prop_ibuf_I_O)         1.482     1.482 r  clk_IBUF_inst/O
                         net (fo=1, routed)           2.025     3.506    clk_IBUF
    BUFGCTRL_X0Y16       BUFG (Prop_bufg_I_O)         0.096     3.602 r  clk_IBUF_BUFG_inst/O
                         net (fo=272, routed)         1.646     5.249    sorter_inst/CLK
    SLICE_X9Y94          FDRE                                         r  sorter_inst/j_reg[1]/C
  -------------------------------------------------------------------    -------------------
    SLICE_X9Y94          FDRE (Prop_fdre_C_Q)         0.419     5.668 r  sorter_inst/j_reg[1]/Q
                         net (fo=54, routed)          1.420     7.088    sorter_inst/j_reg[1]
    SLICE_X2Y90          LUT6 (Prop_lut6_I2_O)        0.299     7.387 r  sorter_inst/data[0][0]_i_7/O
                         net (fo=1, routed)           0.000     7.387    sorter_inst/data[0][0]_i_7_n_0
    SLICE_X2Y90          MUXF7 (Prop_muxf7_I1_O)      0.214     7.601 r  sorter_inst/data_reg[0][0]_i_3/O
                         net (fo=11, routed)          1.187     8.787    sorter_inst/data_reg[0][0]_i_3_n_0
    SLICE_X5Y92          LUT4 (Prop_lut4_I1_O)        0.297     9.084 r  sorter_inst/i__carry_i_8/O
                         net (fo=1, routed)           0.000     9.084    sorter_inst/i__carry_i_8_n_0
    SLICE_X5Y92          CARRY4 (Prop_carry4_S[0]_CO[3])
                                                      0.532     9.616 r  sorter_inst/data[0]1_inferred__2/i__carry/CO[3]
                         net (fo=9, routed)           1.111    10.727    sorter_inst/data[0]1_inferred__2/i__carry_n_0
    SLICE_X8Y89          LUT5 (Prop_lut5_I3_O)        0.124    10.851 r  sorter_inst/data[8][7]_i_1/O
                         net (fo=8, routed)           0.748    11.599    sorter_inst/data[8][7]_i_1_n_0
    SLICE_X3Y90          FDRE                                         r  sorter_inst/data_reg[8][0]/CE
  -------------------------------------------------------------------    -------------------

                         (clock sys_clk_pin rise edge)
                                                     10.000    10.000 r  
    E3                                                0.000    10.000 r  clk (IN)
                         net (fo=0)                   0.000    10.000    clk
    E3                   IBUF (Prop_ibuf_I_O)         1.411    11.411 r  clk_IBUF_inst/O
                         net (fo=1, routed)           1.920    13.331    clk_IBUF
    BUFGCTRL_X0Y16       BUFG (Prop_bufg_I_O)         0.091    13.422 r  clk_IBUF_BUFG_inst/O
                         net (fo=272, routed)         1.603    15.026    sorter_inst/CLK
    SLICE_X3Y90          FDRE                                         r  sorter_inst/data_reg[8][0]/C
                         clock pessimism              0.259    15.285    
                         clock uncertainty           -0.035    15.249    
    SLICE_X3Y90          FDRE (Setup_fdre_C_CE)      -0.205    15.044    sorter_inst/data_reg[8][0]
  -------------------------------------------------------------------
                         required time                         15.044    
                         arrival time                         -11.599    
  -------------------------------------------------------------------
                         slack                                  3.445    

Slack (MET) :             3.445ns  (required time - arrival time)
  Source:                 sorter_inst/j_reg[1]/C
                            (rising edge-triggered cell FDRE clocked by sys_clk_pin  {rise@0.000ns fall@5.000ns period=10.000ns})
  Destination:            sorter_inst/data_reg[8][1]/CE
                            (rising edge-triggered cell FDRE clocked by sys_clk_pin  {rise@0.000ns fall@5.000ns period=10.000ns})
  Path Group:             sys_clk_pin
  Path Type:              Setup (Max at Slow Process Corner)
  Requirement:            10.000ns  (sys_clk_pin rise@10.000ns - sys_clk_pin rise@0.000ns)
  Data Path Delay:        6.350ns  (logic 1.885ns (29.684%)  route 4.465ns (70.316%))
  Logic Levels:           5  (CARRY4=1 LUT4=1 LUT5=1 LUT6=1 MUXF7=1)
  Clock Path Skew:        0.036ns (DCD - SCD + CPR)
    Destination Clock Delay (DCD):    5.026ns = ( 15.026 - 10.000 ) 
    Source Clock Delay      (SCD):    5.249ns
    Clock Pessimism Removal (CPR):    0.259ns
  Clock Uncertainty:      0.035ns  ((TSJ^2 + TIJ^2)^1/2 + DJ) / 2 + PE
    Total System Jitter     (TSJ):    0.071ns
    Total Input Jitter      (TIJ):    0.000ns
    Discrete Jitter          (DJ):    0.000ns
    Phase Error              (PE):    0.000ns

    Location             Delay type                Incr(ns)  Path(ns)    Netlist Resource(s)
  -------------------------------------------------------------------    -------------------
                         (clock sys_clk_pin rise edge)
                                                      0.000     0.000 r  
    E3                                                0.000     0.000 r  clk (IN)
                         net (fo=0)                   0.000     0.000    clk
    E3                   IBUF (Prop_ibuf_I_O)         1.482     1.482 r  clk_IBUF_inst/O
                         net (fo=1, routed)           2.025     3.506    clk_IBUF
    BUFGCTRL_X0Y16       BUFG (Prop_bufg_I_O)         0.096     3.602 r  clk_IBUF_BUFG_inst/O
                         net (fo=272, routed)         1.646     5.249    sorter_inst/CLK
    SLICE_X9Y94          FDRE                                         r  sorter_inst/j_reg[1]/C
  -------------------------------------------------------------------    -------------------
    SLICE_X9Y94          FDRE (Prop_fdre_C_Q)         0.419     5.668 r  sorter_inst/j_reg[1]/Q
                         net (fo=54, routed)          1.420     7.088    sorter_inst/j_reg[1]
    SLICE_X2Y90          LUT6 (Prop_lut6_I2_O)        0.299     7.387 r  sorter_inst/data[0][0]_i_7/O
                         net (fo=1, routed)           0.000     7.387    sorter_inst/data[0][0]_i_7_n_0
    SLICE_X2Y90          MUXF7 (Prop_muxf7_I1_O)      0.214     7.601 r  sorter_inst/data_reg[0][0]_i_3/O
                         net (fo=11, routed)          1.187     8.787    sorter_inst/data_reg[0][0]_i_3_n_0
    SLICE_X5Y92          LUT4 (Prop_lut4_I1_O)        0.297     9.084 r  sorter_inst/i__carry_i_8/O
                         net (fo=1, routed)           0.000     9.084    sorter_inst/i__carry_i_8_n_0
    SLICE_X5Y92          CARRY4 (Prop_carry4_S[0]_CO[3])
                                                      0.532     9.616 r  sorter_inst/data[0]1_inferred__2/i__carry/CO[3]
                         net (fo=9, routed)           1.111    10.727    sorter_inst/data[0]1_inferred__2/i__carry_n_0
    SLICE_X8Y89          LUT5 (Prop_lut5_I3_O)        0.124    10.851 r  sorter_inst/data[8][7]_i_1/O
                         net (fo=8, routed)           0.748    11.599    sorter_inst/data[8][7]_i_1_n_0
    SLICE_X3Y90          FDRE                                         r  sorter_inst/data_reg[8][1]/CE
  -------------------------------------------------------------------    -------------------

                         (clock sys_clk_pin rise edge)
                                                     10.000    10.000 r  
    E3                                                0.000    10.000 r  clk (IN)
                         net (fo=0)                   0.000    10.000    clk
    E3                   IBUF (Prop_ibuf_I_O)         1.411    11.411 r  clk_IBUF_inst/O
                         net (fo=1, routed)           1.920    13.331    clk_IBUF
    BUFGCTRL_X0Y16       BUFG (Prop_bufg_I_O)         0.091    13.422 r  clk_IBUF_BUFG_inst/O
                         net (fo=272, routed)         1.603    15.026    sorter_inst/CLK
    SLICE_X3Y90          FDRE                                         r  sorter_inst/data_reg[8][1]/C
                         clock pessimism              0.259    15.285    
                         clock uncertainty           -0.035    15.249    
    SLICE_X3Y90          FDRE (Setup_fdre_C_CE)      -0.205    15.044    sorter_inst/data_reg[8][1]
  -------------------------------------------------------------------
                         required time                         15.044    
                         arrival time                         -11.599    
  -------------------------------------------------------------------
                         slack                                  3.445    

Slack (MET) :             3.459ns  (required time - arrival time)
  Source:                 sorter_inst/j_reg[1]/C
                            (rising edge-triggered cell FDRE clocked by sys_clk_pin  {rise@0.000ns fall@5.000ns period=10.000ns})
  Destination:            sorter_inst/data_reg[3][1]/CE
                            (rising edge-triggered cell FDRE clocked by sys_clk_pin  {rise@0.000ns fall@5.000ns period=10.000ns})
  Path Group:             sys_clk_pin
  Path Type:              Setup (Max at Slow Process Corner)
  Requirement:            10.000ns  (sys_clk_pin rise@10.000ns - sys_clk_pin rise@0.000ns)
  Data Path Delay:        6.338ns  (logic 1.885ns (29.741%)  route 4.453ns (70.259%))
  Logic Levels:           5  (CARRY4=1 LUT4=1 LUT6=2 MUXF7=1)
  Clock Path Skew:        0.037ns (DCD - SCD + CPR)
    Destination Clock Delay (DCD):    5.027ns = ( 15.027 - 10.000 ) 
    Source Clock Delay      (SCD):    5.249ns
    Clock Pessimism Removal (CPR):    0.259ns
  Clock Uncertainty:      0.035ns  ((TSJ^2 + TIJ^2)^1/2 + DJ) / 2 + PE
    Total System Jitter     (TSJ):    0.071ns
    Total Input Jitter      (TIJ):    0.000ns
    Discrete Jitter          (DJ):    0.000ns
    Phase Error              (PE):    0.000ns

    Location             Delay type                Incr(ns)  Path(ns)    Netlist Resource(s)
  -------------------------------------------------------------------    -------------------
                         (clock sys_clk_pin rise edge)
                                                      0.000     0.000 r  
    E3                                                0.000     0.000 r  clk (IN)
                         net (fo=0)                   0.000     0.000    clk
    E3                   IBUF (Prop_ibuf_I_O)         1.482     1.482 r  clk_IBUF_inst/O
                         net (fo=1, routed)           2.025     3.506    clk_IBUF
    BUFGCTRL_X0Y16       BUFG (Prop_bufg_I_O)         0.096     3.602 r  clk_IBUF_BUFG_inst/O
                         net (fo=272, routed)         1.646     5.249    sorter_inst/CLK
    SLICE_X9Y94          FDRE                                         r  sorter_inst/j_reg[1]/C
  -------------------------------------------------------------------    -------------------
    SLICE_X9Y94          FDRE (Prop_fdre_C_Q)         0.419     5.668 r  sorter_inst/j_reg[1]/Q
                         net (fo=54, routed)          1.420     7.088    sorter_inst/j_reg[1]
    SLICE_X2Y90          LUT6 (Prop_lut6_I2_O)        0.299     7.387 r  sorter_inst/data[0][0]_i_7/O
                         net (fo=1, routed)           0.000     7.387    sorter_inst/data[0][0]_i_7_n_0
    SLICE_X2Y90          MUXF7 (Prop_muxf7_I1_O)      0.214     7.601 r  sorter_inst/data_reg[0][0]_i_3/O
                         net (fo=11, routed)          1.187     8.787    sorter_inst/data_reg[0][0]_i_3_n_0
    SLICE_X5Y92          LUT4 (Prop_lut4_I1_O)        0.297     9.084 r  sorter_inst/i__carry_i_8/O
                         net (fo=1, routed)           0.000     9.084    sorter_inst/i__carry_i_8_n_0
    SLICE_X5Y92          CARRY4 (Prop_carry4_S[0]_CO[3])
                                                      0.532     9.616 r  sorter_inst/data[0]1_inferred__2/i__carry/CO[3]
                         net (fo=9, routed)           1.098    10.714    sorter_inst/data[0]1_inferred__2/i__carry_n_0
    SLICE_X9Y89          LUT6 (Prop_lut6_I2_O)        0.124    10.838 r  sorter_inst/data[3][7]_i_1/O
                         net (fo=8, routed)           0.749    11.587    sorter_inst/data[3][7]_i_1_n_0
    SLICE_X1Y91          FDRE                                         r  sorter_inst/data_reg[3][1]/CE
  -------------------------------------------------------------------    -------------------

                         (clock sys_clk_pin rise edge)
                                                     10.000    10.000 r  
    E3                                                0.000    10.000 r  clk (IN)
                         net (fo=0)                   0.000    10.000    clk
    E3                   IBUF (Prop_ibuf_I_O)         1.411    11.411 r  clk_IBUF_inst/O
                         net (fo=1, routed)           1.920    13.331    clk_IBUF
    BUFGCTRL_X0Y16       BUFG (Prop_bufg_I_O)         0.091    13.422 r  clk_IBUF_BUFG_inst/O
                         net (fo=272, routed)         1.604    15.027    sorter_inst/CLK
    SLICE_X1Y91          FDRE                                         r  sorter_inst/data_reg[3][1]/C
                         clock pessimism              0.259    15.286    
                         clock uncertainty           -0.035    15.250    
    SLICE_X1Y91          FDRE (Setup_fdre_C_CE)      -0.205    15.045    sorter_inst/data_reg[3][1]
  -------------------------------------------------------------------
                         required time                         15.045    
                         arrival time                         -11.587    
  -------------------------------------------------------------------
                         slack                                  3.459    

Slack (MET) :             3.459ns  (required time - arrival time)
  Source:                 sorter_inst/j_reg[1]/C
                            (rising edge-triggered cell FDRE clocked by sys_clk_pin  {rise@0.000ns fall@5.000ns period=10.000ns})
  Destination:            sorter_inst/data_reg[3][2]/CE
                            (rising edge-triggered cell FDRE clocked by sys_clk_pin  {rise@0.000ns fall@5.000ns period=10.000ns})
  Path Group:             sys_clk_pin
  Path Type:              Setup (Max at Slow Process Corner)
  Requirement:            10.000ns  (sys_clk_pin rise@10.000ns - sys_clk_pin rise@0.000ns)
  Data Path Delay:        6.338ns  (logic 1.885ns (29.741%)  route 4.453ns (70.259%))
  Logic Levels:           5  (CARRY4=1 LUT4=1 LUT6=2 MUXF7=1)
  Clock Path Skew:        0.037ns (DCD - SCD + CPR)
    Destination Clock Delay (DCD):    5.027ns = ( 15.027 - 10.000 ) 
    Source Clock Delay      (SCD):    5.249ns
    Clock Pessimism Removal (CPR):    0.259ns
  Clock Uncertainty:      0.035ns  ((TSJ^2 + TIJ^2)^1/2 + DJ) / 2 + PE
    Total System Jitter     (TSJ):    0.071ns
    Total Input Jitter      (TIJ):    0.000ns
    Discrete Jitter          (DJ):    0.000ns
    Phase Error              (PE):    0.000ns

    Location             Delay type                Incr(ns)  Path(ns)    Netlist Resource(s)
  -------------------------------------------------------------------    -------------------
                         (clock sys_clk_pin rise edge)
                                                      0.000     0.000 r  
    E3                                                0.000     0.000 r  clk (IN)
                         net (fo=0)                   0.000     0.000    clk
    E3                   IBUF (Prop_ibuf_I_O)         1.482     1.482 r  clk_IBUF_inst/O
                         net (fo=1, routed)           2.025     3.506    clk_IBUF
    BUFGCTRL_X0Y16       BUFG (Prop_bufg_I_O)         0.096     3.602 r  clk_IBUF_BUFG_inst/O
                         net (fo=272, routed)         1.646     5.249    sorter_inst/CLK
    SLICE_X9Y94          FDRE                                         r  sorter_inst/j_reg[1]/C
  -------------------------------------------------------------------    -------------------
    SLICE_X9Y94          FDRE (Prop_fdre_C_Q)         0.419     5.668 r  sorter_inst/j_reg[1]/Q
                         net (fo=54, routed)          1.420     7.088    sorter_inst/j_reg[1]
    SLICE_X2Y90          LUT6 (Prop_lut6_I2_O)        0.299     7.387 r  sorter_inst/data[0][0]_i_7/O
                         net (fo=1, routed)           0.000     7.387    sorter_inst/data[0][0]_i_7_n_0
    SLICE_X2Y90          MUXF7 (Prop_muxf7_I1_O)      0.214     7.601 r  sorter_inst/data_reg[0][0]_i_3/O
                         net (fo=11, routed)          1.187     8.787    sorter_inst/data_reg[0][0]_i_3_n_0
    SLICE_X5Y92          LUT4 (Prop_lut4_I1_O)        0.297     9.084 r  sorter_inst/i__carry_i_8/O
                         net (fo=1, routed)           0.000     9.084    sorter_inst/i__carry_i_8_n_0
    SLICE_X5Y92          CARRY4 (Prop_carry4_S[0]_CO[3])
                                                      0.532     9.616 r  sorter_inst/data[0]1_inferred__2/i__carry/CO[3]
                         net (fo=9, routed)           1.098    10.714    sorter_inst/data[0]1_inferred__2/i__carry_n_0
    SLICE_X9Y89          LUT6 (Prop_lut6_I2_O)        0.124    10.838 r  sorter_inst/data[3][7]_i_1/O
                         net (fo=8, routed)           0.749    11.587    sorter_inst/data[3][7]_i_1_n_0
    SLICE_X1Y91          FDRE                                         r  sorter_inst/data_reg[3][2]/CE
  -------------------------------------------------------------------    -------------------

                         (clock sys_clk_pin rise edge)
                                                     10.000    10.000 r  
    E3                                                0.000    10.000 r  clk (IN)
                         net (fo=0)                   0.000    10.000    clk
    E3                   IBUF (Prop_ibuf_I_O)         1.411    11.411 r  clk_IBUF_inst/O
                         net (fo=1, routed)           1.920    13.331    clk_IBUF
    BUFGCTRL_X0Y16       BUFG (Prop_bufg_I_O)         0.091    13.422 r  clk_IBUF_BUFG_inst/O
                         net (fo=272, routed)         1.604    15.027    sorter_inst/CLK
    SLICE_X1Y91          FDRE                                         r  sorter_inst/data_reg[3][2]/C
                         clock pessimism              0.259    15.286    
                         clock uncertainty           -0.035    15.250    
    SLICE_X1Y91          FDRE (Setup_fdre_C_CE)      -0.205    15.045    sorter_inst/data_reg[3][2]
  -------------------------------------------------------------------
                         required time                         15.045    
                         arrival time                         -11.587    
  -------------------------------------------------------------------
                         slack                                  3.459    

Slack (MET) :             3.459ns  (required time - arrival time)
  Source:                 sorter_inst/j_reg[1]/C
                            (rising edge-triggered cell FDRE clocked by sys_clk_pin  {rise@0.000ns fall@5.000ns period=10.000ns})
  Destination:            sorter_inst/data_reg[3][7]/CE
                            (rising edge-triggered cell FDRE clocked by sys_clk_pin  {rise@0.000ns fall@5.000ns period=10.000ns})
  Path Group:             sys_clk_pin
  Path Type:              Setup (Max at Slow Process Corner)
  Requirement:            10.000ns  (sys_clk_pin rise@10.000ns - sys_clk_pin rise@0.000ns)
  Data Path Delay:        6.338ns  (logic 1.885ns (29.741%)  route 4.453ns (70.259%))
  Logic Levels:           5  (CARRY4=1 LUT4=1 LUT6=2 MUXF7=1)
  Clock Path Skew:        0.037ns (DCD - SCD + CPR)
    Destination Clock Delay (DCD):    5.027ns = ( 15.027 - 10.000 ) 
    Source Clock Delay      (SCD):    5.249ns
    Clock Pessimism Removal (CPR):    0.259ns
  Clock Uncertainty:      0.035ns  ((TSJ^2 + TIJ^2)^1/2 + DJ) / 2 + PE
    Total System Jitter     (TSJ):    0.071ns
    Total Input Jitter      (TIJ):    0.000ns
    Discrete Jitter          (DJ):    0.000ns
    Phase Error              (PE):    0.000ns

    Location             Delay type                Incr(ns)  Path(ns)    Netlist Resource(s)
  -------------------------------------------------------------------    -------------------
                         (clock sys_clk_pin rise edge)
                                                      0.000     0.000 r  
    E3                                                0.000     0.000 r  clk (IN)
                         net (fo=0)                   0.000     0.000    clk
    E3                   IBUF (Prop_ibuf_I_O)         1.482     1.482 r  clk_IBUF_inst/O
                         net (fo=1, routed)           2.025     3.506    clk_IBUF
    BUFGCTRL_X0Y16       BUFG (Prop_bufg_I_O)         0.096     3.602 r  clk_IBUF_BUFG_inst/O
                         net (fo=272, routed)         1.646     5.249    sorter_inst/CLK
    SLICE_X9Y94          FDRE                                         r  sorter_inst/j_reg[1]/C
  -------------------------------------------------------------------    -------------------
    SLICE_X9Y94          FDRE (Prop_fdre_C_Q)         0.419     5.668 r  sorter_inst/j_reg[1]/Q
                         net (fo=54, routed)          1.420     7.088    sorter_inst/j_reg[1]
    SLICE_X2Y90          LUT6 (Prop_lut6_I2_O)        0.299     7.387 r  sorter_inst/data[0][0]_i_7/O
                         net (fo=1, routed)           0.000     7.387    sorter_inst/data[0][0]_i_7_n_0
    SLICE_X2Y90          MUXF7 (Prop_muxf7_I1_O)      0.214     7.601 r  sorter_inst/data_reg[0][0]_i_3/O
                         net (fo=11, routed)          1.187     8.787    sorter_inst/data_reg[0][0]_i_3_n_0
    SLICE_X5Y92          LUT4 (Prop_lut4_I1_O)        0.297     9.084 r  sorter_inst/i__carry_i_8/O
                         net (fo=1, routed)           0.000     9.084    sorter_inst/i__carry_i_8_n_0
    SLICE_X5Y92          CARRY4 (Prop_carry4_S[0]_CO[3])
                                                      0.532     9.616 r  sorter_inst/data[0]1_inferred__2/i__carry/CO[3]
                         net (fo=9, routed)           1.098    10.714    sorter_inst/data[0]1_inferred__2/i__carry_n_0
    SLICE_X9Y89          LUT6 (Prop_lut6_I2_O)        0.124    10.838 r  sorter_inst/data[3][7]_i_1/O
                         net (fo=8, routed)           0.749    11.587    sorter_inst/data[3][7]_i_1_n_0
    SLICE_X1Y91          FDRE                                         r  sorter_inst/data_reg[3][7]/CE
  -------------------------------------------------------------------    -------------------

                         (clock sys_clk_pin rise edge)
                                                     10.000    10.000 r  
    E3                                                0.000    10.000 r  clk (IN)
                         net (fo=0)                   0.000    10.000    clk
    E3                   IBUF (Prop_ibuf_I_O)         1.411    11.411 r  clk_IBUF_inst/O
                         net (fo=1, routed)           1.920    13.331    clk_IBUF
    BUFGCTRL_X0Y16       BUFG (Prop_bufg_I_O)         0.091    13.422 r  clk_IBUF_BUFG_inst/O
                         net (fo=272, routed)         1.604    15.027    sorter_inst/CLK
    SLICE_X1Y91          FDRE                                         r  sorter_inst/data_reg[3][7]/C
                         clock pessimism              0.259    15.286    
                         clock uncertainty           -0.035    15.250    
    SLICE_X1Y91          FDRE (Setup_fdre_C_CE)      -0.205    15.045    sorter_inst/data_reg[3][7]
  -------------------------------------------------------------------
                         required time                         15.045    
                         arrival time                         -11.587    
  -------------------------------------------------------------------
                         slack                                  3.459    





Min Delay Paths
--------------------------------------------------------------------------------------
Slack (MET) :             0.079ns  (arrival time - required time)
  Source:                 uart_rx_inst/rx_shift_reg[3]/C
                            (rising edge-triggered cell FDRE clocked by sys_clk_pin  {rise@0.000ns fall@5.000ns period=10.000ns})
  Destination:            collector_inst/mem_reg[0][3]/D
                            (rising edge-triggered cell FDRE clocked by sys_clk_pin  {rise@0.000ns fall@5.000ns period=10.000ns})
  Path Group:             sys_clk_pin
  Path Type:              Hold (Min at Fast Process Corner)
  Requirement:            0.000ns  (sys_clk_pin rise@0.000ns - sys_clk_pin rise@0.000ns)
  Data Path Delay:        0.426ns  (logic 0.141ns (33.137%)  route 0.285ns (66.863%))
  Logic Levels:           0  
  Clock Path Skew:        0.275ns (DCD - SCD - CPR)
    Destination Clock Delay (DCD):    2.038ns
    Source Clock Delay      (SCD):    1.517ns
    Clock Pessimism Removal (CPR):    0.245ns

    Location             Delay type                Incr(ns)  Path(ns)    Netlist Resource(s)
  -------------------------------------------------------------------    -------------------
                         (clock sys_clk_pin rise edge)
                                                      0.000     0.000 r  
    E3                                                0.000     0.000 r  clk (IN)
                         net (fo=0)                   0.000     0.000    clk
    E3                   IBUF (Prop_ibuf_I_O)         0.250     0.250 r  clk_IBUF_inst/O
                         net (fo=1, routed)           0.644     0.894    clk_IBUF
    BUFGCTRL_X0Y16       BUFG (Prop_bufg_I_O)         0.026     0.920 r  clk_IBUF_BUFG_inst/O
                         net (fo=272, routed)         0.598     1.517    uart_rx_inst/CLK
    SLICE_X7Y100         FDRE                                         r  uart_rx_inst/rx_shift_reg[3]/C
  -------------------------------------------------------------------    -------------------
    SLICE_X7Y100         FDRE (Prop_fdre_C_Q)         0.141     1.658 r  uart_rx_inst/rx_shift_reg[3]/Q
                         net (fo=9, routed)           0.285     1.943    collector_inst/data_out[3]
    SLICE_X5Y92          FDRE                                         r  collector_inst/mem_reg[0][3]/D
  -------------------------------------------------------------------    -------------------

                         (clock sys_clk_pin rise edge)
                                                      0.000     0.000 r  
    E3                                                0.000     0.000 r  clk (IN)
                         net (fo=0)                   0.000     0.000    clk
    E3                   IBUF (Prop_ibuf_I_O)         0.438     0.438 r  clk_IBUF_inst/O
                         net (fo=1, routed)           0.699     1.136    clk_IBUF
    BUFGCTRL_X0Y16       BUFG (Prop_bufg_I_O)         0.029     1.165 r  clk_IBUF_BUFG_inst/O
                         net (fo=272, routed)         0.873     2.038    collector_inst/CLK
    SLICE_X5Y92          FDRE                                         r  collector_inst/mem_reg[0][3]/C
                         clock pessimism             -0.245     1.792    
    SLICE_X5Y92          FDRE (Hold_fdre_C_D)         0.072     1.864    collector_inst/mem_reg[0][3]
  -------------------------------------------------------------------
                         required time                         -1.864    
                         arrival time                           1.943    
  -------------------------------------------------------------------
                         slack                                  0.079    

Slack (MET) :             0.103ns  (arrival time - required time)
  Source:                 uart_rx_inst/rx_shift_reg[5]/C
                            (rising edge-triggered cell FDRE clocked by sys_clk_pin  {rise@0.000ns fall@5.000ns period=10.000ns})
  Destination:            collector_inst/mem_reg[1][5]/D
                            (rising edge-triggered cell FDRE clocked by sys_clk_pin  {rise@0.000ns fall@5.000ns period=10.000ns})
  Path Group:             sys_clk_pin
  Path Type:              Hold (Min at Fast Process Corner)
  Requirement:            0.000ns  (sys_clk_pin rise@0.000ns - sys_clk_pin rise@0.000ns)
  Data Path Delay:        0.443ns  (logic 0.164ns (36.981%)  route 0.279ns (63.019%))
  Logic Levels:           0  
  Clock Path Skew:        0.275ns (DCD - SCD - CPR)
    Destination Clock Delay (DCD):    2.010ns
    Source Clock Delay      (SCD):    1.489ns
    Clock Pessimism Removal (CPR):    0.245ns

    Location             Delay type                Incr(ns)  Path(ns)    Netlist Resource(s)
  -------------------------------------------------------------------    -------------------
                         (clock sys_clk_pin rise edge)
                                                      0.000     0.000 r  
    E3                                                0.000     0.000 r  clk (IN)
                         net (fo=0)                   0.000     0.000    clk
    E3                   IBUF (Prop_ibuf_I_O)         0.250     0.250 r  clk_IBUF_inst/O
                         net (fo=1, routed)           0.644     0.894    clk_IBUF
    BUFGCTRL_X0Y16       BUFG (Prop_bufg_I_O)         0.026     0.920 r  clk_IBUF_BUFG_inst/O
                         net (fo=272, routed)         0.570     1.489    uart_rx_inst/CLK
    SLICE_X8Y100         FDRE                                         r  uart_rx_inst/rx_shift_reg[5]/C
  -------------------------------------------------------------------    -------------------
    SLICE_X8Y100         FDRE (Prop_fdre_C_Q)         0.164     1.653 r  uart_rx_inst/rx_shift_reg[5]/Q
                         net (fo=9, routed)           0.279     1.933    collector_inst/data_out[5]
    SLICE_X9Y91          FDRE                                         r  collector_inst/mem_reg[1][5]/D
  -------------------------------------------------------------------    -------------------

                         (clock sys_clk_pin rise edge)
                                                      0.000     0.000 r  
    E3                                                0.000     0.000 r  clk (IN)
                         net (fo=0)                   0.000     0.000    clk
    E3                   IBUF (Prop_ibuf_I_O)         0.438     0.438 r  clk_IBUF_inst/O
                         net (fo=1, routed)           0.699     1.136    clk_IBUF
    BUFGCTRL_X0Y16       BUFG (Prop_bufg_I_O)         0.029     1.165 r  clk_IBUF_BUFG_inst/O
                         net (fo=272, routed)         0.845     2.010    collector_inst/CLK
    SLICE_X9Y91          FDRE                                         r  collector_inst/mem_reg[1][5]/C
                         clock pessimism             -0.245     1.764    
    SLICE_X9Y91          FDRE (Hold_fdre_C_D)         0.066     1.830    collector_inst/mem_reg[1][5]
  -------------------------------------------------------------------
                         required time                         -1.830    
                         arrival time                           1.933    
  -------------------------------------------------------------------
                         slack                                  0.103    

Slack (MET) :             0.106ns  (arrival time - required time)
  Source:                 collector_inst/mem_reg[4][2]/C
                            (rising edge-triggered cell FDRE clocked by sys_clk_pin  {rise@0.000ns fall@5.000ns period=10.000ns})
  Destination:            sorter_inst/data_reg[4][2]/D
                            (rising edge-triggered cell FDRE clocked by sys_clk_pin  {rise@0.000ns fall@5.000ns period=10.000ns})
  Path Group:             sys_clk_pin
  Path Type:              Hold (Min at Fast Process Corner)
  Requirement:            0.000ns  (sys_clk_pin rise@0.000ns - sys_clk_pin rise@0.000ns)
  Data Path Delay:        0.240ns  (logic 0.186ns (77.466%)  route 0.054ns (22.534%))
  Logic Levels:           1  (LUT6=1)
  Clock Path Skew:        0.013ns (DCD - SCD - CPR)
    Destination Clock Delay (DCD):    2.039ns
    Source Clock Delay      (SCD):    1.522ns
    Clock Pessimism Removal (CPR):    0.503ns

    Location             Delay type                Incr(ns)  Path(ns)    Netlist Resource(s)
  -------------------------------------------------------------------    -------------------
                         (clock sys_clk_pin rise edge)
                                                      0.000     0.000 r  
    E3                                                0.000     0.000 r  clk (IN)
                         net (fo=0)                   0.000     0.000    clk
    E3                   IBUF (Prop_ibuf_I_O)         0.250     0.250 r  clk_IBUF_inst/O
                         net (fo=1, routed)           0.644     0.894    clk_IBUF
    BUFGCTRL_X0Y16       BUFG (Prop_bufg_I_O)         0.026     0.920 r  clk_IBUF_BUFG_inst/O
                         net (fo=272, routed)         0.603     1.522    collector_inst/CLK
    SLICE_X7Y93          FDRE                                         r  collector_inst/mem_reg[4][2]/C
  -------------------------------------------------------------------    -------------------
    SLICE_X7Y93          FDRE (Prop_fdre_C_Q)         0.141     1.663 r  collector_inst/mem_reg[4][2]/Q
                         net (fo=1, routed)           0.054     1.717    sorter_inst/collected_data[34]
    SLICE_X6Y93          LUT6 (Prop_lut6_I0_O)        0.045     1.762 r  sorter_inst/data[4][2]_i_1/O
                         net (fo=1, routed)           0.000     1.762    sorter_inst/data[4][2]_i_1_n_0
    SLICE_X6Y93          FDRE                                         r  sorter_inst/data_reg[4][2]/D
  -------------------------------------------------------------------    -------------------

                         (clock sys_clk_pin rise edge)
                                                      0.000     0.000 r  
    E3                                                0.000     0.000 r  clk (IN)
                         net (fo=0)                   0.000     0.000    clk
    E3                   IBUF (Prop_ibuf_I_O)         0.438     0.438 r  clk_IBUF_inst/O
                         net (fo=1, routed)           0.699     1.136    clk_IBUF
    BUFGCTRL_X0Y16       BUFG (Prop_bufg_I_O)         0.029     1.165 r  clk_IBUF_BUFG_inst/O
                         net (fo=272, routed)         0.874     2.039    sorter_inst/CLK
    SLICE_X6Y93          FDRE                                         r  sorter_inst/data_reg[4][2]/C
                         clock pessimism             -0.503     1.535    
    SLICE_X6Y93          FDRE (Hold_fdre_C_D)         0.121     1.656    sorter_inst/data_reg[4][2]
  -------------------------------------------------------------------
                         required time                         -1.656    
                         arrival time                           1.762    
  -------------------------------------------------------------------
                         slack                                  0.106    

Slack (MET) :             0.132ns  (arrival time - required time)
  Source:                 collector_inst/mem_reg[1][7]/C
                            (rising edge-triggered cell FDRE clocked by sys_clk_pin  {rise@0.000ns fall@5.000ns period=10.000ns})
  Destination:            sorter_inst/data_reg[1][7]/D
                            (rising edge-triggered cell FDRE clocked by sys_clk_pin  {rise@0.000ns fall@5.000ns period=10.000ns})
  Path Group:             sys_clk_pin
  Path Type:              Hold (Min at Fast Process Corner)
  Requirement:            0.000ns  (sys_clk_pin rise@0.000ns - sys_clk_pin rise@0.000ns)
  Data Path Delay:        0.266ns  (logic 0.186ns (69.898%)  route 0.080ns (30.103%))
  Logic Levels:           1  (LUT6=1)
  Clock Path Skew:        0.013ns (DCD - SCD - CPR)
    Destination Clock Delay (DCD):    2.010ns
    Source Clock Delay      (SCD):    1.493ns
    Clock Pessimism Removal (CPR):    0.503ns

    Location             Delay type                Incr(ns)  Path(ns)    Netlist Resource(s)
  -------------------------------------------------------------------    -------------------
                         (clock sys_clk_pin rise edge)
                                                      0.000     0.000 r  
    E3                                                0.000     0.000 r  clk (IN)
                         net (fo=0)                   0.000     0.000    clk
    E3                   IBUF (Prop_ibuf_I_O)         0.250     0.250 r  clk_IBUF_inst/O
                         net (fo=1, routed)           0.644     0.894    clk_IBUF
    BUFGCTRL_X0Y16       BUFG (Prop_bufg_I_O)         0.026     0.920 r  clk_IBUF_BUFG_inst/O
                         net (fo=272, routed)         0.574     1.493    collector_inst/CLK
    SLICE_X9Y91          FDRE                                         r  collector_inst/mem_reg[1][7]/C
  -------------------------------------------------------------------    -------------------
    SLICE_X9Y91          FDRE (Prop_fdre_C_Q)         0.141     1.634 r  collector_inst/mem_reg[1][7]/Q
                         net (fo=1, routed)           0.080     1.714    sorter_inst/collected_data[15]
    SLICE_X8Y91          LUT6 (Prop_lut6_I0_O)        0.045     1.759 r  sorter_inst/data[1][7]_i_2/O
                         net (fo=1, routed)           0.000     1.759    sorter_inst/data[1][7]_i_2_n_0
    SLICE_X8Y91          FDRE                                         r  sorter_inst/data_reg[1][7]/D
  -------------------------------------------------------------------    -------------------

                         (clock sys_clk_pin rise edge)
                                                      0.000     0.000 r  
    E3                                                0.000     0.000 r  clk (IN)
                         net (fo=0)                   0.000     0.000    clk
    E3                   IBUF (Prop_ibuf_I_O)         0.438     0.438 r  clk_IBUF_inst/O
                         net (fo=1, routed)           0.699     1.136    clk_IBUF
    BUFGCTRL_X0Y16       BUFG (Prop_bufg_I_O)         0.029     1.165 r  clk_IBUF_BUFG_inst/O
                         net (fo=272, routed)         0.845     2.010    sorter_inst/CLK
    SLICE_X8Y91          FDRE                                         r  sorter_inst/data_reg[1][7]/C
                         clock pessimism             -0.503     1.506    
    SLICE_X8Y91          FDRE (Hold_fdre_C_D)         0.121     1.627    sorter_inst/data_reg[1][7]
  -------------------------------------------------------------------
                         required time                         -1.627    
                         arrival time                           1.759    
  -------------------------------------------------------------------
                         slack                                  0.132    

Slack (MET) :             0.138ns  (arrival time - required time)
  Source:                 collector_inst/mem_reg[0][2]/C
                            (rising edge-triggered cell FDRE clocked by sys_clk_pin  {rise@0.000ns fall@5.000ns period=10.000ns})
  Destination:            sorter_inst/data_reg[0][2]/D
                            (rising edge-triggered cell FDRE clocked by sys_clk_pin  {rise@0.000ns fall@5.000ns period=10.000ns})
  Path Group:             sys_clk_pin
  Path Type:              Hold (Min at Fast Process Corner)
  Requirement:            0.000ns  (sys_clk_pin rise@0.000ns - sys_clk_pin rise@0.000ns)
  Data Path Delay:        0.243ns  (logic 0.186ns (76.391%)  route 0.057ns (23.609%))
  Logic Levels:           1  (LUT6=1)
  Clock Path Skew:        0.013ns (DCD - SCD - CPR)
    Destination Clock Delay (DCD):    2.038ns
    Source Clock Delay      (SCD):    1.521ns
    Clock Pessimism Removal (CPR):    0.503ns

    Location             Delay type                Incr(ns)  Path(ns)    Netlist Resource(s)
  -------------------------------------------------------------------    -------------------
                         (clock sys_clk_pin rise edge)
                                                      0.000     0.000 r  
    E3                                                0.000     0.000 r  clk (IN)
                         net (fo=0)                   0.000     0.000    clk
    E3                   IBUF (Prop_ibuf_I_O)         0.250     0.250 r  clk_IBUF_inst/O
                         net (fo=1, routed)           0.644     0.894    clk_IBUF
    BUFGCTRL_X0Y16       BUFG (Prop_bufg_I_O)         0.026     0.920 r  clk_IBUF_BUFG_inst/O
                         net (fo=272, routed)         0.602     1.521    collector_inst/CLK
    SLICE_X5Y92          FDRE                                         r  collector_inst/mem_reg[0][2]/C
  -------------------------------------------------------------------    -------------------
    SLICE_X5Y92          FDRE (Prop_fdre_C_Q)         0.141     1.662 r  collector_inst/mem_reg[0][2]/Q
                         net (fo=1, routed)           0.057     1.720    sorter_inst/collected_data[2]
    SLICE_X4Y92          LUT6 (Prop_lut6_I0_O)        0.045     1.765 r  sorter_inst/data[0][2]_i_1/O
                         net (fo=1, routed)           0.000     1.765    sorter_inst/data[0][2]_i_1_n_0
    SLICE_X4Y92          FDRE                                         r  sorter_inst/data_reg[0][2]/D
  -------------------------------------------------------------------    -------------------

                         (clock sys_clk_pin rise edge)
                                                      0.000     0.000 r  
    E3                                                0.000     0.000 r  clk (IN)
                         net (fo=0)                   0.000     0.000    clk
    E3                   IBUF (Prop_ibuf_I_O)         0.438     0.438 r  clk_IBUF_inst/O
                         net (fo=1, routed)           0.699     1.136    clk_IBUF
    BUFGCTRL_X0Y16       BUFG (Prop_bufg_I_O)         0.029     1.165 r  clk_IBUF_BUFG_inst/O
                         net (fo=272, routed)         0.873     2.038    sorter_inst/CLK
    SLICE_X4Y92          FDRE                                         r  sorter_inst/data_reg[0][2]/C
                         clock pessimism             -0.503     1.534    
    SLICE_X4Y92          FDRE (Hold_fdre_C_D)         0.092     1.626    sorter_inst/data_reg[0][2]
  -------------------------------------------------------------------
                         required time                         -1.626    
                         arrival time                           1.765    
  -------------------------------------------------------------------
                         slack                                  0.138    

Slack (MET) :             0.138ns  (arrival time - required time)
  Source:                 collector_inst/mem_reg[5][2]/C
                            (rising edge-triggered cell FDRE clocked by sys_clk_pin  {rise@0.000ns fall@5.000ns period=10.000ns})
  Destination:            sorter_inst/data_reg[5][2]/D
                            (rising edge-triggered cell FDRE clocked by sys_clk_pin  {rise@0.000ns fall@5.000ns period=10.000ns})
  Path Group:             sys_clk_pin
  Path Type:              Hold (Min at Fast Process Corner)
  Requirement:            0.000ns  (sys_clk_pin rise@0.000ns - sys_clk_pin rise@0.000ns)
  Data Path Delay:        0.243ns  (logic 0.186ns (76.391%)  route 0.057ns (23.609%))
  Logic Levels:           1  (LUT6=1)
  Clock Path Skew:        0.013ns (DCD - SCD - CPR)
    Destination Clock Delay (DCD):    2.038ns
    Source Clock Delay      (SCD):    1.521ns
    Clock Pessimism Removal (CPR):    0.503ns

    Location             Delay type                Incr(ns)  Path(ns)    Netlist Resource(s)
  -------------------------------------------------------------------    -------------------
                         (clock sys_clk_pin rise edge)
                                                      0.000     0.000 r  
    E3                                                0.000     0.000 r  clk (IN)
                         net (fo=0)                   0.000     0.000    clk
    E3                   IBUF (Prop_ibuf_I_O)         0.250     0.250 r  clk_IBUF_inst/O
                         net (fo=1, routed)           0.644     0.894    clk_IBUF
    BUFGCTRL_X0Y16       BUFG (Prop_bufg_I_O)         0.026     0.920 r  clk_IBUF_BUFG_inst/O
                         net (fo=272, routed)         0.602     1.521    collector_inst/CLK
    SLICE_X5Y90          FDRE                                         r  collector_inst/mem_reg[5][2]/C
  -------------------------------------------------------------------    -------------------
    SLICE_X5Y90          FDRE (Prop_fdre_C_Q)         0.141     1.662 r  collector_inst/mem_reg[5][2]/Q
                         net (fo=1, routed)           0.057     1.720    sorter_inst/collected_data[42]
    SLICE_X4Y90          LUT6 (Prop_lut6_I0_O)        0.045     1.765 r  sorter_inst/data[5][2]_i_1/O
                         net (fo=1, routed)           0.000     1.765    sorter_inst/data[5][2]_i_1_n_0
    SLICE_X4Y90          FDRE                                         r  sorter_inst/data_reg[5][2]/D
  -------------------------------------------------------------------    -------------------

                         (clock sys_clk_pin rise edge)
                                                      0.000     0.000 r  
    E3                                                0.000     0.000 r  clk (IN)
                         net (fo=0)                   0.000     0.000    clk
    E3                   IBUF (Prop_ibuf_I_O)         0.438     0.438 r  clk_IBUF_inst/O
                         net (fo=1, routed)           0.699     1.136    clk_IBUF
    BUFGCTRL_X0Y16       BUFG (Prop_bufg_I_O)         0.029     1.165 r  clk_IBUF_BUFG_inst/O
                         net (fo=272, routed)         0.873     2.038    sorter_inst/CLK
    SLICE_X4Y90          FDRE                                         r  sorter_inst/data_reg[5][2]/C
                         clock pessimism             -0.503     1.534    
    SLICE_X4Y90          FDRE (Hold_fdre_C_D)         0.092     1.626    sorter_inst/data_reg[5][2]
  -------------------------------------------------------------------
                         required time                         -1.626    
                         arrival time                           1.765    
  -------------------------------------------------------------------
                         slack                                  0.138    

Slack (MET) :             0.138ns  (arrival time - required time)
  Source:                 collector_inst/mem_reg[7][2]/C
                            (rising edge-triggered cell FDRE clocked by sys_clk_pin  {rise@0.000ns fall@5.000ns period=10.000ns})
  Destination:            sorter_inst/data_reg[7][2]/D
                            (rising edge-triggered cell FDRE clocked by sys_clk_pin  {rise@0.000ns fall@5.000ns period=10.000ns})
  Path Group:             sys_clk_pin
  Path Type:              Hold (Min at Fast Process Corner)
  Requirement:            0.000ns  (sys_clk_pin rise@0.000ns - sys_clk_pin rise@0.000ns)
  Data Path Delay:        0.243ns  (logic 0.186ns (76.391%)  route 0.057ns (23.609%))
  Logic Levels:           1  (LUT6=1)
  Clock Path Skew:        0.013ns (DCD - SCD - CPR)
    Destination Clock Delay (DCD):    2.038ns
    Source Clock Delay      (SCD):    1.521ns
    Clock Pessimism Removal (CPR):    0.503ns

    Location             Delay type                Incr(ns)  Path(ns)    Netlist Resource(s)
  -------------------------------------------------------------------    -------------------
                         (clock sys_clk_pin rise edge)
                                                      0.000     0.000 r  
    E3                                                0.000     0.000 r  clk (IN)
                         net (fo=0)                   0.000     0.000    clk
    E3                   IBUF (Prop_ibuf_I_O)         0.250     0.250 r  clk_IBUF_inst/O
                         net (fo=1, routed)           0.644     0.894    clk_IBUF
    BUFGCTRL_X0Y16       BUFG (Prop_bufg_I_O)         0.026     0.920 r  clk_IBUF_BUFG_inst/O
                         net (fo=272, routed)         0.602     1.521    collector_inst/CLK
    SLICE_X5Y91          FDRE                                         r  collector_inst/mem_reg[7][2]/C
  -------------------------------------------------------------------    -------------------
    SLICE_X5Y91          FDRE (Prop_fdre_C_Q)         0.141     1.662 r  collector_inst/mem_reg[7][2]/Q
                         net (fo=1, routed)           0.057     1.720    sorter_inst/collected_data[58]
    SLICE_X4Y91          LUT6 (Prop_lut6_I0_O)        0.045     1.765 r  sorter_inst/data[7][2]_i_1/O
                         net (fo=1, routed)           0.000     1.765    sorter_inst/data[7][2]_i_1_n_0
    SLICE_X4Y91          FDRE                                         r  sorter_inst/data_reg[7][2]/D
  -------------------------------------------------------------------    -------------------

                         (clock sys_clk_pin rise edge)
                                                      0.000     0.000 r  
    E3                                                0.000     0.000 r  clk (IN)
                         net (fo=0)                   0.000     0.000    clk
    E3                   IBUF (Prop_ibuf_I_O)         0.438     0.438 r  clk_IBUF_inst/O
                         net (fo=1, routed)           0.699     1.136    clk_IBUF
    BUFGCTRL_X0Y16       BUFG (Prop_bufg_I_O)         0.029     1.165 r  clk_IBUF_BUFG_inst/O
                         net (fo=272, routed)         0.873     2.038    sorter_inst/CLK
    SLICE_X4Y91          FDRE                                         r  sorter_inst/data_reg[7][2]/C
                         clock pessimism             -0.503     1.534    
    SLICE_X4Y91          FDRE (Hold_fdre_C_D)         0.092     1.626    sorter_inst/data_reg[7][2]
  -------------------------------------------------------------------
                         required time                         -1.626    
                         arrival time                           1.765    
  -------------------------------------------------------------------
                         slack                                  0.138    

Slack (MET) :             0.140ns  (arrival time - required time)
  Source:                 collector_inst/mem_reg[1][4]/C
                            (rising edge-triggered cell FDRE clocked by sys_clk_pin  {rise@0.000ns fall@5.000ns period=10.000ns})
  Destination:            sorter_inst/data_reg[1][4]/D
                            (rising edge-triggered cell FDRE clocked by sys_clk_pin  {rise@0.000ns fall@5.000ns period=10.000ns})
  Path Group:             sys_clk_pin
  Path Type:              Hold (Min at Fast Process Corner)
  Requirement:            0.000ns  (sys_clk_pin rise@0.000ns - sys_clk_pin rise@0.000ns)
  Data Path Delay:        0.273ns  (logic 0.186ns (68.106%)  route 0.087ns (31.894%))
  Logic Levels:           1  (LUT6=1)
  Clock Path Skew:        0.013ns (DCD - SCD - CPR)
    Destination Clock Delay (DCD):    2.010ns
    Source Clock Delay      (SCD):    1.493ns
    Clock Pessimism Removal (CPR):    0.503ns

    Location             Delay type                Incr(ns)  Path(ns)    Netlist Resource(s)
  -------------------------------------------------------------------    -------------------
                         (clock sys_clk_pin rise edge)
                                                      0.000     0.000 r  
    E3                                                0.000     0.000 r  clk (IN)
                         net (fo=0)                   0.000     0.000    clk
    E3                   IBUF (Prop_ibuf_I_O)         0.250     0.250 r  clk_IBUF_inst/O
                         net (fo=1, routed)           0.644     0.894    clk_IBUF
    BUFGCTRL_X0Y16       BUFG (Prop_bufg_I_O)         0.026     0.920 r  clk_IBUF_BUFG_inst/O
                         net (fo=272, routed)         0.574     1.493    collector_inst/CLK
    SLICE_X9Y91          FDRE                                         r  collector_inst/mem_reg[1][4]/C
  -------------------------------------------------------------------    -------------------
    SLICE_X9Y91          FDRE (Prop_fdre_C_Q)         0.141     1.634 r  collector_inst/mem_reg[1][4]/Q
                         net (fo=1, routed)           0.087     1.721    sorter_inst/collected_data[12]
    SLICE_X8Y91          LUT6 (Prop_lut6_I0_O)        0.045     1.766 r  sorter_inst/data[1][4]_i_1/O
                         net (fo=1, routed)           0.000     1.766    sorter_inst/data[1][4]_i_1_n_0
    SLICE_X8Y91          FDRE                                         r  sorter_inst/data_reg[1][4]/D
  -------------------------------------------------------------------    -------------------

                         (clock sys_clk_pin rise edge)
                                                      0.000     0.000 r  
    E3                                                0.000     0.000 r  clk (IN)
                         net (fo=0)                   0.000     0.000    clk
    E3                   IBUF (Prop_ibuf_I_O)         0.438     0.438 r  clk_IBUF_inst/O
                         net (fo=1, routed)           0.699     1.136    clk_IBUF
    BUFGCTRL_X0Y16       BUFG (Prop_bufg_I_O)         0.029     1.165 r  clk_IBUF_BUFG_inst/O
                         net (fo=272, routed)         0.845     2.010    sorter_inst/CLK
    SLICE_X8Y91          FDRE                                         r  sorter_inst/data_reg[1][4]/C
                         clock pessimism             -0.503     1.506    
    SLICE_X8Y91          FDRE (Hold_fdre_C_D)         0.120     1.626    sorter_inst/data_reg[1][4]
  -------------------------------------------------------------------
                         required time                         -1.626    
                         arrival time                           1.766    
  -------------------------------------------------------------------
                         slack                                  0.140    

Slack (MET) :             0.144ns  (arrival time - required time)
  Source:                 uart_rx_inst/rx_shift_reg[5]/C
                            (rising edge-triggered cell FDRE clocked by sys_clk_pin  {rise@0.000ns fall@5.000ns period=10.000ns})
  Destination:            collector_inst/mem_reg[0][5]/D
                            (rising edge-triggered cell FDRE clocked by sys_clk_pin  {rise@0.000ns fall@5.000ns period=10.000ns})
  Path Group:             sys_clk_pin
  Path Type:              Hold (Min at Fast Process Corner)
  Requirement:            0.000ns  (sys_clk_pin rise@0.000ns - sys_clk_pin rise@0.000ns)
  Data Path Delay:        0.471ns  (logic 0.164ns (34.802%)  route 0.307ns (65.198%))
  Logic Levels:           0  
  Clock Path Skew:        0.275ns (DCD - SCD - CPR)
    Destination Clock Delay (DCD):    2.010ns
    Source Clock Delay      (SCD):    1.489ns
    Clock Pessimism Removal (CPR):    0.245ns

    Location             Delay type                Incr(ns)  Path(ns)    Netlist Resource(s)
  -------------------------------------------------------------------    -------------------
                         (clock sys_clk_pin rise edge)
                                                      0.000     0.000 r  
    E3                                                0.000     0.000 r  clk (IN)
                         net (fo=0)                   0.000     0.000    clk
    E3                   IBUF (Prop_ibuf_I_O)         0.250     0.250 r  clk_IBUF_inst/O
                         net (fo=1, routed)           0.644     0.894    clk_IBUF
    BUFGCTRL_X0Y16       BUFG (Prop_bufg_I_O)         0.026     0.920 r  clk_IBUF_BUFG_inst/O
                         net (fo=272, routed)         0.570     1.489    uart_rx_inst/CLK
    SLICE_X8Y100         FDRE                                         r  uart_rx_inst/rx_shift_reg[5]/C
  -------------------------------------------------------------------    -------------------
    SLICE_X8Y100         FDRE (Prop_fdre_C_Q)         0.164     1.653 r  uart_rx_inst/rx_shift_reg[5]/Q
                         net (fo=9, routed)           0.307     1.961    collector_inst/data_out[5]
    SLICE_X10Y92         FDRE                                         r  collector_inst/mem_reg[0][5]/D
  -------------------------------------------------------------------    -------------------

                         (clock sys_clk_pin rise edge)
                                                      0.000     0.000 r  
    E3                                                0.000     0.000 r  clk (IN)
                         net (fo=0)                   0.000     0.000    clk
    E3                   IBUF (Prop_ibuf_I_O)         0.438     0.438 r  clk_IBUF_inst/O
                         net (fo=1, routed)           0.699     1.136    clk_IBUF
    BUFGCTRL_X0Y16       BUFG (Prop_bufg_I_O)         0.029     1.165 r  clk_IBUF_BUFG_inst/O
                         net (fo=272, routed)         0.845     2.010    collector_inst/CLK
    SLICE_X10Y92         FDRE                                         r  collector_inst/mem_reg[0][5]/C
                         clock pessimism             -0.245     1.764    
    SLICE_X10Y92         FDRE (Hold_fdre_C_D)         0.052     1.816    collector_inst/mem_reg[0][5]
  -------------------------------------------------------------------
                         required time                         -1.816    
                         arrival time                           1.961    
  -------------------------------------------------------------------
                         slack                                  0.144    

Slack (MET) :             0.151ns  (arrival time - required time)
  Source:                 collector_inst/mem_reg[1][3]/C
                            (rising edge-triggered cell FDRE clocked by sys_clk_pin  {rise@0.000ns fall@5.000ns period=10.000ns})
  Destination:            sorter_inst/data_reg[1][3]/D
                            (rising edge-triggered cell FDRE clocked by sys_clk_pin  {rise@0.000ns fall@5.000ns period=10.000ns})
  Path Group:             sys_clk_pin
  Path Type:              Hold (Min at Fast Process Corner)
  Requirement:            0.000ns  (sys_clk_pin rise@0.000ns - sys_clk_pin rise@0.000ns)
  Data Path Delay:        0.288ns  (logic 0.186ns (64.583%)  route 0.102ns (35.417%))
  Logic Levels:           1  (LUT6=1)
  Clock Path Skew:        0.016ns (DCD - SCD - CPR)
    Destination Clock Delay (DCD):    2.041ns
    Source Clock Delay      (SCD):    1.522ns
    Clock Pessimism Removal (CPR):    0.502ns

    Location             Delay type                Incr(ns)  Path(ns)    Netlist Resource(s)
  -------------------------------------------------------------------    -------------------
                         (clock sys_clk_pin rise edge)
                                                      0.000     0.000 r  
    E3                                                0.000     0.000 r  clk (IN)
                         net (fo=0)                   0.000     0.000    clk
    E3                   IBUF (Prop_ibuf_I_O)         0.250     0.250 r  clk_IBUF_inst/O
                         net (fo=1, routed)           0.644     0.894    clk_IBUF
    BUFGCTRL_X0Y16       BUFG (Prop_bufg_I_O)         0.026     0.920 r  clk_IBUF_BUFG_inst/O
                         net (fo=272, routed)         0.603     1.522    collector_inst/CLK
    SLICE_X0Y91          FDRE                                         r  collector_inst/mem_reg[1][3]/C
  -------------------------------------------------------------------    -------------------
    SLICE_X0Y91          FDRE (Prop_fdre_C_Q)         0.141     1.663 r  collector_inst/mem_reg[1][3]/Q
                         net (fo=1, routed)           0.102     1.765    sorter_inst/collected_data[11]
    SLICE_X2Y91          LUT6 (Prop_lut6_I0_O)        0.045     1.810 r  sorter_inst/data[1][3]_i_1/O
                         net (fo=1, routed)           0.000     1.810    sorter_inst/data[1][3]_i_1_n_0
    SLICE_X2Y91          FDRE                                         r  sorter_inst/data_reg[1][3]/D
  -------------------------------------------------------------------    -------------------

                         (clock sys_clk_pin rise edge)
                                                      0.000     0.000 r  
    E3                                                0.000     0.000 r  clk (IN)
                         net (fo=0)                   0.000     0.000    clk
    E3                   IBUF (Prop_ibuf_I_O)         0.438     0.438 r  clk_IBUF_inst/O
                         net (fo=1, routed)           0.699     1.136    clk_IBUF
    BUFGCTRL_X0Y16       BUFG (Prop_bufg_I_O)         0.029     1.165 r  clk_IBUF_BUFG_inst/O
                         net (fo=272, routed)         0.876     2.041    sorter_inst/CLK
    SLICE_X2Y91          FDRE                                         r  sorter_inst/data_reg[1][3]/C
                         clock pessimism             -0.502     1.538    
    SLICE_X2Y91          FDRE (Hold_fdre_C_D)         0.121     1.659    sorter_inst/data_reg[1][3]
  -------------------------------------------------------------------
                         required time                         -1.659    
                         arrival time                           1.810    
  -------------------------------------------------------------------
                         slack                                  0.151    





Pulse Width Checks
--------------------------------------------------------------------------------------
Clock Name:         sys_clk_pin
Waveform(ns):       { 0.000 5.000 }
Period(ns):         10.000
Sources:            { clk }

Check Type        Corner  Lib Pin  Reference Pin  Required(ns)  Actual(ns)  Slack(ns)  Location        Pin
Min Period        n/a     BUFG/I   n/a            2.155         10.000      7.845      BUFGCTRL_X0Y16  clk_IBUF_BUFG_inst/I
Min Period        n/a     FDRE/C   n/a            1.000         10.000      9.000      SLICE_X2Y94     display_digits_reg[0]/C
Min Period        n/a     FDRE/C   n/a            1.000         10.000      9.000      SLICE_X3Y94     display_digits_reg[12]/C
Min Period        n/a     FDRE/C   n/a            1.000         10.000      9.000      SLICE_X4Y94     display_digits_reg[13]/C
Min Period        n/a     FDRE/C   n/a            1.000         10.000      9.000      SLICE_X3Y94     display_digits_reg[14]/C
Min Period        n/a     FDRE/C   n/a            1.000         10.000      9.000      SLICE_X4Y94     display_digits_reg[15]/C
Min Period        n/a     FDRE/C   n/a            1.000         10.000      9.000      SLICE_X4Y98     display_digits_reg[16]/C
Min Period        n/a     FDRE/C   n/a            1.000         10.000      9.000      SLICE_X4Y98     display_digits_reg[17]/C
Min Period        n/a     FDRE/C   n/a            1.000         10.000      9.000      SLICE_X4Y95     display_digits_reg[18]/C
Min Period        n/a     FDRE/C   n/a            1.000         10.000      9.000      SLICE_X3Y97     display_digits_reg[19]/C
Low Pulse Width   Slow    FDRE/C   n/a            0.500         5.000       4.500      SLICE_X2Y94     display_digits_reg[0]/C
Low Pulse Width   Fast    FDRE/C   n/a            0.500         5.000       4.500      SLICE_X2Y94     display_digits_reg[0]/C
Low Pulse Width   Slow    FDRE/C   n/a            0.500         5.000       4.500      SLICE_X3Y94     display_digits_reg[12]/C
Low Pulse Width   Fast    FDRE/C   n/a            0.500         5.000       4.500      SLICE_X3Y94     display_digits_reg[12]/C
Low Pulse Width   Slow    FDRE/C   n/a            0.500         5.000       4.500      SLICE_X4Y94     display_digits_reg[13]/C
Low Pulse Width   Fast    FDRE/C   n/a            0.500         5.000       4.500      SLICE_X4Y94     display_digits_reg[13]/C
Low Pulse Width   Slow    FDRE/C   n/a            0.500         5.000       4.500      SLICE_X3Y94     display_digits_reg[14]/C
Low Pulse Width   Fast    FDRE/C   n/a            0.500         5.000       4.500      SLICE_X3Y94     display_digits_reg[14]/C
Low Pulse Width   Slow    FDRE/C   n/a            0.500         5.000       4.500      SLICE_X4Y94     display_digits_reg[15]/C
Low Pulse Width   Fast    FDRE/C   n/a            0.500         5.000       4.500      SLICE_X4Y94     display_digits_reg[15]/C
High Pulse Width  Slow    FDRE/C   n/a            0.500         5.000       4.500      SLICE_X2Y94     display_digits_reg[0]/C
High Pulse Width  Fast    FDRE/C   n/a            0.500         5.000       4.500      SLICE_X2Y94     display_digits_reg[0]/C
High Pulse Width  Slow    FDRE/C   n/a            0.500         5.000       4.500      SLICE_X3Y94     display_digits_reg[12]/C
High Pulse Width  Fast    FDRE/C   n/a            0.500         5.000       4.500      SLICE_X3Y94     display_digits_reg[12]/C
High Pulse Width  Slow    FDRE/C   n/a            0.500         5.000       4.500      SLICE_X4Y94     display_digits_reg[13]/C
High Pulse Width  Fast    FDRE/C   n/a            0.500         5.000       4.500      SLICE_X4Y94     display_digits_reg[13]/C
High Pulse Width  Slow    FDRE/C   n/a            0.500         5.000       4.500      SLICE_X3Y94     display_digits_reg[14]/C
High Pulse Width  Fast    FDRE/C   n/a            0.500         5.000       4.500      SLICE_X3Y94     display_digits_reg[14]/C
High Pulse Width  Slow    FDRE/C   n/a            0.500         5.000       4.500      SLICE_X4Y94     display_digits_reg[15]/C
High Pulse Width  Fast    FDRE/C   n/a            0.500         5.000       4.500      SLICE_X4Y94     display_digits_reg[15]/C



--------------------------------------------------------------------------------------
Path Group:  (none)
From Clock:  sys_clk_pin
  To Clock:  

Max Delay            15 Endpoints
Min Delay            15 Endpoints
--------------------------------------------------------------------------------------


Max Delay Paths
--------------------------------------------------------------------------------------
Slack:                    inf
  Source:                 display_digits_reg[5]/C
                            (rising edge-triggered cell FDRE clocked by sys_clk_pin  {rise@0.000ns fall@5.000ns period=10.000ns})
  Destination:            seg[7]
                            (output port)
  Path Group:             (none)
  Path Type:              Max at Slow Process Corner
  Data Path Delay:        10.187ns  (logic 4.955ns (48.640%)  route 5.232ns (51.360%))
  Logic Levels:           4  (LUT4=1 LUT6=1 MUXF7=1 OBUF=1)
  Clock Uncertainty:      0.025ns  ((TSJ^2 + TIJ^2)^1/2 + DJ) / 2 + PE
    Total System Jitter     (TSJ):    0.050ns
    Total Input Jitter      (TIJ):    0.000ns
    Discrete Jitter          (DJ):    0.000ns
    Phase Error              (PE):    0.000ns

    Location             Delay type                Incr(ns)  Path(ns)    Netlist Resource(s)
  -------------------------------------------------------------------    -------------------
                         (clock sys_clk_pin rise edge)
                                                      0.000     0.000 r  
    E3                                                0.000     0.000 r  clk (IN)
                         net (fo=0)                   0.000     0.000    clk
    E3                   IBUF (Prop_ibuf_I_O)         1.482     1.482 r  clk_IBUF_inst/O
                         net (fo=1, routed)           2.025     3.506    clk_IBUF
    BUFGCTRL_X0Y16       BUFG (Prop_bufg_I_O)         0.096     3.602 r  clk_IBUF_BUFG_inst/O
                         net (fo=272, routed)         1.725     5.328    clk_IBUF_BUFG
    SLICE_X2Y95          FDRE                                         r  display_digits_reg[5]/C
  -------------------------------------------------------------------    -------------------
    SLICE_X2Y95          FDRE (Prop_fdre_C_Q)         0.518     5.846 r  display_digits_reg[5]/Q
                         net (fo=1, routed)           1.049     6.894    display_inst/Q[5]
    SLICE_X2Y95          LUT6 (Prop_lut6_I3_O)        0.124     7.018 r  display_inst/seg_OBUF[7]_inst_i_12/O
                         net (fo=1, routed)           0.000     7.018    display_inst/seg_OBUF[7]_inst_i_12_n_0
    SLICE_X2Y95          MUXF7 (Prop_muxf7_I0_O)      0.209     7.227 r  display_inst/seg_OBUF[7]_inst_i_5/O
                         net (fo=7, routed)           1.207     8.434    display_inst/seg_OBUF[7]_inst_i_5_n_0
    SLICE_X0Y91          LUT4 (Prop_lut4_I3_O)        0.325     8.759 r  display_inst/seg_OBUF[7]_inst_i_1/O
                         net (fo=1, routed)           2.977    11.736    seg_OBUF[7]
    T10                  OBUF (Prop_obuf_I_O)         3.779    15.515 r  seg_OBUF[7]_inst/O
                         net (fo=0)                   0.000    15.515    seg[7]
    T10                                                               r  seg[7] (OUT)
  -------------------------------------------------------------------    -------------------

Slack:                    inf
  Source:                 display_inst/refresh_counter_reg[14]/C
                            (rising edge-triggered cell FDRE clocked by sys_clk_pin  {rise@0.000ns fall@5.000ns period=10.000ns})
  Destination:            seg[6]
                            (output port)
  Path Group:             (none)
  Path Type:              Max at Slow Process Corner
  Data Path Delay:        10.007ns  (logic 4.651ns (46.484%)  route 5.355ns (53.516%))
  Logic Levels:           4  (LUT4=1 LUT5=1 MUXF7=1 OBUF=1)
  Clock Uncertainty:      0.025ns  ((TSJ^2 + TIJ^2)^1/2 + DJ) / 2 + PE
    Total System Jitter     (TSJ):    0.050ns
    Total Input Jitter      (TIJ):    0.000ns
    Discrete Jitter          (DJ):    0.000ns
    Phase Error              (PE):    0.000ns

    Location             Delay type                Incr(ns)  Path(ns)    Netlist Resource(s)
  -------------------------------------------------------------------    -------------------
                         (clock sys_clk_pin rise edge)
                                                      0.000     0.000 r  
    E3                                                0.000     0.000 r  clk (IN)
                         net (fo=0)                   0.000     0.000    clk
    E3                   IBUF (Prop_ibuf_I_O)         1.482     1.482 r  clk_IBUF_inst/O
                         net (fo=1, routed)           2.025     3.506    clk_IBUF
    BUFGCTRL_X0Y16       BUFG (Prop_bufg_I_O)         0.096     3.602 r  clk_IBUF_BUFG_inst/O
                         net (fo=272, routed)         1.726     5.329    display_inst/CLK
    SLICE_X0Y97          FDRE                                         r  display_inst/refresh_counter_reg[14]/C
  -------------------------------------------------------------------    -------------------
    SLICE_X0Y97          FDRE (Prop_fdre_C_Q)         0.456     5.785 r  display_inst/refresh_counter_reg[14]/Q
                         net (fo=17, routed)          1.190     6.975    display_inst/sel0[1]
    SLICE_X4Y95          LUT5 (Prop_lut5_I2_O)        0.124     7.099 r  display_inst/seg_OBUF[7]_inst_i_9/O
                         net (fo=1, routed)           0.000     7.099    display_inst/seg_OBUF[7]_inst_i_9_n_0
    SLICE_X4Y95          MUXF7 (Prop_muxf7_I1_O)      0.217     7.316 r  display_inst/seg_OBUF[7]_inst_i_3/O
                         net (fo=7, routed)           1.048     8.364    display_inst/seg_OBUF[7]_inst_i_3_n_0
    SLICE_X0Y91          LUT4 (Prop_lut4_I1_O)        0.299     8.663 r  display_inst/seg_OBUF[6]_inst_i_1/O
                         net (fo=1, routed)           3.117    11.780    seg_OBUF[6]
    R10                  OBUF (Prop_obuf_I_O)         3.555    15.335 r  seg_OBUF[6]_inst/O
                         net (fo=0)                   0.000    15.335    seg[6]
    R10                                                               r  seg[6] (OUT)
  -------------------------------------------------------------------    -------------------

Slack:                    inf
  Source:                 display_inst/refresh_counter_reg[15]/C
                            (rising edge-triggered cell FDRE clocked by sys_clk_pin  {rise@0.000ns fall@5.000ns period=10.000ns})
  Destination:            an[6]
                            (output port)
  Path Group:             (none)
  Path Type:              Max at Slow Process Corner
  Data Path Delay:        9.864ns  (logic 4.326ns (43.852%)  route 5.538ns (56.148%))
  Logic Levels:           2  (LUT3=1 OBUF=1)
  Clock Uncertainty:      0.025ns  ((TSJ^2 + TIJ^2)^1/2 + DJ) / 2 + PE
    Total System Jitter     (TSJ):    0.050ns
    Total Input Jitter      (TIJ):    0.000ns
    Discrete Jitter          (DJ):    0.000ns
    Phase Error              (PE):    0.000ns

    Location             Delay type                Incr(ns)  Path(ns)    Netlist Resource(s)
  -------------------------------------------------------------------    -------------------
                         (clock sys_clk_pin rise edge)
                                                      0.000     0.000 r  
    E3                                                0.000     0.000 r  clk (IN)
                         net (fo=0)                   0.000     0.000    clk
    E3                   IBUF (Prop_ibuf_I_O)         1.482     1.482 r  clk_IBUF_inst/O
                         net (fo=1, routed)           2.025     3.506    clk_IBUF
    BUFGCTRL_X0Y16       BUFG (Prop_bufg_I_O)         0.096     3.602 r  clk_IBUF_BUFG_inst/O
                         net (fo=272, routed)         1.726     5.329    display_inst/CLK
    SLICE_X0Y97          FDRE                                         r  display_inst/refresh_counter_reg[15]/C
  -------------------------------------------------------------------    -------------------
    SLICE_X0Y97          FDRE (Prop_fdre_C_Q)         0.456     5.785 f  display_inst/refresh_counter_reg[15]/Q
                         net (fo=13, routed)          1.147     6.932    display_inst/sel0[2]
    SLICE_X2Y96          LUT3 (Prop_lut3_I2_O)        0.148     7.080 r  display_inst/an_OBUF[6]_inst_i_1/O
                         net (fo=1, routed)           4.391    11.471    an_OBUF[6]
    K2                   OBUF (Prop_obuf_I_O)         3.722    15.193 r  an_OBUF[6]_inst/O
                         net (fo=0)                   0.000    15.193    an[6]
    K2                                                                r  an[6] (OUT)
  -------------------------------------------------------------------    -------------------

Slack:                    inf
  Source:                 display_digits_reg[5]/C
                            (rising edge-triggered cell FDRE clocked by sys_clk_pin  {rise@0.000ns fall@5.000ns period=10.000ns})
  Destination:            seg[2]
                            (output port)
  Path Group:             (none)
  Path Type:              Max at Slow Process Corner
  Data Path Delay:        9.699ns  (logic 4.709ns (48.550%)  route 4.990ns (51.450%))
  Logic Levels:           4  (LUT4=1 LUT6=1 MUXF7=1 OBUF=1)
  Clock Uncertainty:      0.025ns  ((TSJ^2 + TIJ^2)^1/2 + DJ) / 2 + PE
    Total System Jitter     (TSJ):    0.050ns
    Total Input Jitter      (TIJ):    0.000ns
    Discrete Jitter          (DJ):    0.000ns
    Phase Error              (PE):    0.000ns

    Location             Delay type                Incr(ns)  Path(ns)    Netlist Resource(s)
  -------------------------------------------------------------------    -------------------
                         (clock sys_clk_pin rise edge)
                                                      0.000     0.000 r  
    E3                                                0.000     0.000 r  clk (IN)
                         net (fo=0)                   0.000     0.000    clk
    E3                   IBUF (Prop_ibuf_I_O)         1.482     1.482 r  clk_IBUF_inst/O
                         net (fo=1, routed)           2.025     3.506    clk_IBUF
    BUFGCTRL_X0Y16       BUFG (Prop_bufg_I_O)         0.096     3.602 r  clk_IBUF_BUFG_inst/O
                         net (fo=272, routed)         1.725     5.328    clk_IBUF_BUFG
    SLICE_X2Y95          FDRE                                         r  display_digits_reg[5]/C
  -------------------------------------------------------------------    -------------------
    SLICE_X2Y95          FDRE (Prop_fdre_C_Q)         0.518     5.846 r  display_digits_reg[5]/Q
                         net (fo=1, routed)           1.049     6.894    display_inst/Q[5]
    SLICE_X2Y95          LUT6 (Prop_lut6_I3_O)        0.124     7.018 r  display_inst/seg_OBUF[7]_inst_i_12/O
                         net (fo=1, routed)           0.000     7.018    display_inst/seg_OBUF[7]_inst_i_12_n_0
    SLICE_X2Y95          MUXF7 (Prop_muxf7_I0_O)      0.209     7.227 r  display_inst/seg_OBUF[7]_inst_i_5/O
                         net (fo=7, routed)           1.207     8.434    display_inst/seg_OBUF[7]_inst_i_5_n_0
    SLICE_X0Y91          LUT4 (Prop_lut4_I3_O)        0.297     8.731 r  display_inst/seg_OBUF[2]_inst_i_1/O
                         net (fo=1, routed)           2.735    11.466    seg_OBUF[2]
    T11                  OBUF (Prop_obuf_I_O)         3.561    15.026 r  seg_OBUF[2]_inst/O
                         net (fo=0)                   0.000    15.026    seg[2]
    T11                                                               r  seg[2] (OUT)
  -------------------------------------------------------------------    -------------------

Slack:                    inf
  Source:                 display_inst/refresh_counter_reg[14]/C
                            (rising edge-triggered cell FDRE clocked by sys_clk_pin  {rise@0.000ns fall@5.000ns period=10.000ns})
  Destination:            seg[4]
                            (output port)
  Path Group:             (none)
  Path Type:              Max at Slow Process Corner
  Data Path Delay:        9.388ns  (logic 4.646ns (49.492%)  route 4.742ns (50.508%))
  Logic Levels:           4  (LUT4=1 LUT5=1 MUXF7=1 OBUF=1)
  Clock Uncertainty:      0.025ns  ((TSJ^2 + TIJ^2)^1/2 + DJ) / 2 + PE
    Total System Jitter     (TSJ):    0.050ns
    Total Input Jitter      (TIJ):    0.000ns
    Discrete Jitter          (DJ):    0.000ns
    Phase Error              (PE):    0.000ns

    Location             Delay type                Incr(ns)  Path(ns)    Netlist Resource(s)
  -------------------------------------------------------------------    -------------------
                         (clock sys_clk_pin rise edge)
                                                      0.000     0.000 r  
    E3                                                0.000     0.000 r  clk (IN)
                         net (fo=0)                   0.000     0.000    clk
    E3                   IBUF (Prop_ibuf_I_O)         1.482     1.482 r  clk_IBUF_inst/O
                         net (fo=1, routed)           2.025     3.506    clk_IBUF
    BUFGCTRL_X0Y16       BUFG (Prop_bufg_I_O)         0.096     3.602 r  clk_IBUF_BUFG_inst/O
                         net (fo=272, routed)         1.726     5.329    display_inst/CLK
    SLICE_X0Y97          FDRE                                         r  display_inst/refresh_counter_reg[14]/C
  -------------------------------------------------------------------    -------------------
    SLICE_X0Y97          FDRE (Prop_fdre_C_Q)         0.456     5.785 r  display_inst/refresh_counter_reg[14]/Q
                         net (fo=17, routed)          1.048     6.833    display_inst/sel0[1]
    SLICE_X3Y96          LUT5 (Prop_lut5_I2_O)        0.124     6.957 r  display_inst/seg_OBUF[7]_inst_i_7/O
                         net (fo=1, routed)           0.000     6.957    display_inst/seg_OBUF[7]_inst_i_7_n_0
    SLICE_X3Y96          MUXF7 (Prop_muxf7_I1_O)      0.217     7.174 r  display_inst/seg_OBUF[7]_inst_i_2/O
                         net (fo=7, routed)           1.191     8.365    display_inst/seg_OBUF[7]_inst_i_2_n_0
    SLICE_X0Y91          LUT4 (Prop_lut4_I0_O)        0.299     8.664 r  display_inst/seg_OBUF[4]_inst_i_1/O
                         net (fo=1, routed)           2.502    11.166    seg_OBUF[4]
    K13                  OBUF (Prop_obuf_I_O)         3.550    14.717 r  seg_OBUF[4]_inst/O
                         net (fo=0)                   0.000    14.717    seg[4]
    K13                                                               r  seg[4] (OUT)
  -------------------------------------------------------------------    -------------------

Slack:                    inf
  Source:                 display_digits_reg[5]/C
                            (rising edge-triggered cell FDRE clocked by sys_clk_pin  {rise@0.000ns fall@5.000ns period=10.000ns})
  Destination:            seg[5]
                            (output port)
  Path Group:             (none)
  Path Type:              Max at Slow Process Corner
  Data Path Delay:        9.203ns  (logic 4.877ns (52.997%)  route 4.325ns (47.003%))
  Logic Levels:           4  (LUT4=1 LUT6=1 MUXF7=1 OBUF=1)
  Clock Uncertainty:      0.025ns  ((TSJ^2 + TIJ^2)^1/2 + DJ) / 2 + PE
    Total System Jitter     (TSJ):    0.050ns
    Total Input Jitter      (TIJ):    0.000ns
    Discrete Jitter          (DJ):    0.000ns
    Phase Error              (PE):    0.000ns

    Location             Delay type                Incr(ns)  Path(ns)    Netlist Resource(s)
  -------------------------------------------------------------------    -------------------
                         (clock sys_clk_pin rise edge)
                                                      0.000     0.000 r  
    E3                                                0.000     0.000 r  clk (IN)
                         net (fo=0)                   0.000     0.000    clk
    E3                   IBUF (Prop_ibuf_I_O)         1.482     1.482 r  clk_IBUF_inst/O
                         net (fo=1, routed)           2.025     3.506    clk_IBUF
    BUFGCTRL_X0Y16       BUFG (Prop_bufg_I_O)         0.096     3.602 r  clk_IBUF_BUFG_inst/O
                         net (fo=272, routed)         1.725     5.328    clk_IBUF_BUFG
    SLICE_X2Y95          FDRE                                         r  display_digits_reg[5]/C
  -------------------------------------------------------------------    -------------------
    SLICE_X2Y95          FDRE (Prop_fdre_C_Q)         0.518     5.846 r  display_digits_reg[5]/Q
                         net (fo=1, routed)           1.049     6.894    display_inst/Q[5]
    SLICE_X2Y95          LUT6 (Prop_lut6_I3_O)        0.124     7.018 r  display_inst/seg_OBUF[7]_inst_i_12/O
                         net (fo=1, routed)           0.000     7.018    display_inst/seg_OBUF[7]_inst_i_12_n_0
    SLICE_X2Y95          MUXF7 (Prop_muxf7_I0_O)      0.209     7.227 r  display_inst/seg_OBUF[7]_inst_i_5/O
                         net (fo=7, routed)           1.199     8.427    display_inst/seg_OBUF[7]_inst_i_5_n_0
    SLICE_X0Y91          LUT4 (Prop_lut4_I2_O)        0.325     8.752 r  display_inst/seg_OBUF[5]_inst_i_1/O
                         net (fo=1, routed)           2.078    10.829    seg_OBUF[5]
    K16                  OBUF (Prop_obuf_I_O)         3.701    14.530 r  seg_OBUF[5]_inst/O
                         net (fo=0)                   0.000    14.530    seg[5]
    K16                                                               r  seg[5] (OUT)
  -------------------------------------------------------------------    -------------------

Slack:                    inf
  Source:                 display_digits_reg[5]/C
                            (rising edge-triggered cell FDRE clocked by sys_clk_pin  {rise@0.000ns fall@5.000ns period=10.000ns})
  Destination:            seg[3]
                            (output port)
  Path Group:             (none)
  Path Type:              Max at Slow Process Corner
  Data Path Delay:        9.080ns  (logic 4.682ns (51.558%)  route 4.399ns (48.442%))
  Logic Levels:           4  (LUT4=1 LUT6=1 MUXF7=1 OBUF=1)
  Clock Uncertainty:      0.025ns  ((TSJ^2 + TIJ^2)^1/2 + DJ) / 2 + PE
    Total System Jitter     (TSJ):    0.050ns
    Total Input Jitter      (TIJ):    0.000ns
    Discrete Jitter          (DJ):    0.000ns
    Phase Error              (PE):    0.000ns

    Location             Delay type                Incr(ns)  Path(ns)    Netlist Resource(s)
  -------------------------------------------------------------------    -------------------
                         (clock sys_clk_pin rise edge)
                                                      0.000     0.000 r  
    E3                                                0.000     0.000 r  clk (IN)
                         net (fo=0)                   0.000     0.000    clk
    E3                   IBUF (Prop_ibuf_I_O)         1.482     1.482 r  clk_IBUF_inst/O
                         net (fo=1, routed)           2.025     3.506    clk_IBUF
    BUFGCTRL_X0Y16       BUFG (Prop_bufg_I_O)         0.096     3.602 r  clk_IBUF_BUFG_inst/O
                         net (fo=272, routed)         1.725     5.328    clk_IBUF_BUFG
    SLICE_X2Y95          FDRE                                         r  display_digits_reg[5]/C
  -------------------------------------------------------------------    -------------------
    SLICE_X2Y95          FDRE (Prop_fdre_C_Q)         0.518     5.846 r  display_digits_reg[5]/Q
                         net (fo=1, routed)           1.049     6.894    display_inst/Q[5]
    SLICE_X2Y95          LUT6 (Prop_lut6_I3_O)        0.124     7.018 r  display_inst/seg_OBUF[7]_inst_i_12/O
                         net (fo=1, routed)           0.000     7.018    display_inst/seg_OBUF[7]_inst_i_12_n_0
    SLICE_X2Y95          MUXF7 (Prop_muxf7_I0_O)      0.209     7.227 r  display_inst/seg_OBUF[7]_inst_i_5/O
                         net (fo=7, routed)           1.199     8.427    display_inst/seg_OBUF[7]_inst_i_5_n_0
    SLICE_X0Y91          LUT4 (Prop_lut4_I1_O)        0.297     8.724 r  display_inst/seg_OBUF[3]_inst_i_1/O
                         net (fo=1, routed)           2.151    10.874    seg_OBUF[3]
    P15                  OBUF (Prop_obuf_I_O)         3.534    14.408 r  seg_OBUF[3]_inst/O
                         net (fo=0)                   0.000    14.408    seg[3]
    P15                                                               r  seg[3] (OUT)
  -------------------------------------------------------------------    -------------------

Slack:                    inf
  Source:                 display_inst/refresh_counter_reg[14]/C
                            (rising edge-triggered cell FDRE clocked by sys_clk_pin  {rise@0.000ns fall@5.000ns period=10.000ns})
  Destination:            seg[1]
                            (output port)
  Path Group:             (none)
  Path Type:              Max at Slow Process Corner
  Data Path Delay:        8.778ns  (logic 4.866ns (55.439%)  route 3.911ns (44.561%))
  Logic Levels:           4  (LUT4=1 LUT5=1 MUXF7=1 OBUF=1)
  Clock Uncertainty:      0.025ns  ((TSJ^2 + TIJ^2)^1/2 + DJ) / 2 + PE
    Total System Jitter     (TSJ):    0.050ns
    Total Input Jitter      (TIJ):    0.000ns
    Discrete Jitter          (DJ):    0.000ns
    Phase Error              (PE):    0.000ns

    Location             Delay type                Incr(ns)  Path(ns)    Netlist Resource(s)
  -------------------------------------------------------------------    -------------------
                         (clock sys_clk_pin rise edge)
                                                      0.000     0.000 r  
    E3                                                0.000     0.000 r  clk (IN)
                         net (fo=0)                   0.000     0.000    clk
    E3                   IBUF (Prop_ibuf_I_O)         1.482     1.482 r  clk_IBUF_inst/O
                         net (fo=1, routed)           2.025     3.506    clk_IBUF
    BUFGCTRL_X0Y16       BUFG (Prop_bufg_I_O)         0.096     3.602 r  clk_IBUF_BUFG_inst/O
                         net (fo=272, routed)         1.726     5.329    display_inst/CLK
    SLICE_X0Y97          FDRE                                         r  display_inst/refresh_counter_reg[14]/C
  -------------------------------------------------------------------    -------------------
    SLICE_X0Y97          FDRE (Prop_fdre_C_Q)         0.456     5.785 r  display_inst/refresh_counter_reg[14]/Q
                         net (fo=17, routed)          1.048     6.833    display_inst/sel0[1]
    SLICE_X3Y96          LUT5 (Prop_lut5_I2_O)        0.124     6.957 r  display_inst/seg_OBUF[7]_inst_i_7/O
                         net (fo=1, routed)           0.000     6.957    display_inst/seg_OBUF[7]_inst_i_7_n_0
    SLICE_X3Y96          MUXF7 (Prop_muxf7_I1_O)      0.217     7.174 r  display_inst/seg_OBUF[7]_inst_i_2/O
                         net (fo=7, routed)           1.191     8.365    display_inst/seg_OBUF[7]_inst_i_2_n_0
    SLICE_X0Y91          LUT4 (Prop_lut4_I0_O)        0.329     8.694 r  display_inst/seg_OBUF[1]_inst_i_1/O
                         net (fo=1, routed)           1.672    10.366    seg_OBUF[1]
    L18                  OBUF (Prop_obuf_I_O)         3.740    14.106 r  seg_OBUF[1]_inst/O
                         net (fo=0)                   0.000    14.106    seg[1]
    L18                                                               r  seg[1] (OUT)
  -------------------------------------------------------------------    -------------------

Slack:                    inf
  Source:                 display_inst/refresh_counter_reg[15]/C
                            (rising edge-triggered cell FDRE clocked by sys_clk_pin  {rise@0.000ns fall@5.000ns period=10.000ns})
  Destination:            an[7]
                            (output port)
  Path Group:             (none)
  Path Type:              Max at Slow Process Corner
  Data Path Delay:        8.551ns  (logic 4.367ns (51.072%)  route 4.184ns (48.928%))
  Logic Levels:           2  (LUT3=1 OBUF=1)
  Clock Uncertainty:      0.025ns  ((TSJ^2 + TIJ^2)^1/2 + DJ) / 2 + PE
    Total System Jitter     (TSJ):    0.050ns
    Total Input Jitter      (TIJ):    0.000ns
    Discrete Jitter          (DJ):    0.000ns
    Phase Error              (PE):    0.000ns

    Location             Delay type                Incr(ns)  Path(ns)    Netlist Resource(s)
  -------------------------------------------------------------------    -------------------
                         (clock sys_clk_pin rise edge)
                                                      0.000     0.000 r  
    E3                                                0.000     0.000 r  clk (IN)
                         net (fo=0)                   0.000     0.000    clk
    E3                   IBUF (Prop_ibuf_I_O)         1.482     1.482 r  clk_IBUF_inst/O
                         net (fo=1, routed)           2.025     3.506    clk_IBUF
    BUFGCTRL_X0Y16       BUFG (Prop_bufg_I_O)         0.096     3.602 r  clk_IBUF_BUFG_inst/O
                         net (fo=272, routed)         1.726     5.329    display_inst/CLK
    SLICE_X0Y97          FDRE                                         r  display_inst/refresh_counter_reg[15]/C
  -------------------------------------------------------------------    -------------------
    SLICE_X0Y97          FDRE (Prop_fdre_C_Q)         0.456     5.785 f  display_inst/refresh_counter_reg[15]/Q
                         net (fo=13, routed)          1.046     6.830    display_inst/sel0[2]
    SLICE_X1Y95          LUT3 (Prop_lut3_I2_O)        0.150     6.980 r  display_inst/an_OBUF[7]_inst_i_1/O
                         net (fo=1, routed)           3.138    10.119    an_OBUF[7]
    U13                  OBUF (Prop_obuf_I_O)         3.761    13.880 r  an_OBUF[7]_inst/O
                         net (fo=0)                   0.000    13.880    an[7]
    U13                                                               r  an[7] (OUT)
  -------------------------------------------------------------------    -------------------

Slack:                    inf
  Source:                 display_inst/refresh_counter_reg[15]/C
                            (rising edge-triggered cell FDRE clocked by sys_clk_pin  {rise@0.000ns fall@5.000ns period=10.000ns})
  Destination:            an[2]
                            (output port)
  Path Group:             (none)
  Path Type:              Max at Slow Process Corner
  Data Path Delay:        8.358ns  (logic 4.154ns (49.708%)  route 4.203ns (50.292%))
  Logic Levels:           2  (LUT3=1 OBUF=1)
  Clock Uncertainty:      0.025ns  ((TSJ^2 + TIJ^2)^1/2 + DJ) / 2 + PE
    Total System Jitter     (TSJ):    0.050ns
    Total Input Jitter      (TIJ):    0.000ns
    Discrete Jitter          (DJ):    0.000ns
    Phase Error              (PE):    0.000ns

    Location             Delay type                Incr(ns)  Path(ns)    Netlist Resource(s)
  -------------------------------------------------------------------    -------------------
                         (clock sys_clk_pin rise edge)
                                                      0.000     0.000 r  
    E3                                                0.000     0.000 r  clk (IN)
                         net (fo=0)                   0.000     0.000    clk
    E3                   IBUF (Prop_ibuf_I_O)         1.482     1.482 r  clk_IBUF_inst/O
                         net (fo=1, routed)           2.025     3.506    clk_IBUF
    BUFGCTRL_X0Y16       BUFG (Prop_bufg_I_O)         0.096     3.602 r  clk_IBUF_BUFG_inst/O
                         net (fo=272, routed)         1.726     5.329    display_inst/CLK
    SLICE_X0Y97          FDRE                                         r  display_inst/refresh_counter_reg[15]/C
  -------------------------------------------------------------------    -------------------
    SLICE_X0Y97          FDRE (Prop_fdre_C_Q)         0.456     5.785 r  display_inst/refresh_counter_reg[15]/Q
                         net (fo=13, routed)          1.147     6.932    display_inst/sel0[2]
    SLICE_X2Y96          LUT3 (Prop_lut3_I0_O)        0.124     7.056 r  display_inst/an_OBUF[2]_inst_i_1/O
                         net (fo=1, routed)           3.056    10.112    an_OBUF[2]
    T9                   OBUF (Prop_obuf_I_O)         3.574    13.686 r  an_OBUF[2]_inst/O
                         net (fo=0)                   0.000    13.686    an[2]
    T9                                                                r  an[2] (OUT)
  -------------------------------------------------------------------    -------------------





Min Delay Paths
--------------------------------------------------------------------------------------
Slack:                    inf
  Source:                 display_inst/refresh_counter_reg[13]/C
                            (rising edge-triggered cell FDRE clocked by sys_clk_pin  {rise@0.000ns fall@5.000ns period=10.000ns})
  Destination:            an[1]
                            (output port)
  Path Group:             (none)
  Path Type:              Min at Fast Process Corner
  Data Path Delay:        2.184ns  (logic 1.422ns (65.126%)  route 0.762ns (34.874%))
  Logic Levels:           2  (LUT3=1 OBUF=1)
  Clock Uncertainty:      0.025ns  ((TSJ^2 + TIJ^2)^1/2 + DJ) / 2 + PE
    Total System Jitter     (TSJ):    0.050ns
    Total Input Jitter      (TIJ):    0.000ns
    Discrete Jitter          (DJ):    0.000ns
    Phase Error              (PE):    0.000ns

    Location             Delay type                Incr(ns)  Path(ns)    Netlist Resource(s)
  -------------------------------------------------------------------    -------------------
                         (clock sys_clk_pin rise edge)
                                                      0.000     0.000 r  
    E3                                                0.000     0.000 r  clk (IN)
                         net (fo=0)                   0.000     0.000    clk
    E3                   IBUF (Prop_ibuf_I_O)         0.250     0.250 r  clk_IBUF_inst/O
                         net (fo=1, routed)           0.644     0.894    clk_IBUF
    BUFGCTRL_X0Y16       BUFG (Prop_bufg_I_O)         0.026     0.920 r  clk_IBUF_BUFG_inst/O
                         net (fo=272, routed)         0.605     1.524    display_inst/CLK
    SLICE_X0Y97          FDRE                                         r  display_inst/refresh_counter_reg[13]/C
  -------------------------------------------------------------------    -------------------
    SLICE_X0Y97          FDRE (Prop_fdre_C_Q)         0.141     1.665 f  display_inst/refresh_counter_reg[13]/Q
                         net (fo=17, routed)          0.335     2.000    display_inst/sel0[0]
    SLICE_X1Y95          LUT3 (Prop_lut3_I1_O)        0.045     2.045 r  display_inst/an_OBUF[1]_inst_i_1/O
                         net (fo=1, routed)           0.427     2.472    an_OBUF[1]
    J18                  OBUF (Prop_obuf_I_O)         1.236     3.708 r  an_OBUF[1]_inst/O
                         net (fo=0)                   0.000     3.708    an[1]
    J18                                                               r  an[1] (OUT)
  -------------------------------------------------------------------    -------------------

Slack:                    inf
  Source:                 display_inst/refresh_counter_reg[14]/C
                            (rising edge-triggered cell FDRE clocked by sys_clk_pin  {rise@0.000ns fall@5.000ns period=10.000ns})
  Destination:            an[0]
                            (output port)
  Path Group:             (none)
  Path Type:              Min at Fast Process Corner
  Data Path Delay:        2.218ns  (logic 1.487ns (67.070%)  route 0.730ns (32.930%))
  Logic Levels:           2  (LUT3=1 OBUF=1)
  Clock Uncertainty:      0.025ns  ((TSJ^2 + TIJ^2)^1/2 + DJ) / 2 + PE
    Total System Jitter     (TSJ):    0.050ns
    Total Input Jitter      (TIJ):    0.000ns
    Discrete Jitter          (DJ):    0.000ns
    Phase Error              (PE):    0.000ns

    Location             Delay type                Incr(ns)  Path(ns)    Netlist Resource(s)
  -------------------------------------------------------------------    -------------------
                         (clock sys_clk_pin rise edge)
                                                      0.000     0.000 r  
    E3                                                0.000     0.000 r  clk (IN)
                         net (fo=0)                   0.000     0.000    clk
    E3                   IBUF (Prop_ibuf_I_O)         0.250     0.250 r  clk_IBUF_inst/O
                         net (fo=1, routed)           0.644     0.894    clk_IBUF
    BUFGCTRL_X0Y16       BUFG (Prop_bufg_I_O)         0.026     0.920 r  clk_IBUF_BUFG_inst/O
                         net (fo=272, routed)         0.605     1.524    display_inst/CLK
    SLICE_X0Y97          FDRE                                         r  display_inst/refresh_counter_reg[14]/C
  -------------------------------------------------------------------    -------------------
    SLICE_X0Y97          FDRE (Prop_fdre_C_Q)         0.141     1.665 r  display_inst/refresh_counter_reg[14]/Q
                         net (fo=17, routed)          0.284     1.949    display_inst/sel0[1]
    SLICE_X1Y95          LUT3 (Prop_lut3_I2_O)        0.045     1.994 r  display_inst/an_OBUF[0]_inst_i_1/O
                         net (fo=1, routed)           0.446     2.441    an_OBUF[0]
    J17                  OBUF (Prop_obuf_I_O)         1.301     3.742 r  an_OBUF[0]_inst/O
                         net (fo=0)                   0.000     3.742    an[0]
    J17                                                               r  an[0] (OUT)
  -------------------------------------------------------------------    -------------------

Slack:                    inf
  Source:                 display_inst/refresh_counter_reg[14]/C
                            (rising edge-triggered cell FDRE clocked by sys_clk_pin  {rise@0.000ns fall@5.000ns period=10.000ns})
  Destination:            an[4]
                            (output port)
  Path Group:             (none)
  Path Type:              Min at Fast Process Corner
  Data Path Delay:        2.222ns  (logic 1.437ns (64.659%)  route 0.785ns (35.341%))
  Logic Levels:           2  (LUT3=1 OBUF=1)
  Clock Uncertainty:      0.025ns  ((TSJ^2 + TIJ^2)^1/2 + DJ) / 2 + PE
    Total System Jitter     (TSJ):    0.050ns
    Total Input Jitter      (TIJ):    0.000ns
    Discrete Jitter          (DJ):    0.000ns
    Phase Error              (PE):    0.000ns

    Location             Delay type                Incr(ns)  Path(ns)    Netlist Resource(s)
  -------------------------------------------------------------------    -------------------
                         (clock sys_clk_pin rise edge)
                                                      0.000     0.000 r  
    E3                                                0.000     0.000 r  clk (IN)
                         net (fo=0)                   0.000     0.000    clk
    E3                   IBUF (Prop_ibuf_I_O)         0.250     0.250 r  clk_IBUF_inst/O
                         net (fo=1, routed)           0.644     0.894    clk_IBUF
    BUFGCTRL_X0Y16       BUFG (Prop_bufg_I_O)         0.026     0.920 r  clk_IBUF_BUFG_inst/O
                         net (fo=272, routed)         0.605     1.524    display_inst/CLK
    SLICE_X0Y97          FDRE                                         r  display_inst/refresh_counter_reg[14]/C
  -------------------------------------------------------------------    -------------------
    SLICE_X0Y97          FDRE (Prop_fdre_C_Q)         0.141     1.665 r  display_inst/refresh_counter_reg[14]/Q
                         net (fo=17, routed)          0.284     1.949    display_inst/sel0[1]
    SLICE_X1Y95          LUT3 (Prop_lut3_I1_O)        0.045     1.994 r  display_inst/an_OBUF[4]_inst_i_1/O
                         net (fo=1, routed)           0.501     2.496    an_OBUF[4]
    P14                  OBUF (Prop_obuf_I_O)         1.251     3.746 r  an_OBUF[4]_inst/O
                         net (fo=0)                   0.000     3.746    an[4]
    P14                                                               r  an[4] (OUT)
  -------------------------------------------------------------------    -------------------

Slack:                    inf
  Source:                 display_inst/refresh_counter_reg[13]/C
                            (rising edge-triggered cell FDRE clocked by sys_clk_pin  {rise@0.000ns fall@5.000ns period=10.000ns})
  Destination:            an[3]
                            (output port)
  Path Group:             (none)
  Path Type:              Min at Fast Process Corner
  Data Path Delay:        2.291ns  (logic 1.439ns (62.787%)  route 0.853ns (37.213%))
  Logic Levels:           2  (LUT3=1 OBUF=1)
  Clock Uncertainty:      0.025ns  ((TSJ^2 + TIJ^2)^1/2 + DJ) / 2 + PE
    Total System Jitter     (TSJ):    0.050ns
    Total Input Jitter      (TIJ):    0.000ns
    Discrete Jitter          (DJ):    0.000ns
    Phase Error              (PE):    0.000ns

    Location             Delay type                Incr(ns)  Path(ns)    Netlist Resource(s)
  -------------------------------------------------------------------    -------------------
                         (clock sys_clk_pin rise edge)
                                                      0.000     0.000 r  
    E3                                                0.000     0.000 r  clk (IN)
                         net (fo=0)                   0.000     0.000    clk
    E3                   IBUF (Prop_ibuf_I_O)         0.250     0.250 r  clk_IBUF_inst/O
                         net (fo=1, routed)           0.644     0.894    clk_IBUF
    BUFGCTRL_X0Y16       BUFG (Prop_bufg_I_O)         0.026     0.920 r  clk_IBUF_BUFG_inst/O
                         net (fo=272, routed)         0.605     1.524    display_inst/CLK
    SLICE_X0Y97          FDRE                                         r  display_inst/refresh_counter_reg[13]/C
  -------------------------------------------------------------------    -------------------
    SLICE_X0Y97          FDRE (Prop_fdre_C_Q)         0.141     1.665 f  display_inst/refresh_counter_reg[13]/Q
                         net (fo=17, routed)          0.335     2.000    display_inst/sel0[0]
    SLICE_X1Y95          LUT3 (Prop_lut3_I1_O)        0.045     2.045 r  display_inst/an_OBUF[3]_inst_i_1/O
                         net (fo=1, routed)           0.518     2.563    an_OBUF[3]
    J14                  OBUF (Prop_obuf_I_O)         1.253     3.816 r  an_OBUF[3]_inst/O
                         net (fo=0)                   0.000     3.816    an[3]
    J14                                                               r  an[3] (OUT)
  -------------------------------------------------------------------    -------------------

Slack:                    inf
  Source:                 display_digits_reg[0]/C
                            (rising edge-triggered cell FDRE clocked by sys_clk_pin  {rise@0.000ns fall@5.000ns period=10.000ns})
  Destination:            seg[1]
                            (output port)
  Path Group:             (none)
  Path Type:              Min at Fast Process Corner
  Data Path Delay:        2.356ns  (logic 1.682ns (71.402%)  route 0.674ns (28.598%))
  Logic Levels:           4  (LUT4=1 LUT6=1 MUXF7=1 OBUF=1)
  Clock Uncertainty:      0.025ns  ((TSJ^2 + TIJ^2)^1/2 + DJ) / 2 + PE
    Total System Jitter     (TSJ):    0.050ns
    Total Input Jitter      (TIJ):    0.000ns
    Discrete Jitter          (DJ):    0.000ns
    Phase Error              (PE):    0.000ns

    Location             Delay type                Incr(ns)  Path(ns)    Netlist Resource(s)
  -------------------------------------------------------------------    -------------------
                         (clock sys_clk_pin rise edge)
                                                      0.000     0.000 r  
    E3                                                0.000     0.000 r  clk (IN)
                         net (fo=0)                   0.000     0.000    clk
    E3                   IBUF (Prop_ibuf_I_O)         0.250     0.250 r  clk_IBUF_inst/O
                         net (fo=1, routed)           0.644     0.894    clk_IBUF
    BUFGCTRL_X0Y16       BUFG (Prop_bufg_I_O)         0.026     0.920 r  clk_IBUF_BUFG_inst/O
                         net (fo=272, routed)         0.604     1.523    clk_IBUF_BUFG
    SLICE_X2Y94          FDRE                                         r  display_digits_reg[0]/C
  -------------------------------------------------------------------    -------------------
    SLICE_X2Y94          FDRE (Prop_fdre_C_Q)         0.164     1.687 r  display_digits_reg[0]/Q
                         net (fo=1, routed)           0.083     1.770    display_inst/Q[0]
    SLICE_X3Y94          LUT6 (Prop_lut6_I5_O)        0.045     1.815 r  display_inst/seg_OBUF[7]_inst_i_10/O
                         net (fo=1, routed)           0.000     1.815    display_inst/seg_OBUF[7]_inst_i_10_n_0
    SLICE_X3Y94          MUXF7 (Prop_muxf7_I0_O)      0.062     1.877 r  display_inst/seg_OBUF[7]_inst_i_4/O
                         net (fo=7, routed)           0.268     2.145    display_inst/seg_OBUF[7]_inst_i_4_n_0
    SLICE_X0Y91          LUT4 (Prop_lut4_I1_O)        0.108     2.253 r  display_inst/seg_OBUF[1]_inst_i_1/O
                         net (fo=1, routed)           0.323     2.576    seg_OBUF[1]
    L18                  OBUF (Prop_obuf_I_O)         1.303     3.879 r  seg_OBUF[1]_inst/O
                         net (fo=0)                   0.000     3.879    seg[1]
    L18                                                               r  seg[1] (OUT)
  -------------------------------------------------------------------    -------------------

Slack:                    inf
  Source:                 display_inst/refresh_counter_reg[13]/C
                            (rising edge-triggered cell FDRE clocked by sys_clk_pin  {rise@0.000ns fall@5.000ns period=10.000ns})
  Destination:            an[5]
                            (output port)
  Path Group:             (none)
  Path Type:              Min at Fast Process Corner
  Data Path Delay:        2.554ns  (logic 1.499ns (58.715%)  route 1.054ns (41.285%))
  Logic Levels:           2  (LUT3=1 OBUF=1)
  Clock Uncertainty:      0.025ns  ((TSJ^2 + TIJ^2)^1/2 + DJ) / 2 + PE
    Total System Jitter     (TSJ):    0.050ns
    Total Input Jitter      (TIJ):    0.000ns
    Discrete Jitter          (DJ):    0.000ns
    Phase Error              (PE):    0.000ns

    Location             Delay type                Incr(ns)  Path(ns)    Netlist Resource(s)
  -------------------------------------------------------------------    -------------------
                         (clock sys_clk_pin rise edge)
                                                      0.000     0.000 r  
    E3                                                0.000     0.000 r  clk (IN)
                         net (fo=0)                   0.000     0.000    clk
    E3                   IBUF (Prop_ibuf_I_O)         0.250     0.250 r  clk_IBUF_inst/O
                         net (fo=1, routed)           0.644     0.894    clk_IBUF
    BUFGCTRL_X0Y16       BUFG (Prop_bufg_I_O)         0.026     0.920 r  clk_IBUF_BUFG_inst/O
                         net (fo=272, routed)         0.605     1.524    display_inst/CLK
    SLICE_X0Y97          FDRE                                         r  display_inst/refresh_counter_reg[13]/C
  -------------------------------------------------------------------    -------------------
    SLICE_X0Y97          FDRE (Prop_fdre_C_Q)         0.141     1.665 f  display_inst/refresh_counter_reg[13]/Q
                         net (fo=17, routed)          0.335     2.000    display_inst/sel0[0]
    SLICE_X1Y95          LUT3 (Prop_lut3_I0_O)        0.044     2.044 r  display_inst/an_OBUF[5]_inst_i_1/O
                         net (fo=1, routed)           0.719     2.764    an_OBUF[5]
    T14                  OBUF (Prop_obuf_I_O)         1.314     4.078 r  an_OBUF[5]_inst/O
                         net (fo=0)                   0.000     4.078    an[5]
    T14                                                               r  an[5] (OUT)
  -------------------------------------------------------------------    -------------------

Slack:                    inf
  Source:                 display_digits_reg[14]/C
                            (rising edge-triggered cell FDRE clocked by sys_clk_pin  {rise@0.000ns fall@5.000ns period=10.000ns})
  Destination:            seg[5]
                            (output port)
  Path Group:             (none)
  Path Type:              Min at Fast Process Corner
  Data Path Delay:        2.560ns  (logic 1.621ns (63.343%)  route 0.938ns (36.657%))
  Logic Levels:           4  (LUT4=1 LUT5=1 MUXF7=1 OBUF=1)
  Clock Uncertainty:      0.025ns  ((TSJ^2 + TIJ^2)^1/2 + DJ) / 2 + PE
    Total System Jitter     (TSJ):    0.050ns
    Total Input Jitter      (TIJ):    0.000ns
    Discrete Jitter          (DJ):    0.000ns
    Phase Error              (PE):    0.000ns

    Location             Delay type                Incr(ns)  Path(ns)    Netlist Resource(s)
  -------------------------------------------------------------------    -------------------
                         (clock sys_clk_pin rise edge)
                                                      0.000     0.000 r  
    E3                                                0.000     0.000 r  clk (IN)
                         net (fo=0)                   0.000     0.000    clk
    E3                   IBUF (Prop_ibuf_I_O)         0.250     0.250 r  clk_IBUF_inst/O
                         net (fo=1, routed)           0.644     0.894    clk_IBUF
    BUFGCTRL_X0Y16       BUFG (Prop_bufg_I_O)         0.026     0.920 r  clk_IBUF_BUFG_inst/O
                         net (fo=272, routed)         0.604     1.523    clk_IBUF_BUFG
    SLICE_X3Y94          FDRE                                         r  display_digits_reg[14]/C
  -------------------------------------------------------------------    -------------------
    SLICE_X3Y94          FDRE (Prop_fdre_C_Q)         0.141     1.664 r  display_digits_reg[14]/Q
                         net (fo=1, routed)           0.159     1.823    display_inst/Q[12]
    SLICE_X4Y95          LUT5 (Prop_lut5_I0_O)        0.045     1.868 r  display_inst/seg_OBUF[7]_inst_i_8/O
                         net (fo=1, routed)           0.000     1.868    display_inst/seg_OBUF[7]_inst_i_8_n_0
    SLICE_X4Y95          MUXF7 (Prop_muxf7_I0_O)      0.062     1.930 r  display_inst/seg_OBUF[7]_inst_i_3/O
                         net (fo=7, routed)           0.267     2.197    display_inst/seg_OBUF[7]_inst_i_3_n_0
    SLICE_X0Y91          LUT4 (Prop_lut4_I3_O)        0.112     2.309 r  display_inst/seg_OBUF[5]_inst_i_1/O
                         net (fo=1, routed)           0.513     2.822    seg_OBUF[5]
    K16                  OBUF (Prop_obuf_I_O)         1.261     4.083 r  seg_OBUF[5]_inst/O
                         net (fo=0)                   0.000     4.083    seg[5]
    K16                                                               r  seg[5] (OUT)
  -------------------------------------------------------------------    -------------------

Slack:                    inf
  Source:                 display_digits_reg[14]/C
                            (rising edge-triggered cell FDRE clocked by sys_clk_pin  {rise@0.000ns fall@5.000ns period=10.000ns})
  Destination:            seg[3]
                            (output port)
  Path Group:             (none)
  Path Type:              Min at Fast Process Corner
  Data Path Delay:        2.573ns  (logic 1.590ns (61.816%)  route 0.982ns (38.184%))
  Logic Levels:           4  (LUT4=1 LUT5=1 MUXF7=1 OBUF=1)
  Clock Uncertainty:      0.025ns  ((TSJ^2 + TIJ^2)^1/2 + DJ) / 2 + PE
    Total System Jitter     (TSJ):    0.050ns
    Total Input Jitter      (TIJ):    0.000ns
    Discrete Jitter          (DJ):    0.000ns
    Phase Error              (PE):    0.000ns

    Location             Delay type                Incr(ns)  Path(ns)    Netlist Resource(s)
  -------------------------------------------------------------------    -------------------
                         (clock sys_clk_pin rise edge)
                                                      0.000     0.000 r  
    E3                                                0.000     0.000 r  clk (IN)
                         net (fo=0)                   0.000     0.000    clk
    E3                   IBUF (Prop_ibuf_I_O)         0.250     0.250 r  clk_IBUF_inst/O
                         net (fo=1, routed)           0.644     0.894    clk_IBUF
    BUFGCTRL_X0Y16       BUFG (Prop_bufg_I_O)         0.026     0.920 r  clk_IBUF_BUFG_inst/O
                         net (fo=272, routed)         0.604     1.523    clk_IBUF_BUFG
    SLICE_X3Y94          FDRE                                         r  display_digits_reg[14]/C
  -------------------------------------------------------------------    -------------------
    SLICE_X3Y94          FDRE (Prop_fdre_C_Q)         0.141     1.664 r  display_digits_reg[14]/Q
                         net (fo=1, routed)           0.159     1.823    display_inst/Q[12]
    SLICE_X4Y95          LUT5 (Prop_lut5_I0_O)        0.045     1.868 r  display_inst/seg_OBUF[7]_inst_i_8/O
                         net (fo=1, routed)           0.000     1.868    display_inst/seg_OBUF[7]_inst_i_8_n_0
    SLICE_X4Y95          MUXF7 (Prop_muxf7_I0_O)      0.062     1.930 r  display_inst/seg_OBUF[7]_inst_i_3/O
                         net (fo=7, routed)           0.267     2.197    display_inst/seg_OBUF[7]_inst_i_3_n_0
    SLICE_X0Y91          LUT4 (Prop_lut4_I2_O)        0.108     2.305 r  display_inst/seg_OBUF[3]_inst_i_1/O
                         net (fo=1, routed)           0.557     2.862    seg_OBUF[3]
    P15                  OBUF (Prop_obuf_I_O)         1.234     4.096 r  seg_OBUF[3]_inst/O
                         net (fo=0)                   0.000     4.096    seg[3]
    P15                                                               r  seg[3] (OUT)
  -------------------------------------------------------------------    -------------------

Slack:                    inf
  Source:                 display_inst/refresh_counter_reg[14]/C
                            (rising edge-triggered cell FDRE clocked by sys_clk_pin  {rise@0.000ns fall@5.000ns period=10.000ns})
  Destination:            an[2]
                            (output port)
  Path Group:             (none)
  Path Type:              Min at Fast Process Corner
  Data Path Delay:        2.663ns  (logic 1.461ns (54.855%)  route 1.202ns (45.145%))
  Logic Levels:           2  (LUT3=1 OBUF=1)
  Clock Uncertainty:      0.025ns  ((TSJ^2 + TIJ^2)^1/2 + DJ) / 2 + PE
    Total System Jitter     (TSJ):    0.050ns
    Total Input Jitter      (TIJ):    0.000ns
    Discrete Jitter          (DJ):    0.000ns
    Phase Error              (PE):    0.000ns

    Location             Delay type                Incr(ns)  Path(ns)    Netlist Resource(s)
  -------------------------------------------------------------------    -------------------
                         (clock sys_clk_pin rise edge)
                                                      0.000     0.000 r  
    E3                                                0.000     0.000 r  clk (IN)
                         net (fo=0)                   0.000     0.000    clk
    E3                   IBUF (Prop_ibuf_I_O)         0.250     0.250 r  clk_IBUF_inst/O
                         net (fo=1, routed)           0.644     0.894    clk_IBUF
    BUFGCTRL_X0Y16       BUFG (Prop_bufg_I_O)         0.026     0.920 r  clk_IBUF_BUFG_inst/O
                         net (fo=272, routed)         0.605     1.524    display_inst/CLK
    SLICE_X0Y97          FDRE                                         r  display_inst/refresh_counter_reg[14]/C
  -------------------------------------------------------------------    -------------------
    SLICE_X0Y97          FDRE (Prop_fdre_C_Q)         0.141     1.665 f  display_inst/refresh_counter_reg[14]/Q
                         net (fo=17, routed)          0.299     1.965    display_inst/sel0[1]
    SLICE_X2Y96          LUT3 (Prop_lut3_I1_O)        0.045     2.010 r  display_inst/an_OBUF[2]_inst_i_1/O
                         net (fo=1, routed)           0.903     2.913    an_OBUF[2]
    T9                   OBUF (Prop_obuf_I_O)         1.275     4.187 r  an_OBUF[2]_inst/O
                         net (fo=0)                   0.000     4.187    an[2]
    T9                                                                r  an[2] (OUT)
  -------------------------------------------------------------------    -------------------

Slack:                    inf
  Source:                 display_digits_reg[0]/C
                            (rising edge-triggered cell FDRE clocked by sys_clk_pin  {rise@0.000ns fall@5.000ns period=10.000ns})
  Destination:            seg[4]
                            (output port)
  Path Group:             (none)
  Path Type:              Min at Fast Process Corner
  Data Path Delay:        2.667ns  (logic 1.630ns (61.117%)  route 1.037ns (38.883%))
  Logic Levels:           4  (LUT4=1 LUT6=1 MUXF7=1 OBUF=1)
  Clock Uncertainty:      0.025ns  ((TSJ^2 + TIJ^2)^1/2 + DJ) / 2 + PE
    Total System Jitter     (TSJ):    0.050ns
    Total Input Jitter      (TIJ):    0.000ns
    Discrete Jitter          (DJ):    0.000ns
    Phase Error              (PE):    0.000ns

    Location             Delay type                Incr(ns)  Path(ns)    Netlist Resource(s)
  -------------------------------------------------------------------    -------------------
                         (clock sys_clk_pin rise edge)
                                                      0.000     0.000 r  
    E3                                                0.000     0.000 r  clk (IN)
                         net (fo=0)                   0.000     0.000    clk
    E3                   IBUF (Prop_ibuf_I_O)         0.250     0.250 r  clk_IBUF_inst/O
                         net (fo=1, routed)           0.644     0.894    clk_IBUF
    BUFGCTRL_X0Y16       BUFG (Prop_bufg_I_O)         0.026     0.920 r  clk_IBUF_BUFG_inst/O
                         net (fo=272, routed)         0.604     1.523    clk_IBUF_BUFG
    SLICE_X2Y94          FDRE                                         r  display_digits_reg[0]/C
  -------------------------------------------------------------------    -------------------
    SLICE_X2Y94          FDRE (Prop_fdre_C_Q)         0.164     1.687 r  display_digits_reg[0]/Q
                         net (fo=1, routed)           0.083     1.770    display_inst/Q[0]
    SLICE_X3Y94          LUT6 (Prop_lut6_I5_O)        0.045     1.815 r  display_inst/seg_OBUF[7]_inst_i_10/O
                         net (fo=1, routed)           0.000     1.815    display_inst/seg_OBUF[7]_inst_i_10_n_0
    SLICE_X3Y94          MUXF7 (Prop_muxf7_I0_O)      0.062     1.877 r  display_inst/seg_OBUF[7]_inst_i_4/O
                         net (fo=7, routed)           0.268     2.145    display_inst/seg_OBUF[7]_inst_i_4_n_0
    SLICE_X0Y91          LUT4 (Prop_lut4_I2_O)        0.108     2.253 r  display_inst/seg_OBUF[4]_inst_i_1/O
                         net (fo=1, routed)           0.686     2.939    seg_OBUF[4]
    K13                  OBUF (Prop_obuf_I_O)         1.251     4.190 r  seg_OBUF[4]_inst/O
                         net (fo=0)                   0.000     4.190    seg[4]
    K13                                                               r  seg[4] (OUT)
  -------------------------------------------------------------------    -------------------





--------------------------------------------------------------------------------------
Path Group:  (none)
From Clock:  
  To Clock:  sys_clk_pin

Max Delay           345 Endpoints
Min Delay           345 Endpoints
--------------------------------------------------------------------------------------


Max Delay Paths
--------------------------------------------------------------------------------------
Slack:                    inf
  Source:                 rx
                            (input port)
  Destination:            uart_rx_inst/baud_counter_reg[8]/D
                            (rising edge-triggered cell FDRE clocked by sys_clk_pin  {rise@0.000ns fall@5.000ns period=10.000ns})
  Path Group:             (none)
  Path Type:              Setup (Max at Slow Process Corner)
  Data Path Delay:        7.020ns  (logic 1.614ns (22.986%)  route 5.407ns (77.014%))
  Logic Levels:           2  (IBUF=1 LUT5=1)
  Clock Path Skew:        4.934ns (DCD - SCD + CPR)
    Destination Clock Delay (DCD):    4.934ns
    Source Clock Delay      (SCD):    0.000ns
    Clock Pessimism Removal (CPR):    0.000ns
  Clock Uncertainty:      0.025ns  ((TSJ^2 + TIJ^2)^1/2 + DJ) / 2 + PE
    Total System Jitter     (TSJ):    0.050ns
    Total Input Jitter      (TIJ):    0.000ns
    Discrete Jitter          (DJ):    0.000ns
    Phase Error              (PE):    0.000ns

    Location             Delay type                Incr(ns)  Path(ns)    Netlist Resource(s)
  -------------------------------------------------------------------    -------------------
    C4                                                0.000     0.000 r  rx (IN)
                         net (fo=0)                   0.000     0.000    rx
    C4                   IBUF (Prop_ibuf_I_O)         1.490     1.490 r  rx_IBUF_inst/O
                         net (fo=42, routed)          5.407     6.896    uart_rx_inst/rx_IBUF
    SLICE_X11Y102        LUT5 (Prop_lut5_I2_O)        0.124     7.020 r  uart_rx_inst/baud_counter[8]_i_1/O
                         net (fo=1, routed)           0.000     7.020    uart_rx_inst/baud_counter[8]_i_1_n_0
    SLICE_X11Y102        FDRE                                         r  uart_rx_inst/baud_counter_reg[8]/D
  -------------------------------------------------------------------    -------------------

                         (clock sys_clk_pin rise edge)
                                                      0.000     0.000 r  
    E3                                                0.000     0.000 r  clk (IN)
                         net (fo=0)                   0.000     0.000    clk
    E3                   IBUF (Prop_ibuf_I_O)         1.411     1.411 r  clk_IBUF_inst/O
                         net (fo=1, routed)           1.920     3.331    clk_IBUF
    BUFGCTRL_X0Y16       BUFG (Prop_bufg_I_O)         0.091     3.422 r  clk_IBUF_BUFG_inst/O
                         net (fo=272, routed)         1.512     4.934    uart_rx_inst/CLK
    SLICE_X11Y102        FDRE                                         r  uart_rx_inst/baud_counter_reg[8]/C

Slack:                    inf
  Source:                 rx
                            (input port)
  Destination:            uart_rx_inst/baud_counter_reg[2]/D
                            (rising edge-triggered cell FDRE clocked by sys_clk_pin  {rise@0.000ns fall@5.000ns period=10.000ns})
  Path Group:             (none)
  Path Type:              Setup (Max at Slow Process Corner)
  Data Path Delay:        6.864ns  (logic 1.614ns (23.511%)  route 5.250ns (76.489%))
  Logic Levels:           2  (IBUF=1 LUT5=1)
  Clock Path Skew:        4.931ns (DCD - SCD + CPR)
    Destination Clock Delay (DCD):    4.931ns
    Source Clock Delay      (SCD):    0.000ns
    Clock Pessimism Removal (CPR):    0.000ns
  Clock Uncertainty:      0.025ns  ((TSJ^2 + TIJ^2)^1/2 + DJ) / 2 + PE
    Total System Jitter     (TSJ):    0.050ns
    Total Input Jitter      (TIJ):    0.000ns
    Discrete Jitter          (DJ):    0.000ns
    Phase Error              (PE):    0.000ns

    Location             Delay type                Incr(ns)  Path(ns)    Netlist Resource(s)
  -------------------------------------------------------------------    -------------------
    C4                                                0.000     0.000 r  rx (IN)
                         net (fo=0)                   0.000     0.000    rx
    C4                   IBUF (Prop_ibuf_I_O)         1.490     1.490 r  rx_IBUF_inst/O
                         net (fo=42, routed)          5.250     6.740    uart_rx_inst/rx_IBUF
    SLICE_X9Y102         LUT5 (Prop_lut5_I2_O)        0.124     6.864 r  uart_rx_inst/baud_counter[2]_i_1/O
                         net (fo=1, routed)           0.000     6.864    uart_rx_inst/baud_counter[2]_i_1_n_0
    SLICE_X9Y102         FDRE                                         r  uart_rx_inst/baud_counter_reg[2]/D
  -------------------------------------------------------------------    -------------------

                         (clock sys_clk_pin rise edge)
                                                      0.000     0.000 r  
    E3                                                0.000     0.000 r  clk (IN)
                         net (fo=0)                   0.000     0.000    clk
    E3                   IBUF (Prop_ibuf_I_O)         1.411     1.411 r  clk_IBUF_inst/O
                         net (fo=1, routed)           1.920     3.331    clk_IBUF
    BUFGCTRL_X0Y16       BUFG (Prop_bufg_I_O)         0.091     3.422 r  clk_IBUF_BUFG_inst/O
                         net (fo=272, routed)         1.509     4.931    uart_rx_inst/CLK
    SLICE_X9Y102         FDRE                                         r  uart_rx_inst/baud_counter_reg[2]/C

Slack:                    inf
  Source:                 rx
                            (input port)
  Destination:            uart_rx_inst/baud_counter_reg[7]/D
                            (rising edge-triggered cell FDRE clocked by sys_clk_pin  {rise@0.000ns fall@5.000ns period=10.000ns})
  Path Group:             (none)
  Path Type:              Setup (Max at Slow Process Corner)
  Data Path Delay:        6.863ns  (logic 1.614ns (23.515%)  route 5.249ns (76.485%))
  Logic Levels:           2  (IBUF=1 LUT5=1)
  Clock Path Skew:        4.931ns (DCD - SCD + CPR)
    Destination Clock Delay (DCD):    4.931ns
    Source Clock Delay      (SCD):    0.000ns
    Clock Pessimism Removal (CPR):    0.000ns
  Clock Uncertainty:      0.025ns  ((TSJ^2 + TIJ^2)^1/2 + DJ) / 2 + PE
    Total System Jitter     (TSJ):    0.050ns
    Total Input Jitter      (TIJ):    0.000ns
    Discrete Jitter          (DJ):    0.000ns
    Phase Error              (PE):    0.000ns

    Location             Delay type                Incr(ns)  Path(ns)    Netlist Resource(s)
  -------------------------------------------------------------------    -------------------
    C4                                                0.000     0.000 r  rx (IN)
                         net (fo=0)                   0.000     0.000    rx
    C4                   IBUF (Prop_ibuf_I_O)         1.490     1.490 r  rx_IBUF_inst/O
                         net (fo=42, routed)          5.249     6.739    uart_rx_inst/rx_IBUF
    SLICE_X9Y102         LUT5 (Prop_lut5_I2_O)        0.124     6.863 r  uart_rx_inst/baud_counter[7]_i_1/O
                         net (fo=1, routed)           0.000     6.863    uart_rx_inst/baud_counter[7]_i_1_n_0
    SLICE_X9Y102         FDRE                                         r  uart_rx_inst/baud_counter_reg[7]/D
  -------------------------------------------------------------------    -------------------

                         (clock sys_clk_pin rise edge)
                                                      0.000     0.000 r  
    E3                                                0.000     0.000 r  clk (IN)
                         net (fo=0)                   0.000     0.000    clk
    E3                   IBUF (Prop_ibuf_I_O)         1.411     1.411 r  clk_IBUF_inst/O
                         net (fo=1, routed)           1.920     3.331    clk_IBUF
    BUFGCTRL_X0Y16       BUFG (Prop_bufg_I_O)         0.091     3.422 r  clk_IBUF_BUFG_inst/O
                         net (fo=272, routed)         1.509     4.931    uart_rx_inst/CLK
    SLICE_X9Y102         FDRE                                         r  uart_rx_inst/baud_counter_reg[7]/C

Slack:                    inf
  Source:                 rx
                            (input port)
  Destination:            uart_rx_inst/baud_counter_reg[2]/CE
                            (rising edge-triggered cell FDRE clocked by sys_clk_pin  {rise@0.000ns fall@5.000ns period=10.000ns})
  Path Group:             (none)
  Path Type:              Setup (Max at Slow Process Corner)
  Data Path Delay:        6.831ns  (logic 1.614ns (23.623%)  route 5.217ns (76.377%))
  Logic Levels:           2  (IBUF=1 LUT3=1)
  Clock Path Skew:        4.931ns (DCD - SCD + CPR)
    Destination Clock Delay (DCD):    4.931ns
    Source Clock Delay      (SCD):    0.000ns
    Clock Pessimism Removal (CPR):    0.000ns
  Clock Uncertainty:      0.025ns  ((TSJ^2 + TIJ^2)^1/2 + DJ) / 2 + PE
    Total System Jitter     (TSJ):    0.050ns
    Total Input Jitter      (TIJ):    0.000ns
    Discrete Jitter          (DJ):    0.000ns
    Phase Error              (PE):    0.000ns

    Location             Delay type                Incr(ns)  Path(ns)    Netlist Resource(s)
  -------------------------------------------------------------------    -------------------
    C4                                                0.000     0.000 f  rx (IN)
                         net (fo=0)                   0.000     0.000    rx
    C4                   IBUF (Prop_ibuf_I_O)         1.490     1.490 f  rx_IBUF_inst/O
                         net (fo=42, routed)          4.189     5.679    uart_rx_inst/rx_IBUF
    SLICE_X9Y107         LUT3 (Prop_lut3_I2_O)        0.124     5.803 r  uart_rx_inst/baud_counter[31]_i_1/O
                         net (fo=32, routed)          1.028     6.831    uart_rx_inst/baud_counter
    SLICE_X9Y102         FDRE                                         r  uart_rx_inst/baud_counter_reg[2]/CE
  -------------------------------------------------------------------    -------------------

                         (clock sys_clk_pin rise edge)
                                                      0.000     0.000 r  
    E3                                                0.000     0.000 r  clk (IN)
                         net (fo=0)                   0.000     0.000    clk
    E3                   IBUF (Prop_ibuf_I_O)         1.411     1.411 r  clk_IBUF_inst/O
                         net (fo=1, routed)           1.920     3.331    clk_IBUF
    BUFGCTRL_X0Y16       BUFG (Prop_bufg_I_O)         0.091     3.422 r  clk_IBUF_BUFG_inst/O
                         net (fo=272, routed)         1.509     4.931    uart_rx_inst/CLK
    SLICE_X9Y102         FDRE                                         r  uart_rx_inst/baud_counter_reg[2]/C

Slack:                    inf
  Source:                 rx
                            (input port)
  Destination:            uart_rx_inst/baud_counter_reg[7]/CE
                            (rising edge-triggered cell FDRE clocked by sys_clk_pin  {rise@0.000ns fall@5.000ns period=10.000ns})
  Path Group:             (none)
  Path Type:              Setup (Max at Slow Process Corner)
  Data Path Delay:        6.831ns  (logic 1.614ns (23.623%)  route 5.217ns (76.377%))
  Logic Levels:           2  (IBUF=1 LUT3=1)
  Clock Path Skew:        4.931ns (DCD - SCD + CPR)
    Destination Clock Delay (DCD):    4.931ns
    Source Clock Delay      (SCD):    0.000ns
    Clock Pessimism Removal (CPR):    0.000ns
  Clock Uncertainty:      0.025ns  ((TSJ^2 + TIJ^2)^1/2 + DJ) / 2 + PE
    Total System Jitter     (TSJ):    0.050ns
    Total Input Jitter      (TIJ):    0.000ns
    Discrete Jitter          (DJ):    0.000ns
    Phase Error              (PE):    0.000ns

    Location             Delay type                Incr(ns)  Path(ns)    Netlist Resource(s)
  -------------------------------------------------------------------    -------------------
    C4                                                0.000     0.000 f  rx (IN)
                         net (fo=0)                   0.000     0.000    rx
    C4                   IBUF (Prop_ibuf_I_O)         1.490     1.490 f  rx_IBUF_inst/O
                         net (fo=42, routed)          4.189     5.679    uart_rx_inst/rx_IBUF
    SLICE_X9Y107         LUT3 (Prop_lut3_I2_O)        0.124     5.803 r  uart_rx_inst/baud_counter[31]_i_1/O
                         net (fo=32, routed)          1.028     6.831    uart_rx_inst/baud_counter
    SLICE_X9Y102         FDRE                                         r  uart_rx_inst/baud_counter_reg[7]/CE
  -------------------------------------------------------------------    -------------------

                         (clock sys_clk_pin rise edge)
                                                      0.000     0.000 r  
    E3                                                0.000     0.000 r  clk (IN)
                         net (fo=0)                   0.000     0.000    clk
    E3                   IBUF (Prop_ibuf_I_O)         1.411     1.411 r  clk_IBUF_inst/O
                         net (fo=1, routed)           1.920     3.331    clk_IBUF
    BUFGCTRL_X0Y16       BUFG (Prop_bufg_I_O)         0.091     3.422 r  clk_IBUF_BUFG_inst/O
                         net (fo=272, routed)         1.509     4.931    uart_rx_inst/CLK
    SLICE_X9Y102         FDRE                                         r  uart_rx_inst/baud_counter_reg[7]/C

Slack:                    inf
  Source:                 rx
                            (input port)
  Destination:            uart_rx_inst/baud_counter_reg[1]/CE
                            (rising edge-triggered cell FDRE clocked by sys_clk_pin  {rise@0.000ns fall@5.000ns period=10.000ns})
  Path Group:             (none)
  Path Type:              Setup (Max at Slow Process Corner)
  Data Path Delay:        6.817ns  (logic 1.614ns (23.672%)  route 5.203ns (76.328%))
  Logic Levels:           2  (IBUF=1 LUT3=1)
  Clock Path Skew:        4.934ns (DCD - SCD + CPR)
    Destination Clock Delay (DCD):    4.934ns
    Source Clock Delay      (SCD):    0.000ns
    Clock Pessimism Removal (CPR):    0.000ns
  Clock Uncertainty:      0.025ns  ((TSJ^2 + TIJ^2)^1/2 + DJ) / 2 + PE
    Total System Jitter     (TSJ):    0.050ns
    Total Input Jitter      (TIJ):    0.000ns
    Discrete Jitter          (DJ):    0.000ns
    Phase Error              (PE):    0.000ns

    Location             Delay type                Incr(ns)  Path(ns)    Netlist Resource(s)
  -------------------------------------------------------------------    -------------------
    C4                                                0.000     0.000 f  rx (IN)
                         net (fo=0)                   0.000     0.000    rx
    C4                   IBUF (Prop_ibuf_I_O)         1.490     1.490 f  rx_IBUF_inst/O
                         net (fo=42, routed)          4.189     5.679    uart_rx_inst/rx_IBUF
    SLICE_X9Y107         LUT3 (Prop_lut3_I2_O)        0.124     5.803 r  uart_rx_inst/baud_counter[31]_i_1/O
                         net (fo=32, routed)          1.014     6.817    uart_rx_inst/baud_counter
    SLICE_X11Y101        FDRE                                         r  uart_rx_inst/baud_counter_reg[1]/CE
  -------------------------------------------------------------------    -------------------

                         (clock sys_clk_pin rise edge)
                                                      0.000     0.000 r  
    E3                                                0.000     0.000 r  clk (IN)
                         net (fo=0)                   0.000     0.000    clk
    E3                   IBUF (Prop_ibuf_I_O)         1.411     1.411 r  clk_IBUF_inst/O
                         net (fo=1, routed)           1.920     3.331    clk_IBUF
    BUFGCTRL_X0Y16       BUFG (Prop_bufg_I_O)         0.091     3.422 r  clk_IBUF_BUFG_inst/O
                         net (fo=272, routed)         1.512     4.934    uart_rx_inst/CLK
    SLICE_X11Y101        FDRE                                         r  uart_rx_inst/baud_counter_reg[1]/C

Slack:                    inf
  Source:                 rx
                            (input port)
  Destination:            uart_rx_inst/baud_counter_reg[3]/CE
                            (rising edge-triggered cell FDRE clocked by sys_clk_pin  {rise@0.000ns fall@5.000ns period=10.000ns})
  Path Group:             (none)
  Path Type:              Setup (Max at Slow Process Corner)
  Data Path Delay:        6.817ns  (logic 1.614ns (23.672%)  route 5.203ns (76.328%))
  Logic Levels:           2  (IBUF=1 LUT3=1)
  Clock Path Skew:        4.934ns (DCD - SCD + CPR)
    Destination Clock Delay (DCD):    4.934ns
    Source Clock Delay      (SCD):    0.000ns
    Clock Pessimism Removal (CPR):    0.000ns
  Clock Uncertainty:      0.025ns  ((TSJ^2 + TIJ^2)^1/2 + DJ) / 2 + PE
    Total System Jitter     (TSJ):    0.050ns
    Total Input Jitter      (TIJ):    0.000ns
    Discrete Jitter          (DJ):    0.000ns
    Phase Error              (PE):    0.000ns

    Location             Delay type                Incr(ns)  Path(ns)    Netlist Resource(s)
  -------------------------------------------------------------------    -------------------
    C4                                                0.000     0.000 f  rx (IN)
                         net (fo=0)                   0.000     0.000    rx
    C4                   IBUF (Prop_ibuf_I_O)         1.490     1.490 f  rx_IBUF_inst/O
                         net (fo=42, routed)          4.189     5.679    uart_rx_inst/rx_IBUF
    SLICE_X9Y107         LUT3 (Prop_lut3_I2_O)        0.124     5.803 r  uart_rx_inst/baud_counter[31]_i_1/O
                         net (fo=32, routed)          1.014     6.817    uart_rx_inst/baud_counter
    SLICE_X11Y101        FDRE                                         r  uart_rx_inst/baud_counter_reg[3]/CE
  -------------------------------------------------------------------    -------------------

                         (clock sys_clk_pin rise edge)
                                                      0.000     0.000 r  
    E3                                                0.000     0.000 r  clk (IN)
                         net (fo=0)                   0.000     0.000    clk
    E3                   IBUF (Prop_ibuf_I_O)         1.411     1.411 r  clk_IBUF_inst/O
                         net (fo=1, routed)           1.920     3.331    clk_IBUF
    BUFGCTRL_X0Y16       BUFG (Prop_bufg_I_O)         0.091     3.422 r  clk_IBUF_BUFG_inst/O
                         net (fo=272, routed)         1.512     4.934    uart_rx_inst/CLK
    SLICE_X11Y101        FDRE                                         r  uart_rx_inst/baud_counter_reg[3]/C

Slack:                    inf
  Source:                 rx
                            (input port)
  Destination:            uart_rx_inst/baud_counter_reg[4]/CE
                            (rising edge-triggered cell FDRE clocked by sys_clk_pin  {rise@0.000ns fall@5.000ns period=10.000ns})
  Path Group:             (none)
  Path Type:              Setup (Max at Slow Process Corner)
  Data Path Delay:        6.817ns  (logic 1.614ns (23.672%)  route 5.203ns (76.328%))
  Logic Levels:           2  (IBUF=1 LUT3=1)
  Clock Path Skew:        4.934ns (DCD - SCD + CPR)
    Destination Clock Delay (DCD):    4.934ns
    Source Clock Delay      (SCD):    0.000ns
    Clock Pessimism Removal (CPR):    0.000ns
  Clock Uncertainty:      0.025ns  ((TSJ^2 + TIJ^2)^1/2 + DJ) / 2 + PE
    Total System Jitter     (TSJ):    0.050ns
    Total Input Jitter      (TIJ):    0.000ns
    Discrete Jitter          (DJ):    0.000ns
    Phase Error              (PE):    0.000ns

    Location             Delay type                Incr(ns)  Path(ns)    Netlist Resource(s)
  -------------------------------------------------------------------    -------------------
    C4                                                0.000     0.000 f  rx (IN)
                         net (fo=0)                   0.000     0.000    rx
    C4                   IBUF (Prop_ibuf_I_O)         1.490     1.490 f  rx_IBUF_inst/O
                         net (fo=42, routed)          4.189     5.679    uart_rx_inst/rx_IBUF
    SLICE_X9Y107         LUT3 (Prop_lut3_I2_O)        0.124     5.803 r  uart_rx_inst/baud_counter[31]_i_1/O
                         net (fo=32, routed)          1.014     6.817    uart_rx_inst/baud_counter
    SLICE_X11Y101        FDRE                                         r  uart_rx_inst/baud_counter_reg[4]/CE
  -------------------------------------------------------------------    -------------------

                         (clock sys_clk_pin rise edge)
                                                      0.000     0.000 r  
    E3                                                0.000     0.000 r  clk (IN)
                         net (fo=0)                   0.000     0.000    clk
    E3                   IBUF (Prop_ibuf_I_O)         1.411     1.411 r  clk_IBUF_inst/O
                         net (fo=1, routed)           1.920     3.331    clk_IBUF
    BUFGCTRL_X0Y16       BUFG (Prop_bufg_I_O)         0.091     3.422 r  clk_IBUF_BUFG_inst/O
                         net (fo=272, routed)         1.512     4.934    uart_rx_inst/CLK
    SLICE_X11Y101        FDRE                                         r  uart_rx_inst/baud_counter_reg[4]/C

Slack:                    inf
  Source:                 rx
                            (input port)
  Destination:            uart_rx_inst/baud_counter_reg[11]/CE
                            (rising edge-triggered cell FDRE clocked by sys_clk_pin  {rise@0.000ns fall@5.000ns period=10.000ns})
  Path Group:             (none)
  Path Type:              Setup (Max at Slow Process Corner)
  Data Path Delay:        6.815ns  (logic 1.614ns (23.679%)  route 5.201ns (76.321%))
  Logic Levels:           2  (IBUF=1 LUT3=1)
  Clock Path Skew:        4.933ns (DCD - SCD + CPR)
    Destination Clock Delay (DCD):    4.933ns
    Source Clock Delay      (SCD):    0.000ns
    Clock Pessimism Removal (CPR):    0.000ns
  Clock Uncertainty:      0.025ns  ((TSJ^2 + TIJ^2)^1/2 + DJ) / 2 + PE
    Total System Jitter     (TSJ):    0.050ns
    Total Input Jitter      (TIJ):    0.000ns
    Discrete Jitter          (DJ):    0.000ns
    Phase Error              (PE):    0.000ns

    Location             Delay type                Incr(ns)  Path(ns)    Netlist Resource(s)
  -------------------------------------------------------------------    -------------------
    C4                                                0.000     0.000 f  rx (IN)
                         net (fo=0)                   0.000     0.000    rx
    C4                   IBUF (Prop_ibuf_I_O)         1.490     1.490 f  rx_IBUF_inst/O
                         net (fo=42, routed)          4.189     5.679    uart_rx_inst/rx_IBUF
    SLICE_X9Y107         LUT3 (Prop_lut3_I2_O)        0.124     5.803 r  uart_rx_inst/baud_counter[31]_i_1/O
                         net (fo=32, routed)          1.012     6.815    uart_rx_inst/baud_counter
    SLICE_X11Y104        FDRE                                         r  uart_rx_inst/baud_counter_reg[11]/CE
  -------------------------------------------------------------------    -------------------

                         (clock sys_clk_pin rise edge)
                                                      0.000     0.000 r  
    E3                                                0.000     0.000 r  clk (IN)
                         net (fo=0)                   0.000     0.000    clk
    E3                   IBUF (Prop_ibuf_I_O)         1.411     1.411 r  clk_IBUF_inst/O
                         net (fo=1, routed)           1.920     3.331    clk_IBUF
    BUFGCTRL_X0Y16       BUFG (Prop_bufg_I_O)         0.091     3.422 r  clk_IBUF_BUFG_inst/O
                         net (fo=272, routed)         1.511     4.933    uart_rx_inst/CLK
    SLICE_X11Y104        FDRE                                         r  uart_rx_inst/baud_counter_reg[11]/C

Slack:                    inf
  Source:                 rx
                            (input port)
  Destination:            uart_rx_inst/baud_counter_reg[13]/CE
                            (rising edge-triggered cell FDRE clocked by sys_clk_pin  {rise@0.000ns fall@5.000ns period=10.000ns})
  Path Group:             (none)
  Path Type:              Setup (Max at Slow Process Corner)
  Data Path Delay:        6.815ns  (logic 1.614ns (23.679%)  route 5.201ns (76.321%))
  Logic Levels:           2  (IBUF=1 LUT3=1)
  Clock Path Skew:        4.933ns (DCD - SCD + CPR)
    Destination Clock Delay (DCD):    4.933ns
    Source Clock Delay      (SCD):    0.000ns
    Clock Pessimism Removal (CPR):    0.000ns
  Clock Uncertainty:      0.025ns  ((TSJ^2 + TIJ^2)^1/2 + DJ) / 2 + PE
    Total System Jitter     (TSJ):    0.050ns
    Total Input Jitter      (TIJ):    0.000ns
    Discrete Jitter          (DJ):    0.000ns
    Phase Error              (PE):    0.000ns

    Location             Delay type                Incr(ns)  Path(ns)    Netlist Resource(s)
  -------------------------------------------------------------------    -------------------
    C4                                                0.000     0.000 f  rx (IN)
                         net (fo=0)                   0.000     0.000    rx
    C4                   IBUF (Prop_ibuf_I_O)         1.490     1.490 f  rx_IBUF_inst/O
                         net (fo=42, routed)          4.189     5.679    uart_rx_inst/rx_IBUF
    SLICE_X9Y107         LUT3 (Prop_lut3_I2_O)        0.124     5.803 r  uart_rx_inst/baud_counter[31]_i_1/O
                         net (fo=32, routed)          1.012     6.815    uart_rx_inst/baud_counter
    SLICE_X11Y104        FDRE                                         r  uart_rx_inst/baud_counter_reg[13]/CE
  -------------------------------------------------------------------    -------------------

                         (clock sys_clk_pin rise edge)
                                                      0.000     0.000 r  
    E3                                                0.000     0.000 r  clk (IN)
                         net (fo=0)                   0.000     0.000    clk
    E3                   IBUF (Prop_ibuf_I_O)         1.411     1.411 r  clk_IBUF_inst/O
                         net (fo=1, routed)           1.920     3.331    clk_IBUF
    BUFGCTRL_X0Y16       BUFG (Prop_bufg_I_O)         0.091     3.422 r  clk_IBUF_BUFG_inst/O
                         net (fo=272, routed)         1.511     4.933    uart_rx_inst/CLK
    SLICE_X11Y104        FDRE                                         r  uart_rx_inst/baud_counter_reg[13]/C





Min Delay Paths
--------------------------------------------------------------------------------------
Slack:                    inf
  Source:                 result_sw
                            (input port)
  Destination:            display_digits_reg[29]/CE
                            (rising edge-triggered cell FDRE clocked by sys_clk_pin  {rise@0.000ns fall@5.000ns period=10.000ns})
  Path Group:             (none)
  Path Type:              Hold (Min at Fast Process Corner)
  Data Path Delay:        0.691ns  (logic 0.245ns (35.501%)  route 0.446ns (64.499%))
  Logic Levels:           1  (IBUF=1)
  Clock Path Skew:        2.042ns (DCD - SCD - CPR)
    Destination Clock Delay (DCD):    2.042ns
    Source Clock Delay      (SCD):    0.000ns
    Clock Pessimism Removal (CPR):    -0.000ns

    Location             Delay type                Incr(ns)  Path(ns)    Netlist Resource(s)
  -------------------------------------------------------------------    -------------------
    J15                                               0.000     0.000 r  result_sw (IN)
                         net (fo=0)                   0.000     0.000    result_sw
    J15                  IBUF (Prop_ibuf_I_O)         0.245     0.245 r  result_sw_IBUF_inst/O
                         net (fo=28, routed)          0.446     0.691    result_sw_IBUF
    SLICE_X2Y95          FDRE                                         r  display_digits_reg[29]/CE
  -------------------------------------------------------------------    -------------------

                         (clock sys_clk_pin rise edge)
                                                      0.000     0.000 r  
    E3                                                0.000     0.000 r  clk (IN)
                         net (fo=0)                   0.000     0.000    clk
    E3                   IBUF (Prop_ibuf_I_O)         0.438     0.438 r  clk_IBUF_inst/O
                         net (fo=1, routed)           0.699     1.136    clk_IBUF
    BUFGCTRL_X0Y16       BUFG (Prop_bufg_I_O)         0.029     1.165 r  clk_IBUF_BUFG_inst/O
                         net (fo=272, routed)         0.877     2.042    clk_IBUF_BUFG
    SLICE_X2Y95          FDRE                                         r  display_digits_reg[29]/C

Slack:                    inf
  Source:                 result_sw
                            (input port)
  Destination:            display_digits_reg[31]/CE
                            (rising edge-triggered cell FDRE clocked by sys_clk_pin  {rise@0.000ns fall@5.000ns period=10.000ns})
  Path Group:             (none)
  Path Type:              Hold (Min at Fast Process Corner)
  Data Path Delay:        0.691ns  (logic 0.245ns (35.501%)  route 0.446ns (64.499%))
  Logic Levels:           1  (IBUF=1)
  Clock Path Skew:        2.042ns (DCD - SCD - CPR)
    Destination Clock Delay (DCD):    2.042ns
    Source Clock Delay      (SCD):    0.000ns
    Clock Pessimism Removal (CPR):    -0.000ns

    Location             Delay type                Incr(ns)  Path(ns)    Netlist Resource(s)
  -------------------------------------------------------------------    -------------------
    J15                                               0.000     0.000 r  result_sw (IN)
                         net (fo=0)                   0.000     0.000    result_sw
    J15                  IBUF (Prop_ibuf_I_O)         0.245     0.245 r  result_sw_IBUF_inst/O
                         net (fo=28, routed)          0.446     0.691    result_sw_IBUF
    SLICE_X3Y95          FDRE                                         r  display_digits_reg[31]/CE
  -------------------------------------------------------------------    -------------------

                         (clock sys_clk_pin rise edge)
                                                      0.000     0.000 r  
    E3                                                0.000     0.000 r  clk (IN)
                         net (fo=0)                   0.000     0.000    clk
    E3                   IBUF (Prop_ibuf_I_O)         0.438     0.438 r  clk_IBUF_inst/O
                         net (fo=1, routed)           0.699     1.136    clk_IBUF
    BUFGCTRL_X0Y16       BUFG (Prop_bufg_I_O)         0.029     1.165 r  clk_IBUF_BUFG_inst/O
                         net (fo=272, routed)         0.877     2.042    clk_IBUF_BUFG
    SLICE_X3Y95          FDRE                                         r  display_digits_reg[31]/C

Slack:                    inf
  Source:                 result_sw
                            (input port)
  Destination:            display_digits_reg[4]/CE
                            (rising edge-triggered cell FDRE clocked by sys_clk_pin  {rise@0.000ns fall@5.000ns period=10.000ns})
  Path Group:             (none)
  Path Type:              Hold (Min at Fast Process Corner)
  Data Path Delay:        0.691ns  (logic 0.245ns (35.501%)  route 0.446ns (64.499%))
  Logic Levels:           1  (IBUF=1)
  Clock Path Skew:        2.042ns (DCD - SCD - CPR)
    Destination Clock Delay (DCD):    2.042ns
    Source Clock Delay      (SCD):    0.000ns
    Clock Pessimism Removal (CPR):    -0.000ns

    Location             Delay type                Incr(ns)  Path(ns)    Netlist Resource(s)
  -------------------------------------------------------------------    -------------------
    J15                                               0.000     0.000 r  result_sw (IN)
                         net (fo=0)                   0.000     0.000    result_sw
    J15                  IBUF (Prop_ibuf_I_O)         0.245     0.245 r  result_sw_IBUF_inst/O
                         net (fo=28, routed)          0.446     0.691    result_sw_IBUF
    SLICE_X3Y95          FDRE                                         r  display_digits_reg[4]/CE
  -------------------------------------------------------------------    -------------------

                         (clock sys_clk_pin rise edge)
                                                      0.000     0.000 r  
    E3                                                0.000     0.000 r  clk (IN)
                         net (fo=0)                   0.000     0.000    clk
    E3                   IBUF (Prop_ibuf_I_O)         0.438     0.438 r  clk_IBUF_inst/O
                         net (fo=1, routed)           0.699     1.136    clk_IBUF
    BUFGCTRL_X0Y16       BUFG (Prop_bufg_I_O)         0.029     1.165 r  clk_IBUF_BUFG_inst/O
                         net (fo=272, routed)         0.877     2.042    clk_IBUF_BUFG
    SLICE_X3Y95          FDRE                                         r  display_digits_reg[4]/C

Slack:                    inf
  Source:                 result_sw
                            (input port)
  Destination:            display_digits_reg[5]/CE
                            (rising edge-triggered cell FDRE clocked by sys_clk_pin  {rise@0.000ns fall@5.000ns period=10.000ns})
  Path Group:             (none)
  Path Type:              Hold (Min at Fast Process Corner)
  Data Path Delay:        0.691ns  (logic 0.245ns (35.501%)  route 0.446ns (64.499%))
  Logic Levels:           1  (IBUF=1)
  Clock Path Skew:        2.042ns (DCD - SCD - CPR)
    Destination Clock Delay (DCD):    2.042ns
    Source Clock Delay      (SCD):    0.000ns
    Clock Pessimism Removal (CPR):    -0.000ns

    Location             Delay type                Incr(ns)  Path(ns)    Netlist Resource(s)
  -------------------------------------------------------------------    -------------------
    J15                                               0.000     0.000 r  result_sw (IN)
                         net (fo=0)                   0.000     0.000    result_sw
    J15                  IBUF (Prop_ibuf_I_O)         0.245     0.245 r  result_sw_IBUF_inst/O
                         net (fo=28, routed)          0.446     0.691    result_sw_IBUF
    SLICE_X2Y95          FDRE                                         r  display_digits_reg[5]/CE
  -------------------------------------------------------------------    -------------------

                         (clock sys_clk_pin rise edge)
                                                      0.000     0.000 r  
    E3                                                0.000     0.000 r  clk (IN)
                         net (fo=0)                   0.000     0.000    clk
    E3                   IBUF (Prop_ibuf_I_O)         0.438     0.438 r  clk_IBUF_inst/O
                         net (fo=1, routed)           0.699     1.136    clk_IBUF
    BUFGCTRL_X0Y16       BUFG (Prop_bufg_I_O)         0.029     1.165 r  clk_IBUF_BUFG_inst/O
                         net (fo=272, routed)         0.877     2.042    clk_IBUF_BUFG
    SLICE_X2Y95          FDRE                                         r  display_digits_reg[5]/C

Slack:                    inf
  Source:                 result_sw
                            (input port)
  Destination:            display_digits_reg[7]/CE
                            (rising edge-triggered cell FDRE clocked by sys_clk_pin  {rise@0.000ns fall@5.000ns period=10.000ns})
  Path Group:             (none)
  Path Type:              Hold (Min at Fast Process Corner)
  Data Path Delay:        0.691ns  (logic 0.245ns (35.501%)  route 0.446ns (64.499%))
  Logic Levels:           1  (IBUF=1)
  Clock Path Skew:        2.042ns (DCD - SCD - CPR)
    Destination Clock Delay (DCD):    2.042ns
    Source Clock Delay      (SCD):    0.000ns
    Clock Pessimism Removal (CPR):    -0.000ns

    Location             Delay type                Incr(ns)  Path(ns)    Netlist Resource(s)
  -------------------------------------------------------------------    -------------------
    J15                                               0.000     0.000 r  result_sw (IN)
                         net (fo=0)                   0.000     0.000    result_sw
    J15                  IBUF (Prop_ibuf_I_O)         0.245     0.245 r  result_sw_IBUF_inst/O
                         net (fo=28, routed)          0.446     0.691    result_sw_IBUF
    SLICE_X3Y95          FDRE                                         r  display_digits_reg[7]/CE
  -------------------------------------------------------------------    -------------------

                         (clock sys_clk_pin rise edge)
                                                      0.000     0.000 r  
    E3                                                0.000     0.000 r  clk (IN)
                         net (fo=0)                   0.000     0.000    clk
    E3                   IBUF (Prop_ibuf_I_O)         0.438     0.438 r  clk_IBUF_inst/O
                         net (fo=1, routed)           0.699     1.136    clk_IBUF
    BUFGCTRL_X0Y16       BUFG (Prop_bufg_I_O)         0.029     1.165 r  clk_IBUF_BUFG_inst/O
                         net (fo=272, routed)         0.877     2.042    clk_IBUF_BUFG
    SLICE_X3Y95          FDRE                                         r  display_digits_reg[7]/C

Slack:                    inf
  Source:                 result_sw
                            (input port)
  Destination:            display_digits_reg[12]/CE
                            (rising edge-triggered cell FDRE clocked by sys_clk_pin  {rise@0.000ns fall@5.000ns period=10.000ns})
  Path Group:             (none)
  Path Type:              Hold (Min at Fast Process Corner)
  Data Path Delay:        0.754ns  (logic 0.245ns (32.547%)  route 0.509ns (67.453%))
  Logic Levels:           1  (IBUF=1)
  Clock Path Skew:        2.042ns (DCD - SCD - CPR)
    Destination Clock Delay (DCD):    2.042ns
    Source Clock Delay      (SCD):    0.000ns
    Clock Pessimism Removal (CPR):    -0.000ns

    Location             Delay type                Incr(ns)  Path(ns)    Netlist Resource(s)
  -------------------------------------------------------------------    -------------------
    J15                                               0.000     0.000 r  result_sw (IN)
                         net (fo=0)                   0.000     0.000    result_sw
    J15                  IBUF (Prop_ibuf_I_O)         0.245     0.245 r  result_sw_IBUF_inst/O
                         net (fo=28, routed)          0.509     0.754    result_sw_IBUF
    SLICE_X3Y94          FDRE                                         r  display_digits_reg[12]/CE
  -------------------------------------------------------------------    -------------------

                         (clock sys_clk_pin rise edge)
                                                      0.000     0.000 r  
    E3                                                0.000     0.000 r  clk (IN)
                         net (fo=0)                   0.000     0.000    clk
    E3                   IBUF (Prop_ibuf_I_O)         0.438     0.438 r  clk_IBUF_inst/O
                         net (fo=1, routed)           0.699     1.136    clk_IBUF
    BUFGCTRL_X0Y16       BUFG (Prop_bufg_I_O)         0.029     1.165 r  clk_IBUF_BUFG_inst/O
                         net (fo=272, routed)         0.877     2.042    clk_IBUF_BUFG
    SLICE_X3Y94          FDRE                                         r  display_digits_reg[12]/C

Slack:                    inf
  Source:                 result_sw
                            (input port)
  Destination:            display_digits_reg[14]/CE
                            (rising edge-triggered cell FDRE clocked by sys_clk_pin  {rise@0.000ns fall@5.000ns period=10.000ns})
  Path Group:             (none)
  Path Type:              Hold (Min at Fast Process Corner)
  Data Path Delay:        0.754ns  (logic 0.245ns (32.547%)  route 0.509ns (67.453%))
  Logic Levels:           1  (IBUF=1)
  Clock Path Skew:        2.042ns (DCD - SCD - CPR)
    Destination Clock Delay (DCD):    2.042ns
    Source Clock Delay      (SCD):    0.000ns
    Clock Pessimism Removal (CPR):    -0.000ns

    Location             Delay type                Incr(ns)  Path(ns)    Netlist Resource(s)
  -------------------------------------------------------------------    -------------------
    J15                                               0.000     0.000 r  result_sw (IN)
                         net (fo=0)                   0.000     0.000    result_sw
    J15                  IBUF (Prop_ibuf_I_O)         0.245     0.245 r  result_sw_IBUF_inst/O
                         net (fo=28, routed)          0.509     0.754    result_sw_IBUF
    SLICE_X3Y94          FDRE                                         r  display_digits_reg[14]/CE
  -------------------------------------------------------------------    -------------------

                         (clock sys_clk_pin rise edge)
                                                      0.000     0.000 r  
    E3                                                0.000     0.000 r  clk (IN)
                         net (fo=0)                   0.000     0.000    clk
    E3                   IBUF (Prop_ibuf_I_O)         0.438     0.438 r  clk_IBUF_inst/O
                         net (fo=1, routed)           0.699     1.136    clk_IBUF
    BUFGCTRL_X0Y16       BUFG (Prop_bufg_I_O)         0.029     1.165 r  clk_IBUF_BUFG_inst/O
                         net (fo=272, routed)         0.877     2.042    clk_IBUF_BUFG
    SLICE_X3Y94          FDRE                                         r  display_digits_reg[14]/C

Slack:                    inf
  Source:                 result_sw
                            (input port)
  Destination:            display_digits_reg[24]/CE
                            (rising edge-triggered cell FDRE clocked by sys_clk_pin  {rise@0.000ns fall@5.000ns period=10.000ns})
  Path Group:             (none)
  Path Type:              Hold (Min at Fast Process Corner)
  Data Path Delay:        0.754ns  (logic 0.245ns (32.547%)  route 0.509ns (67.453%))
  Logic Levels:           1  (IBUF=1)
  Clock Path Skew:        2.042ns (DCD - SCD - CPR)
    Destination Clock Delay (DCD):    2.042ns
    Source Clock Delay      (SCD):    0.000ns
    Clock Pessimism Removal (CPR):    -0.000ns

    Location             Delay type                Incr(ns)  Path(ns)    Netlist Resource(s)
  -------------------------------------------------------------------    -------------------
    J15                                               0.000     0.000 r  result_sw (IN)
                         net (fo=0)                   0.000     0.000    result_sw
    J15                  IBUF (Prop_ibuf_I_O)         0.245     0.245 r  result_sw_IBUF_inst/O
                         net (fo=28, routed)          0.509     0.754    result_sw_IBUF
    SLICE_X3Y94          FDRE                                         r  display_digits_reg[24]/CE
  -------------------------------------------------------------------    -------------------

                         (clock sys_clk_pin rise edge)
                                                      0.000     0.000 r  
    E3                                                0.000     0.000 r  clk (IN)
                         net (fo=0)                   0.000     0.000    clk
    E3                   IBUF (Prop_ibuf_I_O)         0.438     0.438 r  clk_IBUF_inst/O
                         net (fo=1, routed)           0.699     1.136    clk_IBUF
    BUFGCTRL_X0Y16       BUFG (Prop_bufg_I_O)         0.029     1.165 r  clk_IBUF_BUFG_inst/O
                         net (fo=272, routed)         0.877     2.042    clk_IBUF_BUFG
    SLICE_X3Y94          FDRE                                         r  display_digits_reg[24]/C

Slack:                    inf
  Source:                 result_sw
                            (input port)
  Destination:            display_digits_reg[8]/CE
                            (rising edge-triggered cell FDRE clocked by sys_clk_pin  {rise@0.000ns fall@5.000ns period=10.000ns})
  Path Group:             (none)
  Path Type:              Hold (Min at Fast Process Corner)
  Data Path Delay:        0.754ns  (logic 0.245ns (32.547%)  route 0.509ns (67.453%))
  Logic Levels:           1  (IBUF=1)
  Clock Path Skew:        2.042ns (DCD - SCD - CPR)
    Destination Clock Delay (DCD):    2.042ns
    Source Clock Delay      (SCD):    0.000ns
    Clock Pessimism Removal (CPR):    -0.000ns

    Location             Delay type                Incr(ns)  Path(ns)    Netlist Resource(s)
  -------------------------------------------------------------------    -------------------
    J15                                               0.000     0.000 r  result_sw (IN)
                         net (fo=0)                   0.000     0.000    result_sw
    J15                  IBUF (Prop_ibuf_I_O)         0.245     0.245 r  result_sw_IBUF_inst/O
                         net (fo=28, routed)          0.509     0.754    result_sw_IBUF
    SLICE_X3Y94          FDRE                                         r  display_digits_reg[8]/CE
  -------------------------------------------------------------------    -------------------

                         (clock sys_clk_pin rise edge)
                                                      0.000     0.000 r  
    E3                                                0.000     0.000 r  clk (IN)
                         net (fo=0)                   0.000     0.000    clk
    E3                   IBUF (Prop_ibuf_I_O)         0.438     0.438 r  clk_IBUF_inst/O
                         net (fo=1, routed)           0.699     1.136    clk_IBUF
    BUFGCTRL_X0Y16       BUFG (Prop_bufg_I_O)         0.029     1.165 r  clk_IBUF_BUFG_inst/O
                         net (fo=272, routed)         0.877     2.042    clk_IBUF_BUFG
    SLICE_X3Y94          FDRE                                         r  display_digits_reg[8]/C

Slack:                    inf
  Source:                 result_sw
                            (input port)
  Destination:            display_digits_reg[1]/CE
                            (rising edge-triggered cell FDRE clocked by sys_clk_pin  {rise@0.000ns fall@5.000ns period=10.000ns})
  Path Group:             (none)
  Path Type:              Hold (Min at Fast Process Corner)
  Data Path Delay:        0.817ns  (logic 0.245ns (30.047%)  route 0.571ns (69.953%))
  Logic Levels:           1  (IBUF=1)
  Clock Path Skew:        2.042ns (DCD - SCD - CPR)
    Destination Clock Delay (DCD):    2.042ns
    Source Clock Delay      (SCD):    0.000ns
    Clock Pessimism Removal (CPR):    -0.000ns

    Location             Delay type                Incr(ns)  Path(ns)    Netlist Resource(s)
  -------------------------------------------------------------------    -------------------
    J15                                               0.000     0.000 r  result_sw (IN)
                         net (fo=0)                   0.000     0.000    result_sw
    J15                  IBUF (Prop_ibuf_I_O)         0.245     0.245 r  result_sw_IBUF_inst/O
                         net (fo=28, routed)          0.571     0.817    result_sw_IBUF
    SLICE_X3Y93          FDRE                                         r  display_digits_reg[1]/CE
  -------------------------------------------------------------------    -------------------

                         (clock sys_clk_pin rise edge)
                                                      0.000     0.000 r  
    E3                                                0.000     0.000 r  clk (IN)
                         net (fo=0)                   0.000     0.000    clk
    E3                   IBUF (Prop_ibuf_I_O)         0.438     0.438 r  clk_IBUF_inst/O
                         net (fo=1, routed)           0.699     1.136    clk_IBUF
    BUFGCTRL_X0Y16       BUFG (Prop_bufg_I_O)         0.029     1.165 r  clk_IBUF_BUFG_inst/O
                         net (fo=272, routed)         0.877     2.042    clk_IBUF_BUFG
    SLICE_X3Y93          FDRE                                         r  display_digits_reg[1]/C





